RUN_START_LOCAL 2026-08-22T21:40:31-0700
COMMAND lake clean
real 3.18
user 0.21
sys 1.98
EXIT_CODE 0
COMMAND lake build
✔ [5/53] Built Batteries.Control.ForInStep.Basic (398ms)
✔ [6/53] Built Batteries.Lean.Syntax (395ms)
✔ [7/74] Built Batteries.Lean.Position (481ms)
✔ [8/74] Built Batteries.Lean.Meta.Inaccessible (502ms)
✔ [21/107] Built Batteries.Tactic.Unreachable (554ms)
✔ [22/111] Built Batteries.Control.ForInStep.Lemmas (343ms)
✔ [23/113] Built Batteries.CodeAction.Deprecated (774ms)
✔ [24/113] Built Batteries.Tactic.Lint.Basic (792ms)
✔ [25/113] Built Mathlib.Tactic.Linter.DirectoryDependency (1.0s)
✔ [26/113] Built Batteries.Control.Lemmas (453ms)
✔ [27/115] Built Batteries.Util.LibraryNote (623ms)
✔ [28/115] Built Batteries.Lean.NameMapAttribute (537ms)
✔ [29/119] Built Batteries.Util.ExtendedBinder (722ms)
✔ [30/123] Built Batteries.Tactic.OpenPrivate (860ms)
✔ [31/127] Built Batteries.Tactic.Lint.TypeClass (527ms)
✔ [32/127] Built Batteries.Tactic.Lint.Misc (742ms)
✔ [33/127] Built Batteries.Control.LawfulMonadState (954ms)
✔ [34/127] Built Batteries.Tactic.Init (802ms)
✔ [35/127] Built Batteries.Tactic.Alias (1.4s)
✔ [36/127] Built Batteries.Tactic.Lint.Frontend (1.3s)
✔ [37/127] Built Batteries.Tactic.Trans (1.6s)
✔ [38/127] Built Batteries.Control.OptionT (432ms)
✔ [39/140] Built Mathlib.Tactic.Linter.Header (1.2s)
✔ [40/140] Built Batteries.Tactic.Lint.Simp (825ms)
✔ [47/140] Built Batteries.Tactic.HelpCmd (1.6s)
✔ [48/140] Built Batteries.Lean.Meta.Basic (636ms)
✔ [49/140] Built Batteries.Tactic.Lint (719ms)
✔ [50/140] Built Batteries.Logic (796ms)
✔ [51/140] Built Batteries.Control.AlternativeMonad (879ms)
✔ [52/140] Built Batteries.Tactic.PermuteGoals (722ms)
✔ [53/140] Built Mathlib.Util.CodeActions.BinderPlicity (834ms)
✔ [54/140] Built Mathlib.Tactic.TypeStar (524ms)
✔ [55/140] Built Batteries.Data.Array.Merge (1.2s)
✔ [56/140] Built Mathlib.Util.ParseCommand (680ms)
✔ [57/140] Built Mathlib.Tactic.DeclarationNames (735ms)
✔ [58/140] Built Mathlib.Tactic.MinImports (858ms)
✔ [59/140] Built Mathlib.Lean.Environment (385ms)
✔ [60/140] Built Mathlib.Tactic.Linter.PrivateModule (599ms)
✔ [61/140] Built Mathlib.Tactic.Linter.TacticDocumentation (694ms)
✔ [62/140] Built Mathlib.Tactic.Linter.UnusedTacticExtension (839ms)
✔ [63/140] Built Mathlib.Tactic.Linter.Whitespace (1.2s)
✔ [64/140] Built Mathlib.Tactic.Linter.OldObtain (527ms)
✔ [65/140] Built Batteries.Util.ProofWanted (2.6s)
✔ [66/140] Built Mathlib.Lean.Elab.Tactic.Meta (599ms)
✔ [67/140] Built Mathlib.Tactic.Linter.Multigoal (694ms)
✔ [68/140] Built Mathlib.Tactic.Linter.HaveILetI (716ms)
✔ [69/140] Built Mathlib.Lean.Expr.Basic (932ms)
✔ [70/140] Built Mathlib.Tactic.Linter.GlobalAttributeIn (639ms)
✔ [71/140] Built Mathlib.Tactic.Linter.HashCommandLinter (939ms)
✔ [72/144] Built Mathlib.Tactic.Lemma (408ms)
✔ [73/144] Built Mathlib.Tactic.Linter.AuxLemma (483ms)
✔ [74/144] Built Mathlib.Tactic.Linter.EmptyLine (748ms)
✔ [77/144] Built Mathlib.Lean.Linter (360ms)
✔ [78/144] Built Batteries.Lean.MonadBacktrack (242ms)
✔ [79/144] Built Batteries.Data.List.Basic (3.1s)
✔ [80/144] Built Mathlib.Tactic.Linter.DocString (962ms)
✔ [81/146] Built Mathlib.Tactic.AdaptationNote (568ms)
✔ [82/146] Built Mathlib.Tactic.Linter.DeprecatedSyntaxLinter (903ms)
✔ [83/146] Built Mathlib.Tactic.Linter.DocPrime (1.0s)
✔ [86/169] Built Mathlib.Tactic.Linter.FlexibleLinter (1.7s)
✔ [105/182] Built Mathlib.Tactic.Linter.Lint (578ms)
✔ [106/182] Built Mathlib.Util.CodeActions (590ms)
✔ [107/198] Built Batteries.Lean.Meta.SavedState (468ms)
✔ [128/200] Built Mathlib.Lean.Elab.InfoTree (632ms)
✔ [130/204] Built Mathlib.Lean.ContextInfo (712ms)
✔ [131/204] Built Batteries.Lean.TagAttribute (414ms)
✔ [133/210] Built Mathlib.Tactic.Linter.UnusedTactic (874ms)
✔ [134/210] Built Mathlib.Tactic.ExtractGoal (911ms)
✔ [137/213] Built Batteries.Tactic.SeqFocus (653ms)
✔ [138/213] Built Batteries.Lean.Meta.UnusedNames (391ms)
✔ [139/225] Built Batteries.Lean.AttributeExtra (369ms)
✔ [140/225] Built Batteries.Lean.Meta.Expr (268ms)
✔ [143/255] Built Batteries.Linter.UnreachableTactic (894ms)
✔ [144/255] Built Batteries.Lean.PersistentHashMap (352ms)
✔ [152/285] Built Mathlib.Tactic.Linter.Style (1.5s)
✔ [157/292] Built Mathlib.Tactic.Linter.UnusedInstancesInType (899ms)
✔ [158/292] Built Batteries.Lean.Meta.InstantiateMVars (508ms)
✔ [159/292] Built Batteries.Lean.PersistentHashSet (463ms)
✔ [160/292] Built Batteries.Lean.HashSet (415ms)
✔ [168/301] Built Batteries.Lean.Meta.DiscrTree (375ms)
✔ [179/352] Built Batteries.Lean.Expr (574ms)
✔ [207/368] Built Mathlib.Tactic.TacticAnalysis (1.1s)
✔ [220/417] Built Batteries.Linter.UnnecessarySeqFocus (1.2s)
✔ [221/434] Built Batteries.CodeAction.Attr (761ms)
✔ [222/434] Built Batteries.Lean.Except (464ms)
✔ [223/434] Built Batteries.Util.Cache (515ms)
✔ [224/439] Built Batteries.Tactic.Exact (647ms)
✔ [225/442] Built Mathlib.Tactic.Linter.OverlappingInstances (1.3s)
✔ [226/484] Built Batteries.Tactic.Case (1.2s)
✔ [227/486] Built Batteries.Linter (666ms)
✔ [228/488] Built Batteries.Data.MLList.Basic (1.1s)
✔ [229/525] Built Batteries.Tactic.Basic (621ms)
✔ [230/525] Built Batteries.CodeAction.Basic (1.0s)
✔ [231/525] Built Mathlib.Tactic.Lift (993ms)
✔ [232/586] Built Mathlib.Util.PrintSorries (864ms)
✔ [233/636] Built Mathlib.Tactic.Linter.MinImports (1.1s)
✔ [234/764] Built Mathlib.Tactic.TacticAnalysis.Declarations (2.1s)
✔ [235/764] Built Batteries.Control.Nondet.Basic (504ms)
✔ [236/764] Built Batteries.Data.Nat.Basic (432ms)
✔ [237/1182] Built Batteries.Classes.Order (669ms)
✔ [238/1191] Built Batteries.Tactic.GeneralizeProofs (2.6s)
✔ [239/1384] Built Batteries.CodeAction.Misc (1.0s)
✔ [240/1384] Built Batteries.Tactic.Congr (814ms)
✔ [241/1384] Built Batteries.Data.List.Pairwise (574ms)
✔ [242/1695] Built Batteries.Data.Nat.Lemmas (645ms)
✔ [243/1695] Built Batteries.Classes.RatCast (408ms)
✔ [244/1836] Built Batteries.Data.List.Lemmas (4.6s)
✔ [245/1836] Built Mathlib.Init (773ms)
✔ [246/1836] Built Mathlib.Data.Ineq (464ms)
✔ [247/1836] Built Batteries.Data.UInt (836ms)
✔ [248/1836] Built Batteries.CodeAction.Match (1.0s)
✔ [249/1836] Built Batteries.Data.Fin.Basic (886ms)
✔ [250/1836] Built Mathlib.Tactic.FieldSimp.Attr (782ms)
✔ [251/1836] Built Mathlib.Util.DischargerAsTactic (864ms)
✔ [252/1836] Built Mathlib.Tactic.Change (905ms)
✔ [253/1836] Built Mathlib.Tactic.Clean (921ms)
✔ [254/1836] Built Mathlib.Util.DelabNonCanonical (903ms)
✔ [255/1836] Built Mathlib.CategoryTheory.ConcreteCategory.Bundled (884ms)
✔ [256/1836] Built Mathlib.Tactic.CategoryTheory.CategoryStar (686ms)
✔ [257/1836] Built Mathlib.Util.ElabWithoutMVars (769ms)
✔ [258/1836] Built Mathlib.Tactic.CategoryTheory.Coherence.Datatypes (1.3s)
✔ [259/1836] Built Mathlib.Lean.Meta.Tactic.Rewrite (816ms)
✔ [260/1836] Built Mathlib.Tactic.BDSimp (780ms)
✔ [261/1836] Built Mathlib.Util.SynthesizeUsing (788ms)
✔ [262/1836] Built Mathlib.Tactic.Linarith.Oracle.SimplexAlgorithm.Datatypes (952ms)
✔ [263/1837] Built Mathlib.Tactic.TryThis (663ms)
✔ [264/1837] Built Mathlib.Tactic.Assume (908ms)
✔ [265/1837] Built Mathlib.Lean.Expr.Rat (570ms)
✔ [266/1837] Built Mathlib.Tactic.HaveI (591ms)
✔ [267/1837] Built Mathlib.Tactic.Cases (1.4s)
✔ [268/1837] Built Mathlib.Data.List.TFAE (715ms)
✔ [269/1837] Built Mathlib.Data.Bracket (641ms)
✔ [270/1837] Built Mathlib.Logic.Function.CompTypeclasses (695ms)
✔ [271/1837] Built Mathlib.Util.Qq (679ms)
✔ [272/1837] Built Mathlib.Util.AtomM (832ms)
✔ [273/1837] Built Mathlib.Data.Option.NAry (849ms)
✔ [274/1837] Built Batteries.Data.BinomialHeap.Basic (3.4s)
✔ [275/1837] Built Mathlib.Data.Int.DivMod (808ms)
✔ [276/1837] Built Mathlib.Control.ULift (870ms)
✔ [277/1837] Built Mathlib.Data.Prod.PProd (783ms)
✔ [278/1837] Built Mathlib.Util.PPOptions (778ms)
✔ [279/1837] Built Mathlib.Tactic.Monotonicity.Attr (611ms)
✔ [280/1837] Built Mathlib.Logic.Function.ULift (759ms)
✔ [281/1837] Built Mathlib.Data.Nat.BinaryRec (1.0s)
✔ [282/1837] Built Mathlib.Data.Option.Defs (706ms)
✔ [283/1837] Built Mathlib.Lean.Elab.Term (698ms)
✔ [284/1837] Built Mathlib.Data.Ordering.Basic (724ms)
✔ [285/1837] Built Mathlib.Data.Int.Notation (754ms)
✔ [286/1837] Built Mathlib.Util.TransImports (803ms)
✔ [287/1837] Built Mathlib.Tactic.FastInstance (1.2s)
✔ [288/1837] Built Mathlib.Util.WhatsNew (986ms)
✔ [289/1837] Built Mathlib.Tactic.CrossRefAttribute (1.2s)
✔ [290/1837] Built Mathlib.Tactic.UnsetOption (726ms)
✔ [291/1837] Built Mathlib.Tactic.Trace (755ms)
✔ [292/1837] Built Mathlib.Tactic.Use (1.2s)
✔ [293/1837] Built Mathlib.Util.CountHeartbeats (1.4s)
✔ [294/1837] Built Mathlib.Tactic.SudoSetOption (669ms)
✔ [295/1837] Built Mathlib.Tactic.SwapVar (790ms)
✔ [296/1837] Built Mathlib.Tactic.Substs (626ms)
✔ [297/1837] Built Mathlib.Tactic.SuccessIfFailWithMsg (768ms)
✔ [298/1837] Built Mathlib.Tactic.Variable (1.7s)
✔ [299/1837] Built Mathlib.Tactic.Spread (960ms)
✔ [300/1837] Built Mathlib.Util.Tactic (692ms)
✔ [301/1837] Built Mathlib.Util.WithWeakNamespace (686ms)
✔ [302/1837] Built Mathlib.Tactic.SimpIntro (870ms)
✔ [303/1837] Built Mathlib.Tactic.Simps.NotationClass (921ms)
✔ [304/1837] Built Mathlib.Tactic.Relation.Rfl (725ms)
✔ [305/1837] Built Mathlib.Tactic.Set (1.0s)
✔ [306/1837] Built Mathlib.Tactic.RSuffices (628ms)
✔ [307/1837] Built Mathlib.Tactic.Rename (936ms)
✔ [308/1837] Built Mathlib.Tactic.Recover (868ms)
✔ [309/1837] Built Mathlib.Tactic.OfNat (729ms)
✔ [310/1837] Built Mathlib.Tactic.Linter.UpstreamableDecl (794ms)
✔ [311/1837] Built Mathlib.Lean.Meta (848ms)
✔ [312/1837] Built Mathlib.Tactic.Simproc.ExistsAndEq (1.7s)
✔ [313/1837] Built Mathlib.Tactic.Linter.PPRoundtrip (885ms)
✔ [314/1837] Built Mathlib.Tactic.InferParam (721ms)
✔ [315/1837] Built Mathlib.Tactic.Linter.HaveLetLinter (894ms)
✔ [316/1837] Built Mathlib.Tactic.Observe (1.1s)
✔ [317/1837] Built Mathlib.Tactic.GuardHypNums (638ms)
✔ [318/1837] Built Mathlib.Util.TermReduce (954ms)
✔ [319/1837] Built Mathlib.Tactic.GuardGoalNums (620ms)
✔ [320/1837] Built Mathlib.Tactic.HigherOrder (941ms)
✔ [321/1837] Built Mathlib.Tactic.GrindAttrs (819ms)
✔ [322/1837] Built Mathlib.Tactic.ExistsI (827ms)
✔ [323/1837] Built Mathlib.Tactic.FunProp.Mor (1.0s)
✔ [324/1837] Built Mathlib.Tactic.Find (1.1s)
✔ [325/1837] Built Mathlib.Tactic.DSimpPercent (957ms)
✔ [326/1837] Built Mathlib.Tactic.FunProp.Decl (1.2s)
✔ [327/1837] Built Mathlib.Tactic.FunProp.ToBatteries (1.5s)
✔ [328/1837] Built Mathlib.Tactic.FailIfNoProgress (1.3s)
✔ [329/1837] Built Mathlib.Tactic.Constructor (623ms)
✔ [330/1837] Built Mathlib.Tactic.ErwQuestion (1.3s)
✔ [331/1837] Built Mathlib.Lean.MessageData.Trace (746ms)
✔ [332/1837] Built Mathlib.Tactic.DeprecateTo (1.4s)
✔ [333/1837] Built Mathlib.Lean.GoalsLocation (667ms)
✔ [334/1837] Built Mathlib.Tactic.Coe (803ms)
✔ [335/1837] Built Mathlib.Tactic.Widget.SelectInsertParamsClass (691ms)
✔ [336/1837] Built Mathlib.Lean.Meta.KAbstractPositions (838ms)
✔ [337/1837] Built Mathlib.Lean.Name (819ms)
✔ [338/1837] Built Mathlib.Tactic.DefEqTransformations (1.6s)
✔ [339/1837] Built Mathlib.Control.Combinators (633ms)
✔ [340/1837] Built Mathlib.Lean.FoldEnvironment (856ms)
✔ [341/1837] Built Mathlib.Lean.Meta.RefinedDiscrTree.Basic (1.1s)
✔ [342/1837] Built Mathlib.Tactic.GCongr.ForwardAttr (767ms)
✔ [343/1837] Built Mathlib.Tactic.NthRewrite (824ms)
✔ [344/1837] Built Mathlib.Tactic.Clear_ (806ms)
✔ [345/1837] Built Mathlib.Tactic.SimpRw (919ms)
✔ [346/1837] Built Mathlib.Tactic.ClearExclamation (651ms)
✔ [347/1837] Built Mathlib.Tactic.ClearExcept (815ms)
✔ [348/1837] Built Mathlib.Tactic.Core (1.1s)
✔ [349/1837] Built Mathlib.Tactic.CasesM (1.0s)
✔ [350/1837] Built Mathlib.Tactic.Check (1.1s)
✔ [351/1837] Built Mathlib.Util.AtLocation (1.1s)
✔ [352/1837] Built Mathlib.Tactic.ApplyCongr (926ms)
✔ [353/1837] Built Mathlib.Lean.Meta.Basic (996ms)
✔ [354/1837] Built Mathlib.Tactic.ApplyWith (1.0s)
✔ [355/1837] Built Mathlib.Tactic.Inhabit (856ms)
✔ [356/1837] Built Mathlib.Tactic.PPWithUniv (1.3s)
✔ [357/1837] Built Mathlib.Tactic.Conv (1.3s)
✔ [358/1837] Built Mathlib.Logic.IsEmpty.Defs (678ms)
✔ [359/1837] Built Mathlib.Tactic.ExtendDoc (710ms)
✔ [360/1837] Built Mathlib.Tactic.DepRewrite (2.8s)
✔ [361/1837] Built Mathlib.Logic.Nonempty (759ms)
✔ [362/1837] Built Mathlib.Data.List.Monad (762ms)
✔ [363/1837] Built Mathlib.Logic.OpClass (756ms)
✔ [364/1837] Built Mathlib.Tactic.ToExpr (850ms)
✔ [365/1837] Built Mathlib.Logic.ExistsUnique (1.1s)
✔ [366/1837] Built Mathlib.Tactic.Push.Attr (1.2s)
✔ [367/1837] Built Mathlib.Tactic.Translate.Attributes (614ms)
✔ [368/1837] Built Mathlib.Tactic.Eqns (661ms)
✔ [369/1837] Built Mathlib.Tactic.Attr.Register (1.1s)
✔ [370/1837] Built Mathlib.Util.CompileInductive (1.3s)
✔ [371/1837] Built Mathlib.Data.String.Defs (771ms)
✔ [372/1837] Built Mathlib.Tactic.Translate.UnfoldBoundary (1.4s)
✔ [373/1837] Built Mathlib.Lean.PrettyPrinter.Delaborator (833ms)
✔ [374/1837] Built Mathlib.Lean.Meta.Simp (968ms)
✔ [375/1837] Built Mathlib.Data.Nat.Notation (644ms)
✔ [376/1837] Built Batteries.CodeAction (574ms)
✔ [377/1837] Built Mathlib.Util.AddRelatedDecl (1.2s)
✔ [378/1837] Built Batteries.Data.List.Count (918ms)
✔ [379/1839] Built Mathlib.Tactic.Translate.Reorder (2.0s)
✔ [380/1839] Built Mathlib.Tactic.Linarith.Oracle.SimplexAlgorithm.Gauss (778ms)
✔ [381/1839] Built Mathlib.Util.AtomM.Recurse (729ms)
✔ [382/1839] Built Mathlib.Tactic.Linarith.Oracle.SimplexAlgorithm.SimplexAlgorithm (1.0s)
✔ [383/1839] Built Batteries.Data.Fin.Lemmas (1.2s)
✔ [384/1839] Built Mathlib.Tactic.Linter (574ms)
✔ [385/1839] Built Mathlib.Tactic.RenameBVar (792ms)
✔ [386/1839] Built Batteries.Data.Array.Basic (2.2s)
✔ [387/1839] Built Mathlib.Tactic.FunProp.FunctionData (1.0s)
✔ [388/1839] Built Mathlib.Tactic.ScopedNS (1.6s)
✔ [389/1839] Built Mathlib.Tactic.DefEqAbuse (1.2s)
✔ [390/1839] Built Mathlib.Tactic.Widget.SelectPanelUtils (948ms)
✔ [391/1839] Built Mathlib.Lean.Meta.RefinedDiscrTree.Initialize (1.1s)
✔ [392/1839] Built Mathlib.Tactic.MkIffOfInductiveProp (1.5s)
✔ [393/1839] Built Mathlib.Tactic.ApplyAt (667ms)
✔ [394/1839] Built Mathlib.Lean.Meta.RefinedDiscrTree.Encode (1.0s)
✔ [395/1839] Built Mathlib.Tactic.SplitIfs (861ms)
✔ [396/1839] Built Mathlib.Tactic.ToLevel (666ms)
✔ [397/1840] Built Mathlib.Util.Delaborators (2.8s)
✔ [398/1840] Built Mathlib.Tactic.CategoryTheory.Coherence.PureCoherence (3.2s)
✔ [399/1840] Built Mathlib.Data.Int.Cast.Pi (601ms)
✔ [400/1840] Built Mathlib.Tactic.CategoryTheory.Coherence.Normalize (3.5s)
✔ [401/1840] Built Mathlib.Logic.Nontrivial.Defs (732ms)
✔ [402/1840] Built Mathlib.Tactic.Basic (889ms)
✔ [403/1840] Built Mathlib.Tactic.Attr.Core (666ms)
✔ [404/1840] Built Mathlib.Lean.Meta.CongrTheorems (1.3s)
✔ [405/1840] Built Mathlib.Tactic.FBinop (1.3s)
✔ [406/1840] Built Mathlib.Logic.Function.Defs (1.0s)
✔ [407/1840] Built Mathlib.Tactic.Translate.GuessName (1.0s)
✔ [408/1840] Built Mathlib.Tactic.IrreducibleDef (1.5s)
✔ [409/1840] Built Mathlib.Data.Stream.Defs (1.1s)
✔ [411/1840] Built Mathlib.Data.PNat.Notation (1.1s)
✔ [412/1840] Built Mathlib.Data.Rat.Init (1.2s)
✔ [413/1840] Built Mathlib.Data.Int.Init (1.7s)
✔ [414/1840] Built Mathlib.Data.Tree.Basic (1.3s)
✔ [415/1840] Built Mathlib.Logic.Basic (1.9s)
✔ [416/1840] Built Mathlib.Data.Nat.Init (1.9s)
✔ [417/1843] Built Mathlib.Tactic.Linarith.Oracle.SimplexAlgorithm.PositiveVector (995ms)
✔ [418/1843] Built Mathlib.Tactic.TFAE (2.2s)
✔ [419/1843] Built Mathlib.Tactic.Widget.CongrM (809ms)
✔ [420/1843] Built Mathlib.Tactic.FunProp.Types (1.1s)
✔ [421/1843] Built Batteries.Data.List.Perm (1.7s)
✔ [422/1843] Built Mathlib.Tactic.Widget.Calc (1.5s)
✔ [424/1843] Built Mathlib.Lean.Meta.RefinedDiscrTree.Lookup (1.2s)
✔ [425/1843] Built Mathlib.Tactic.Hint (876ms)
✔ [426/1843] Built Mathlib.Tactic.Says (1.0s)
✔ [427/1843] Built Mathlib.Logic.Relator (781ms)
✔ [428/1843] Built Mathlib.Control.Basic (1.1s)
✔ [429/1843] Built Mathlib.Tactic.Widget.Conv (1.9s)
✔ [430/1843] Built Mathlib.Data.SProd (744ms)
✔ [434/1845] Built Mathlib.Tactic.Simps.Basic (3.9s)
✔ [435/1845] Built Mathlib.Tactic.Subsingleton (1.0s)
✔ [436/1851] Built Mathlib.Tactic.SetNotationForOrder (1.6s)
✔ [495/1860] Built Mathlib.Tactic.Tauto (1.5s)
✔ [496/1861] Built Mathlib.Tactic.TermCongr (2.6s)
✔ [497/1861] Built Mathlib.Tactic.FunProp.Theorems (1.4s)
✔ [499/1861] Built Mathlib.Lean.Meta.RefinedDiscrTree (790ms)
✔ [500/1861] Built Mathlib.Tactic.CongrExclamation (2.1s)
✔ [502/1861] Built Mathlib.Tactic.Push (1.8s)
✔ [503/1861] Built Mathlib.Tactic.Simps (856ms)
✔ [504/1861] Built Mathlib.Tactic.Bound.Init (696ms)
✔ [505/1861] Built Mathlib.Tactic.Finiteness.Attr (625ms)
✔ [506/1861] Built Mathlib.Data.Finset.Attr (687ms)
✔ [507/1861] Built Mathlib.Tactic.SetLike (778ms)
✔ [508/1861] Built Mathlib.Tactic.CongrM (752ms)
✔ [509/1861] Built Mathlib.Tactic.FunProp.Attr (735ms)
✔ [513/1866] Built Mathlib.Tactic.ToFun (937ms)
✔ [514/1866] Built Mathlib.Util.Notation3 (5.1s)
✔ [515/1866] Built Mathlib.Tactic.ByCases (721ms)
✔ [516/1915] Built Mathlib.Tactic.ByContra (887ms)
✔ [517/1915] Built Mathlib.Tactic.WLOG (1.1s)
✔ [518/2123] Built Mathlib.Tactic.Contrapose (1.1s)
✔ [519/2128] Built Mathlib.Tactic.Convert (1.8s)
✔ [520/2173] Built Mathlib.Tactic.ArithMult.Init (859ms)
✔ [521/2173] Built Mathlib.CategoryTheory.Category.Init (824ms)
✔ [522/2203] Built Mathlib.Tactic.Continuity.Init (793ms)
✔ [523/2229] Built Mathlib.Data.Nat.NthRoot.Defs (678ms)
✔ [524/2229] Built Mathlib.Tactic.Widget.LibraryRewrite (2.5s)
✔ [525/2234] Built Mathlib.Tactic.Bound.Attribute (1.2s)
✔ [526/2234] Built Mathlib.Data.Nat.MaxPowDiv (1.0s)
✔ [527/2235] Built Mathlib.Logic.Lemmas (888ms)
✔ [528/2236] Built Mathlib.Tactic.ArithMult (955ms)
✔ [529/2237] Built Mathlib.Tactic.Continuity (930ms)
✔ [530/2239] Built Mathlib.Tactic.FunProp.Core (3.2s)
✔ [531/2239] Built Mathlib.Tactic.Eval (567ms)
✔ [532/2244] Built Mathlib.Tactic.SuppressCompilation (1.3s)
✔ [533/2244] Built Mathlib.Tactic.Explode.Datatypes (722ms)
✔ [534/2244] Built Mathlib.Tactic.Ext (679ms)
✔ [535/2245] Built Mathlib.Tactic.DuplicateDecls (1.2s)
✔ [536/2247] Built Mathlib.Tactic.FindSyntax (985ms)
✔ [537/2247] Built Mathlib.Tactic.Generalize (680ms)
✔ [538/2247] Built Batteries.Lean.HashMap (330ms)
✔ [539/2251] Built Mathlib.Tactic.Explode.Pretty (708ms)
✔ [540/2251] Built Mathlib.Tactic.Have (1.0s)
✔ [541/2255] Built Mathlib.Tactic.Translate.Core (6.5s)
✔ [542/2255] Built Mathlib.Tactic.Linter.CommandRanges (811ms)
✔ [543/2255] Built Mathlib.Tactic.Linter.CommandStart (635ms)
✔ [544/2258] Built Mathlib.Tactic.FunProp.Elab (1.1s)
✔ [545/2258] Built Mathlib.Tactic.Linter.DeprecatedModule (699ms)
✔ [546/2259] Built Batteries.Data.Array.Match (700ms)
✔ [547/2259] Built Batteries.Data.String.Basic (342ms)
✔ [548/2312] Built Mathlib.Tactic.Linter.FindDeprecations (1.1s)
✔ [549/2312] Built Batteries.Data.String.Matcher (415ms)
✔ [550/2332] Built Mathlib.Tactic.Measurability.Init (829ms)
✔ [551/2490] Built Mathlib.Tactic.FunProp (816ms)
✔ [552/2490] Built Mathlib.Tactic.Explode (993ms)
✔ [553/2722] Built Mathlib.Tactic.Translate.TagUnfoldBoundary (969ms)
✔ [554/2722] Built Mathlib.Tactic.Monotonicity.Basic (870ms)
✔ [555/2998] Built Mathlib.Tactic.ITauto (2.2s)
✔ [556/3000] Built Mathlib.Tactic.Translate.ToAdditive (1.2s)
✔ [557/3001] Built Mathlib.Tactic.Linter.TextBased.UnicodeLinter (1.4s)
✔ [558/3001] Built Mathlib.Data.Sym.Sym2.Init (768ms)
✔ [559/3002] Built Mathlib.Tactic.Polynomial.Core (761ms)
✔ [560/3002] Built Mathlib.Tactic.ContinuousFunctionalCalculus (805ms)
✔ [561/3002] Built Mathlib.Tactic.Measurability (966ms)
✔ [562/3003] Built Mathlib.Tactic.Polyrith (723ms)
✔ [563/3004] Built Mathlib.Combinatorics.Matroid.Init (872ms)
✔ [564/3013] Built Mathlib.Tactic.ReduceModChar.Ext (672ms)
✔ [565/3017] Built Mathlib.Tactic.Translate.ToDual (1.2s)
✔ [566/3017] Built Mathlib.Tactic.ToAdditive (792ms)
✔ [567/3017] Built Mathlib.Algebra.Notation (955ms)
✔ [568/3017] Built Mathlib.Tactic.Recall (1.1s)
✔ [569/3017] Built Mathlib.Tactic.Relation.Symm (686ms)
✔ [573/3070] Built Mathlib.Tactic.Replace (781ms)
✔ [575/3070] Built Mathlib.Tactic.RewriteSearch (767ms)
✔ [576/3070] Built Mathlib.Tactic.StacksAttribute (715ms)
✔ [577/3070] Built Mathlib.Tactic.TypeCheck (682ms)
✔ [578/3070] Built Mathlib.Tactic.ToDual (858ms)
✔ [579/3070] Built Mathlib.Algebra.Notation.Lemmas (871ms)
✔ [580/3070] Built Mathlib.Tactic.Linter.ValidatePRTitle (1.2s)
✔ [581/3070] Built Mathlib.Tactic.Widget.GCongr (748ms)
✔ [582/3070] Built Mathlib.Algebra.Notation.Defs (1.1s)
✔ [583/3070] Built Mathlib.Tactic.WithoutCDot (577ms)
✔ [584/3070] Built Mathlib.Tactic.Linter.TextBased (1.7s)
✔ [585/3070] Built Mathlib.Order.Defs.Prop (636ms)
✔ [586/3070] Built Mathlib.Algebra.Regular.Defs (604ms)
✔ [587/3070] Built Mathlib.Data.Set.Defs (1.0s)
✔ [588/3070] Built Mathlib.Order.Defs.PartialOrder (963ms)
✔ [589/3070] Built Mathlib.Order.Notation (952ms)
✔ [590/3070] Built Mathlib.Algebra.Notation.Pi.Defs (809ms)
✔ [591/3070] Built Mathlib.Data.Set.CoeSort (790ms)
✔ [592/3070] Built Mathlib.Control.Functor (923ms)
✔ [593/3070] Built Mathlib.Algebra.NeZero (993ms)
✔ [594/3070] Built Mathlib.Order.Bounds.Defs (997ms)
✔ [595/3070] Built Mathlib.Order.TypeTags (1.1s)
✔ [596/3070] Built Mathlib.Order.Interval.Set.Defs (1.1s)
✔ [597/3070] Built Mathlib.Order.Defs.Unbundled (1.4s)
✔ [598/3070] Built Mathlib.Order.Defs.LinearOrder (1.4s)
✔ [599/3070] Built Mathlib.Lean.Expr.ExtraRecognizers (687ms)
✔ [600/3070] Built Mathlib.Control.Traversable.Basic (866ms)
✔ [601/3070] Built Mathlib.Data.ENat.Defs (772ms)
✔ [602/3070] Built Mathlib.Data.List.Defs (1.2s)
✔ [603/3070] Built Mathlib.Data.Sigma.Lex (770ms)
✔ [604/3070] Built Mathlib.Data.Bool.Basic (1.1s)
✔ [605/3070] Built Mathlib.Data.Int.Order.Basic (1.1s)
✔ [606/3070] Built Mathlib.Data.Nat.Bits (925ms)
✔ [607/3070] Built Mathlib.Logic.Function.Basic (1.9s)
✔ [608/3070] Built Mathlib.Logic.Relation (1.9s)
✔ [609/3070] Built Mathlib.Algebra.Group.Defs (4.0s)
✔ [610/3070] Built Mathlib.Logic.Unique (1.2s)
✔ [611/3070] Built Mathlib.Logic.Function.Conjugate (1.1s)
✔ [612/3070] Built Mathlib.Logic.Pairwise (1.1s)
✔ [613/3070] Built Mathlib.Data.Subtype (1.3s)
✔ [614/3070] Built Mathlib.Logic.IsEmpty.Basic (920ms)
✔ [615/3070] Built Mathlib.Data.Sigma.Basic (1.3s)
✔ [616/3070] Built Mathlib.Data.Sum.Basic (1.5s)
✔ [617/3070] Built Mathlib.Algebra.Notation.Pi.Basic (1.5s)
✔ [618/3070] Built Mathlib.Tactic.Choose (1.0s)
✔ [619/3070] Built Mathlib.Tactic.GCongr.Core (3.0s)
✔ [620/3070] Built Mathlib.Algebra.Group.Commutator (933ms)
✔ [621/3070] Built Mathlib.Algebra.Group.PUnit (1.1s)
✔ [622/3070] Built Mathlib.Algebra.Group.Nat.Defs (1.0s)
✔ [623/3070] Built Mathlib.Control.Applicative (1.1s)
✔ [624/3070] Built Mathlib.Algebra.Group.Int.Defs (1.1s)
✔ [625/3070] Built Mathlib.Algebra.Group.Invertible.Defs (1.5s)
✔ [626/3070] Built Mathlib.Data.Nat.Cast.Defs (1.5s)
✔ [627/3070] Built Mathlib.Algebra.GroupWithZero.Defs (1.6s)
✔ [628/3070] Built Mathlib.Algebra.BigOperators.Group.List.Defs (1.3s)
✔ [629/3070] Built Mathlib.Algebra.Group.Semiconj.Defs (1.4s)
✔ [630/3070] Built Mathlib.Data.FunLike.Basic (1.1s)
✔ [631/3070] Built Mathlib.Logic.Function.Iterate (1.3s)
✔ [632/3070] Built Mathlib.Data.Option.Basic (1.3s)
✔ [633/3070] Built Mathlib.Data.Set.Operations (1.8s)
✔ [634/3070] Built Mathlib.Data.Quot (2.1s)
✔ [635/3070] Built Mathlib.Data.Nat.Basic (1.3s)
✔ [636/3070] Built Mathlib.Tactic.GCongr.CoreAttrs (1.1s)
✔ [637/3070] Built Mathlib.Data.List.Flatten (1.2s)
✔ [638/3070] Built Mathlib.Algebra.Group.Pi.Basic (2.3s)
✔ [639/3070] Built Mathlib.Control.Traversable.Lemmas (893ms)
✔ [640/3070] Built Mathlib.Algebra.Group.InjSurj (3.4s)
✔ [641/3070] Built Mathlib.Data.Nat.Cast.NeZero (965ms)
✔ [642/3070] Built Mathlib.Data.Int.Cast.Defs (1.1s)
✔ [643/3070] Built Mathlib.Algebra.GroupWithZero.Nat (1.0s)
✔ [644/3070] Built Mathlib.Data.List.Pairwise (3.9s)
✔ [645/3070] Built Mathlib.Algebra.GroupWithZero.NeZero (1.0s)
✔ [646/3070] Built Mathlib.Algebra.GroupWithZero.Regular (1.1s)
✔ [647/3070] Built Mathlib.Tactic.Sat.FromLRAT (1.7s)
✔ [648/3070] Built Mathlib.Data.FunLike.Embedding (828ms)
✔ [649/3070] Built Mathlib.Algebra.Group.Commute.Defs (1.2s)
✔ [650/3070] Built Mathlib.Order.Basic (3.8s)
✔ [651/3070] Built Mathlib.Data.FunLike.IsApply (1.3s)
✔ [652/3070] Built Mathlib.Data.Set.Notation (1.1s)
✔ [653/3070] Built Mathlib.Dynamics.FixedPoints.Defs (1.0s)
✔ [654/3070] Built Mathlib.Data.Prod.Basic (1.4s)
✔ [655/3070] Built Mathlib.Data.Int.Basic (1.0s)
✔ [656/3070] Built Mathlib.Data.Nat.Sqrt (1.1s)
✔ [657/3070] Built Mathlib.Tactic.GRewrite.Core (4.2s)
✔ [658/3070] Built Mathlib.Tactic.GCongr (934ms)
✔ [659/3070] Built Mathlib.Data.Nat.Find (1.2s)
✔ [660/3070] Built Mathlib.Algebra.CharZero.Defs (996ms)
✔ [661/3070] Built Mathlib.Data.FunLike.Equiv (1.1s)
✔ [662/3070] Built Mathlib.Algebra.GroupWithZero.InjSurj (1.4s)
✔ [663/3070] Built Mathlib.Data.PNat.Defs (1.5s)
✔ [664/3070] Built Mathlib.Order.SetNotation (3.4s)
✔ [665/3070] Built Mathlib.Tactic.DeriveTraversable (3.1s)
✔ [666/3070] Built Mathlib.Algebra.Ring.Defs (2.9s)
✔ [667/3070] Built Mathlib.Order.ULift (1.3s)
✔ [668/3070] Built Mathlib.Logic.Nontrivial.Basic (1.1s)
✔ [669/3070] Built Mathlib.Order.Monotone.Defs (2.3s)
✔ [670/3070] Built Mathlib.Algebra.Notation.Prod (1.6s)
✔ [671/3070] Built Mathlib.Algebra.Group.Hom.Defs (5.5s)
✔ [672/3070] Built Mathlib.Algebra.Ring.Nat (857ms)
✔ [673/3070] Built Mathlib.Algebra.Group.Basic (5.6s)
✔ [674/3070] Built Mathlib.Tactic.GRewrite.Elab (1.8s)
✔ [675/3070] Built Mathlib.Algebra.Group.Units.Defs (3.4s)
✔ [676/3070] Built Mathlib.Topology.Defs.Basic (1.4s)
✔ [677/3070] Built Mathlib.Algebra.Ring.Semiconj (1.1s)
✔ [678/3070] Built Mathlib.Algebra.Ring.PUnit (1.1s)
✔ [679/3070] Built Mathlib.Algebra.Order.ZeroLEOne (1.0s)
✔ [680/3070] Built Mathlib.Algebra.Field.Defs (1.3s)
✔ [681/3070] Built Mathlib.Tactic.Nontriviality.Core (1.3s)
✔ [682/3070] Built Mathlib.Algebra.Group.Commute.Hom (958ms)
✔ [683/3070] Built Mathlib.Algebra.GroupWithZero.Pi (1.1s)
✔ [684/3070] Built Mathlib.Algebra.Group.Hom.CompTypeclasses (1.0s)
✔ [685/3070] Built Mathlib.Logic.Equiv.Defs (2.7s)
✔ [686/3070] Built Mathlib.Algebra.Group.Semiconj.Basic (1.1s)
✔ [687/3070] Built Mathlib.Data.Int.Cast.Basic (1.3s)
✔ [688/3070] Built Mathlib.Algebra.Ring.Regular (1.1s)
✔ [689/3070] Built Mathlib.Data.FunLike.Group (2.1s)
✔ [690/3070] Built Mathlib.Tactic.MoveAdd (1.4s)
✔ [691/3070] Built Mathlib.Tactic.GRewrite (879ms)
✔ [692/3070] Built Mathlib.Algebra.Group.Torsion (1.3s)
✔ [693/3070] Built Mathlib.Algebra.Order.Monoid.Unbundled.Defs (1.7s)
✔ [694/3070] Built Mathlib.Algebra.GroupWithZero.Basic (1.8s)
✔ [695/3070] Built Mathlib.Algebra.Group.Nat.Units (849ms)
✔ [696/3070] Built Mathlib.Algebra.Group.Idempotent (1.0s)
✔ [697/3070] Built Mathlib.RingTheory.LocalRing.Defs (882ms)
✔ [698/3070] Built Mathlib.Algebra.Regular.Basic (1.6s)
✔ [699/3070] Built Mathlib.Algebra.Group.Irreducible.Defs (930ms)
✔ [700/3070] Built Mathlib.Tactic.Nontriviality (761ms)
✔ [701/3070] Built Mathlib.Algebra.Group.Hom.Basic (2.3s)
✔ [702/3070] Built Mathlib.Topology.ContinuousMap.Defs (1.1s)
✔ [703/3070] Built Mathlib.Data.PNat.Equiv (879ms)
✔ [704/3070] Built Mathlib.Algebra.Group.Commute.Basic (1.3s)
✔ [705/3070] Built Mathlib.Data.Finite.Defs (878ms)
✔ [706/3070] Built Mathlib.Algebra.Group.Units.Basic (2.7s)
✔ [707/3070] Built Mathlib.Control.Monad.Basic (852ms)
✔ [708/3070] Built Mathlib.Tactic.ProdAssoc (1.0s)
✔ [709/3070] Built Mathlib.Logic.Small.Defs (931ms)
✔ [710/3070] Built Mathlib.Algebra.Opposites (1.6s)
✔ [711/3070] Built Mathlib.Order.Lex (1.1s)
✔ [712/3070] Built Mathlib.Control.EquivFunctor (1.0s)
✔ [713/3070] Built Mathlib.Tactic.ProxyType (1.9s)
✔ [714/3070] Built Mathlib.Algebra.Ring.GrindInstances (1.1s)
✔ [715/3070] Built Mathlib.Order.OrderDual (1.4s)
✔ [716/3070] Built Mathlib.Algebra.Ring.Int.Defs (1.3s)
✔ [717/3070] Built Mathlib.Tactic.Zify (1.2s)
✔ [718/3070] Built Mathlib.Algebra.Group.Equiv.Defs (2.0s)
✔ [719/3070] Built Mathlib.Algebra.Group.ModEq (1.5s)
✔ [720/3070] Built Mathlib.Algebra.Group.Int.Units (1.2s)
✔ [721/3070] Built Mathlib.Algebra.GroupWithZero.Idempotent (1.1s)
✔ [722/3070] Built Mathlib.Tactic.ClickSuggestions.Util (2.3s)
✔ [723/3070] Built Mathlib.Data.Countable.Defs (1.1s)
✔ [724/3070] Built Mathlib.Algebra.Order.GroupWithZero.Defs (1.9s)
✔ [725/3070] Built Mathlib.Algebra.Group.TypeTags.Basic (2.3s)
✔ [726/3070] Built Mathlib.Algebra.Group.Semiconj.Units (1.2s)
✔ [727/3070] Built Mathlib.Data.Opposite (841ms)
✔ [728/3070] Built Mathlib.Algebra.GroupWithZero.Hom (1.9s)
✔ [729/3070] Built Mathlib.Logic.UnivLE (882ms)
✔ [730/3070] Built Mathlib.Algebra.GroupWithZero.Units.Basic (1.9s)
✔ [731/3070] Built Mathlib.Algebra.Regular.Opposite (954ms)
✔ [732/3070] Built Mathlib.Algebra.Group.Hom.Instances (3.0s)
✔ [733/3070] Built Mathlib.Logic.Equiv.Option (1.4s)
✔ [734/3070] Built Mathlib.Algebra.Group.Opposite (1.0s)
✔ [735/3070] Built Mathlib.Data.Int.Cast.Field (1.3s)
✔ [736/3070] Built Mathlib.Order.RelClasses (1.7s)
✔ [737/3070] Built Mathlib.Order.Compare (1.2s)
✔ [738/3070] Built Mathlib.Algebra.Group.Action.Defs (2.6s)
✔ [739/3070] Built Mathlib.Order.Max (1.7s)
✔ [740/3070] Built Mathlib.Algebra.Group.ULift (1.5s)
✔ [741/3070] Built Mathlib.Algebra.Ring.Idempotent (1.3s)
✔ [742/3070] Built Mathlib.Tactic.ClickSuggestions.Unfold (969ms)
✔ [743/3070] Built Mathlib.Tactic.ClickSuggestions.SectionState (947ms)
✔ [744/3070] Built Mathlib.Algebra.Group.Units.Hom (1.0s)
✔ [745/3070] Built Mathlib.Algebra.Ring.InjSurj (3.9s)
✔ [746/3070] Built Mathlib.Algebra.GroupWithZero.Equiv (969ms)
✔ [747/3070] Built Mathlib.Algebra.Ring.Hom.InjSurj (837ms)
✔ [748/3070] Built Mathlib.Combinatorics.Quiver.Basic (974ms)
✔ [749/3070] Built Mathlib.Algebra.Group.TypeTags.Hom (1.4s)
✔ [750/3070] Built Mathlib.Algebra.GroupWithZero.Semiconj (924ms)
✔ [751/3070] Built Mathlib.Algebra.Order.Group.Synonym (3.2s)
✔ [752/3070] Built Mathlib.Algebra.Group.Commute.Units (1.3s)
✔ [753/3070] Built Mathlib.Algebra.Group.Hom.End (952ms)
✔ [754/3070] Built Mathlib.Algebra.Ring.Basic (1.4s)
✔ [755/3070] Built Mathlib.Algebra.GroupWithZero.Opposite (1.0s)
✔ [756/3070] Built Mathlib.Algebra.Group.Units.Opposite (1.1s)
✔ [757/3070] Built Mathlib.Algebra.Group.Action.TypeTags (1.0s)
✔ [758/3070] Built Mathlib.Algebra.Group.Action.Faithful (1.1s)
✔ [759/3070] Built Mathlib.Algebra.EuclideanDomain.Defs (1.3s)
✔ [760/3070] Built Mathlib.Algebra.Torsor.Defs (1.6s)
✔ [761/3070] Built Mathlib.Algebra.Group.Action.Opposite (1.6s)
✔ [762/3070] Built Mathlib.Algebra.GroupWithZero.ULift (819ms)
✔ [763/3070] Built Mathlib.Tactic.ClickSuggestions.ApplyAt (1.0s)
✔ [764/3070] Built Mathlib.Logic.Equiv.Prod (9.6s)
✔ [765/3070] Built Mathlib.Tactic.ClickSuggestions.Apply (1.2s)
✔ [766/3070] Built Mathlib.Order.Monotone.Basic (2.1s)
✔ [767/3070] Built Mathlib.Combinatorics.Quiver.Prefunctor (1.1s)
✔ [768/3070] Built Mathlib.Algebra.Group.Nat.Hom (1.1s)
✔ [769/3070] Built Mathlib.Tactic.ClickSuggestions.GRewrite (1.8s)
✔ [770/3070] Built Mathlib.Order.BoundedOrder.Basic (2.0s)
✔ [771/3070] Built Mathlib.Algebra.Order.GroupWithZero.Synonym (924ms)
✔ [772/3070] Built Mathlib.Algebra.Order.Group.Action.Synonym (990ms)
✔ [773/3070] Built Mathlib.Tactic.ClickSuggestions.Rewrite (1.8s)
✔ [774/3070] Built Mathlib.Algebra.Group.Equiv.TypeTags (1.8s)
✔ [775/3070] Built Mathlib.Algebra.Order.Ring.Synonym (1.2s)
✔ [776/3070] Built Mathlib.Algebra.GroupWithZero.Commute (1.0s)
✔ [777/3070] Built Mathlib.Algebra.Order.Monoid.Unbundled.OrderDual (988ms)
✔ [778/3070] Built Mathlib.Algebra.Group.Invertible.Basic (1.2s)
✔ [779/3070] Built Mathlib.LinearAlgebra.AffineSpace.Defs (956ms)
✔ [780/3070] Built Mathlib.Algebra.Group.Action.Pretransitive (1.2s)
✔ [781/3070] Built Mathlib.Algebra.EuclideanDomain.Field (1.3s)
✔ [782/3070] Built Mathlib.Algebra.Group.Action.Units (1.5s)
✔ [783/3070] Built Mathlib.Order.Iterate (1.2s)
✔ [784/3070] Built Mathlib.Combinatorics.Quiver.Push (1.2s)
✔ [785/3070] Built Mathlib.Logic.Equiv.Sum (1.9s)
✔ [786/3070] Built Mathlib.Algebra.GroupWithZero.Action.Defs (2.2s)
✔ [787/3070] Built Mathlib.Data.Nat.Log (1.8s)
✔ [788/3070] Built Mathlib.Order.Nat (1.4s)
✔ [789/3070] Built Mathlib.Algebra.Ring.Hom.Defs (3.1s)
✔ [790/3070] Built Mathlib.Order.BoundedOrder.Monotone (1.3s)
✔ [791/3070] Built Mathlib.Combinatorics.Quiver.Path (1.0s)
✔ [792/3070] Built Mathlib.Tactic.ClickSuggestions.FindPremises (1.3s)
✔ [793/3070] Built Mathlib.Algebra.GroupWithZero.Invertible (1.1s)
✔ [794/3070] Built Mathlib.Algebra.GroupWithZero.Units.Lemmas (1.4s)
✔ [795/3070] Built Mathlib.Order.GaloisConnection.Defs (1.9s)
✔ [796/3070] Built Mathlib.Algebra.Group.Action.Hom (1.3s)
✔ [797/3070] Built Mathlib.Algebra.GroupWithZero.Action.Opposite (1.2s)
✔ [798/3070] Built Mathlib.Algebra.GroupWithZero.Action.Units (1.4s)
✔ [799/3070] Built Mathlib.Algebra.Group.Prod (4.1s)
✔ [800/3070] Built Mathlib.Algebra.Ring.Action.Rat (1.0s)
✔ [801/3070] Built Mathlib.Algebra.Regular.SMul (1.3s)
✔ [802/3070] Built Mathlib.GroupTheory.GroupAction.Ring (1.2s)
✔ [803/3070] Built Mathlib.Order.Lattice (4.7s)
✔ [804/3070] Built Mathlib.Algebra.GroupWithZero.Action.Hom (1.4s)
✔ [805/3070] Built Mathlib.Algebra.Ring.Units (1.4s)
✔ [806/3070] Built Mathlib.Algebra.Module.Defs (1.6s)
✔ [807/3070] Built Mathlib.Combinatorics.Quiver.Symmetric (1.5s)
✔ [808/3070] Built Mathlib.Logic.Equiv.Basic (3.3s)
✔ [809/3070] Built Mathlib.Algebra.GroupWithZero.Action.End (1.2s)
✔ [810/3070] Built Mathlib.Tactic.ClickSuggestions.TryPremises (1.9s)
✔ [811/3070] Built Mathlib.Data.Nat.Cast.Prod (1.1s)
✔ [812/3070] Built Mathlib.Algebra.Ring.Invertible (1.5s)
✔ [813/3070] Built Mathlib.Order.BoundedOrder.Lattice (1.3s)
✔ [814/3070] Built Mathlib.Algebra.Group.Action.Prod (1.7s)
✔ [815/3070] Built Mathlib.Tactic.NormNum.Result (2.5s)
✔ [816/3070] Built Mathlib.Algebra.Ring.Int.Units (1.1s)
✔ [817/3070] Built Mathlib.Algebra.Module.MinimalAxioms (1.1s)
✔ [818/3070] Built Mathlib.Tactic.Order.CollectFacts (2.1s)
✔ [819/3070] Built Mathlib.Order.MinMax (1.7s)
✔ [820/3070] Built Mathlib.Algebra.Ring.Commute (1.4s)
✔ [821/3070] Built Mathlib.Data.ULift (1.1s)
✔ [822/3070] Built Mathlib.Data.Prod.Lex (2.4s)
✔ [823/3070] Built Mathlib.Tactic.ClickSuggestions (1.2s)
✔ [824/3070] Built Mathlib.Logic.Embedding.Basic (1.8s)
✔ [825/3070] Built Mathlib.Data.Int.Cast.Prod (1.2s)
✔ [826/3070] Built Mathlib.Algebra.Module.RingHom (1.4s)
✔ [827/3070] Built Mathlib.Algebra.Group.Equiv.Basic (2.2s)
✔ [828/3070] Built Mathlib.Algebra.Order.IsBotOne (1.3s)
✔ [829/3070] Built Mathlib.Algebra.GroupWithZero.Action.Prod (1.2s)
✔ [830/3070] Built Mathlib.Data.Nat.Cast.Commute (1.1s)
✔ [831/3070] Built Mathlib.Tactic.Order.Graph.Basic (1.1s)
✔ [832/3070] Built Mathlib.Tactic.Order.Preprocessing (1.2s)
✔ [833/3070] Built Mathlib.Tactic.NormNum.Core (1.0s)
✔ [834/3070] Built Mathlib.Tactic.Order.ToInt (1.4s)
✔ [835/3070] Built Mathlib.Order.Disjoint (2.4s)
✔ [836/3070] Built Mathlib.Algebra.Ring.Torsion (1.1s)
✔ [837/3070] Built Mathlib.SetTheory.Cardinal.Defs (1.4s)
✔ [838/3070] Built Mathlib.Algebra.Group.Embedding (1.2s)
✔ [839/3070] Built Mathlib.Algebra.Group.Action.Basic (1.5s)
✔ [840/3070] Built Mathlib.Tactic.Common (1.3s)
✔ [841/3070] Built Mathlib.Algebra.Field.Basic (2.9s)
✔ [842/3070] Built Mathlib.Algebra.Module.Prod (972ms)
✔ [843/3070] Built Mathlib.Algebra.Group.Units.Equiv (1.8s)
✔ [844/3070] Built Mathlib.Tactic.Order.Graph.Tarjan (1.2s)
✔ [845/3070] Built Mathlib.Algebra.Group.Equiv.Opposite (2.2s)
✔ [846/3070] Built Mathlib.Order.PropInstances (1.2s)
✔ [847/3070] Built Mathlib.Algebra.Ring.Action.Basic (1.3s)
✔ [848/3070] Built Mathlib.Order.WithBot (7.1s)
✔ [849/3070] Built Mathlib.Order.RelIso.Basic (3.3s)
✔ [850/3070] Built Mathlib.Algebra.Order.GroupWithZero.Action.Synonym (1.5s)
✔ [851/3070] Built Mathlib.Algebra.Divisibility.Basic (1.6s)
✔ [852/3070] Built Mathlib.Algebra.Field.IsField (1.4s)
✔ [853/3070] Built Mathlib.Data.Fin.Basic (2.3s)
✔ [854/3070] Built Mathlib.Data.Int.Sqrt (1.2s)
✔ [855/3070] Built Mathlib.Algebra.Group.WithOne.Defs (1.8s)
✔ [856/3070] Built Mathlib.CategoryTheory.Category.Basic (2.5s)
✔ [857/3070] Built Mathlib.Algebra.Order.Monoid.Unbundled.Basic (4.5s)
✔ [858/3070] Built Mathlib.Data.Rat.Defs (1.6s)
✔ [859/3070] Built Mathlib.Data.List.ProdSigma (1.6s)
✔ [860/3070] Built Mathlib.Data.Nat.Factorial.Basic (2.2s)
✔ [861/3070] Built Mathlib.Data.Stream.Init (2.5s)
✔ [862/3070] Built Mathlib.Data.Vector.Defs (2.1s)
✔ [863/3070] Built Mathlib.Control.Bifunctor (1.9s)
✔ [864/3070] Built Mathlib.Data.List.Count (1.9s)
✔ [865/3070] Built Mathlib.Data.List.TakeDrop (2.7s)
✔ [866/3070] Built Mathlib.Data.List.InsertIdx (2.0s)
✔ [867/3070] Built Mathlib.Data.List.Induction (2.3s)
✔ [868/3070] Built Mathlib.Algebra.GroupWithZero.Units.Equiv (1.6s)
✔ [869/3070] Built Mathlib.Algebra.Quotient (1.6s)
✔ [870/3070] Built Mathlib.Data.List.Basic (3.9s)
✔ [871/3070] Built Mathlib.Algebra.Module.PUnit (1.1s)
✔ [872/3070] Built Mathlib.Algebra.Group.Even (1.9s)
✔ [873/3070] Built Mathlib.Tactic.Order (2.2s)
✔ [874/3070] Built Mathlib.Algebra.Ring.Action.Field (1.1s)
✔ [875/3070] Built Mathlib.Data.Set.Basic (2.4s)
✔ [876/3070] Built Mathlib.Algebra.Ring.Opposite (2.0s)
✔ [877/3070] Built Mathlib.Algebra.Order.Module.Synonym (1.4s)
✔ [878/3070] Built Mathlib.Algebra.Ring.Int.Field (1.4s)
✔ [879/3070] Built Mathlib.Algebra.Field.Equiv (1.4s)
✔ [880/3070] Built Mathlib.Algebra.Divisibility.Units (1.6s)
✔ [881/3070] Built Mathlib.Data.Int.GCD (1.8s)
✔ [882/3070] Built Mathlib.Algebra.Divisibility.Hom (1.2s)
✔ [883/3070] Built Mathlib.Algebra.Group.WithOne.Map (1.4s)
✔ [884/3070] Built Mathlib.Tactic.CategoryTheory.CheckCompositions (1.3s)
✔ [885/3070] Built Mathlib.Tactic.Widget.CommDiag (1.4s)
✔ [886/3070] Built Mathlib.Order.Heyting.Basic (4.7s)
✔ [887/3070] Built Mathlib.Tactic.CategoryTheory.Slice (1.3s)
✔ [888/3070] Built Mathlib.Tactic.CategoryTheory.Coherence.Basic (1.5s)
✔ [889/3070] Built Mathlib.CategoryTheory.Functor.Basic (1.5s)
✔ [890/3070] Built Mathlib.Algebra.Order.Monoid.Unbundled.MinMax (1.3s)
✔ [891/3070] Built Mathlib.Algebra.Order.Sub.Defs (1.4s)
✔ [892/3070] Built Mathlib.Algebra.GroupWithZero.WithZero (2.8s)
✔ [893/3070] Built Mathlib.Algebra.Ring.Rat (1.4s)
✔ [894/3070] Built Mathlib.Order.Hom.Basic (4.0s)
✔ [895/3070] Built Mathlib.Algebra.Order.Monoid.NatCast (1.2s)
✔ [896/3070] Built Mathlib.Algebra.Order.Monoid.Defs (1.4s)
✔ [897/3070] Built Mathlib.Algebra.Order.Monoid.Unbundled.ExistsOfLE (1.1s)
✔ [898/3070] Built Mathlib.Algebra.Order.Monoid.Unbundled.Pow (1.9s)
✔ [899/3070] Built Mathlib.Logic.Equiv.Functor (1.3s)
✔ [900/3070] Built Mathlib.Data.Nat.Choose.Basic (1.0s)
✔ [901/3070] Built Mathlib.Data.List.Infix (1.9s)
✔ [902/3070] Built Mathlib.Data.List.Enum (1.5s)
✔ [903/3070] Built Mathlib.Data.List.Lex (1.8s)
✔ [904/3070] Built Mathlib.Data.Seq.Computation (2.5s)
✔ [905/3070] Built Mathlib.Data.List.Forall2 (1.0s)
✔ [906/3070] Built Mathlib.Data.List.Lattice (2.1s)
✔ [907/3070] Built Mathlib.Algebra.Group.Nat.Even (1.6s)
✔ [908/3070] Built Mathlib.Data.List.MinMax (3.3s)
✔ [909/3070] Built Mathlib.Algebra.Group.Irreducible.Lemmas (1.7s)
✔ [910/3070] Built Mathlib.Algebra.FreeMonoid.Basic (3.7s)
✔ [911/3070] Built Mathlib.Order.Circular (1.7s)
✔ [912/3070] Built Mathlib.Data.Nat.Order.Lemmas (1.0s)
✔ [913/3070] Built Mathlib.Data.SetLike.Basic (1.3s)
✔ [914/3070] Built Mathlib.Data.Set.Inclusion (1.2s)
✔ [915/3070] Built Mathlib.Algebra.Module.Opposite (1.1s)
✔ [916/3070] Built Mathlib.Data.Set.Disjoint (1.3s)
✔ [917/3070] Built Mathlib.Data.Set.Order (1.4s)
✔ [918/3070] Built Mathlib.Algebra.GroupWithZero.Divisibility (1.6s)
✔ [919/3070] Built Mathlib.GroupTheory.GroupAction.Hom (10s)
✔ [920/3070] Built Mathlib.Algebra.Ring.Divisibility.Basic (1.4s)
✔ [921/3070] Built Mathlib.Order.BooleanAlgebra.Defs (1.3s)
✔ [922/3070] Built Mathlib.Data.Nat.Cast.Basic (1.4s)
✔ [923/3070] Built Mathlib.Algebra.Group.End (3.7s)
✔ [924/3070] Built Mathlib.Algebra.GroupWithZero.Prod (1.3s)
✔ [925/3070] Built Mathlib.Tactic.CategoryTheory.Reassoc (1.3s)
✔ [926/3070] Built Mathlib.Algebra.Group.Center (4.3s)
✔ [927/3070] Built Mathlib.Order.Antisymmetrization (1.6s)
✔ [928/3070] Built Mathlib.Tactic.ApplyFun (1.6s)
✔ [929/3070] Built Mathlib.Algebra.Order.Monoid.Units (1.4s)
✔ [930/3070] Built Mathlib.Algebra.Order.Monoid.OrderDual (1.3s)
✔ [931/3070] Built Mathlib.Algebra.Order.AddTorsor (1.3s)
✔ [932/3070] Built Mathlib.Algebra.Order.Group.Unbundled.Basic (2.9s)
✔ [933/3070] Built Mathlib.Algebra.Order.Group.Opposite (1.2s)
✔ [934/3070] Built Mathlib.Algebra.Order.Group.Int (999ms)
✔ [935/3070] Built Mathlib.Algebra.Order.Monoid.Basic (1.2s)
✔ [936/3070] Built Mathlib.Algebra.Order.Monoid.Canonical.Defs (1.4s)
✔ [937/3070] Built Mathlib.Algebra.Order.Sub.Unbundled.Basic (1.3s)
✔ [938/3070] Built Mathlib.Order.Hom.Lattice (3.2s)
✔ [939/3070] Built Mathlib.Order.Hom.Bounded (3.1s)
✔ [940/3070] Built Mathlib.Algebra.Order.Monoid.Unbundled.TypeTags (1.3s)
✔ [941/3070] Built Mathlib.Data.Sum.Order (3.8s)
✔ [942/3070] Built Mathlib.Data.List.Perm.Basic (1.7s)
✔ [943/3070] Built Mathlib.Data.Seq.Defs (1.0s)
✔ [944/3070] Built Mathlib.Data.List.Zip (1.7s)
✔ [945/3070] Built Mathlib.Data.List.Chain (2.4s)
✔ [946/3070] Built Mathlib.Algebra.Prime.Defs (1.0s)
✔ [947/3070] Built Mathlib.Algebra.Group.Int.Even (2.3s)
✔ [948/3070] Built Mathlib.Data.List.Nodup (2.8s)
✔ [949/3070] Built Mathlib.Data.Set.Insert (2.6s)
✔ [950/3070] Built Mathlib.Algebra.CharZero.AddMonoidHom (1.8s)
✔ [951/3070] Built Mathlib.Algebra.Order.Monoid.Unbundled.WithTop (4.5s)
✔ [952/3070] Built Mathlib.Algebra.Group.Subsemigroup.Defs (2.9s)
✔ [953/3070] Built Mathlib.Data.Nat.GCD.Basic (2.3s)
✔ [954/3070] Built Mathlib.Data.Nat.Cast.Order.Basic (2.3s)
✔ [955/3070] Built Mathlib.Data.Nat.Cast.Field (1.5s)
✔ [956/3070] Built Mathlib.Data.Nat.Factorial.Cast (1.4s)
✔ [957/3070] Built Mathlib.Algebra.Group.Action.End (1.6s)
✔ [958/3070] Built Mathlib.Algebra.Ring.Centralizer (1.2s)
✔ [959/3070] Built Mathlib.CategoryTheory.NatTrans (1.5s)
✔ [960/3070] Built Mathlib.Algebra.Order.Ring.Idempotent (2.1s)
✔ [961/3070] Built Mathlib.Algebra.Order.Group.Units (1.1s)
✔ [962/3070] Built Mathlib.Algebra.GroupWithZero.Center (1.3s)
✔ [963/3070] Built Mathlib.Algebra.Group.Conj (2.1s)
✔ [964/3070] Built Mathlib.Order.BooleanAlgebra.Basic (2.7s)
✔ [965/3070] Built Mathlib.Data.Int.Range (912ms)
✔ [966/3070] Built Mathlib.Algebra.Order.Group.OrderIso (1.4s)
✔ [967/3070] Built Mathlib.Algebra.Order.Group.Basic (1.2s)
✔ [968/3070] Built Mathlib.Algebra.Order.Group.Nat (1.0s)
✔ [969/3070] Built Mathlib.CategoryTheory.Iso (3.0s)
✔ [970/3070] Built Mathlib.Algebra.Order.Group.Defs (1.5s)
✔ [971/3070] Built Mathlib.Algebra.Order.Sub.Basic (1.4s)
✔ [972/3070] Built Mathlib.Algebra.Order.Monoid.TypeTags (1.2s)
✔ [973/3070] Built Mathlib.Tactic.NormNum.Basic (4.7s)
✔ [974/3070] Built Mathlib.Data.List.Perm.Subperm (1.3s)
✔ [975/3070] Built Mathlib.Data.List.Range (1.3s)
✔ [976/3070] Built Mathlib.Data.Nat.Prime.Defs (1.6s)
✔ [977/3070] Built Mathlib.Algebra.Prime.Lemmas (1.8s)
✔ [978/3070] Built Mathlib.Data.List.Perm.Lattice (1.7s)
✔ [979/3070] Built Mathlib.Data.List.NatAntidiagonal (1.8s)
✔ [980/3070] Built Mathlib.Algebra.BigOperators.Group.List.Basic (3.2s)
✔ [981/3070] Built Mathlib.Data.List.Duplicate (1.7s)
✔ [982/3070] Built Mathlib.Algebra.Ring.Parity (2.6s)
✔ [983/3070] Built Mathlib.Data.Bool.Set (1.3s)
✔ [984/3070] Built Mathlib.Algebra.Order.Hom.Monoid (4.6s)
✔ [985/3070] Built Mathlib.Data.List.OffDiag (2.4s)
✔ [986/3070] Built Mathlib.Data.List.Dedup (1.6s)
✔ [987/3070] Built Mathlib.Data.List.Rotate (2.2s)
✔ [988/3070] Built Mathlib.Algebra.Order.Sub.WithTop (1.2s)
✔ [989/3070] Built Mathlib.Data.Set.Subsingleton (1.7s)
✔ [990/3070] Built Mathlib.Data.Nat.Cast.WithTop (1.2s)
✔ [991/3070] Built Mathlib.Algebra.Order.Monoid.WithTop (1.2s)
✔ [992/3070] Built Mathlib.GroupTheory.Subsemigroup.Center (1.3s)
✔ [993/3070] Built Mathlib.Data.Nat.Choose.Cast (1.4s)
✔ [994/3070] Built Mathlib.Algebra.GroupWithZero.Action.Basic (1.5s)
✔ [995/3070] Built Mathlib.Order.Heyting.Boundary (1.3s)
✔ [996/3070] Built Mathlib.Data.Int.LeastGreatest (1.3s)
✔ [997/3070] Built Mathlib.Data.List.Iterate (1.2s)
✔ [998/3070] Built Mathlib.Algebra.Order.Group.Lattice (1.4s)
✔ [999/3070] Built Mathlib.Order.BooleanAlgebra.Set (2.3s)
✔ [1000/3070] Built Mathlib.Algebra.Group.Submonoid.Defs (2.7s)
✔ [1001/3070] Built Mathlib.CategoryTheory.ObjectProperty.Basic (1.5s)
✔ [1002/3070] Built Mathlib.CategoryTheory.HomCongr (1.5s)
✔ [1003/3070] Built Mathlib.Order.SymmDiff (2.4s)
✔ [1004/3070] Built Mathlib.Tactic.CategoryTheory.CancelIso (1.5s)
✔ [1005/3070] Built Mathlib.Tactic.CategoryTheory.IsoReassoc (1.3s)
✔ [1006/3070] Built Mathlib.Data.List.Sublists (1.6s)
✔ [1007/3070] Built Mathlib.Data.Multiset.Defs (1.7s)
✔ [1008/3070] Built Mathlib.Algebra.CharP.Defs (1.7s)
✔ [1009/3070] Built Mathlib.CategoryTheory.Functor.Category (3.5s)
✔ [1010/3070] Built Mathlib.Algebra.BigOperators.Ring.List (1.8s)
✔ [1011/3070] Built Mathlib.Algebra.Order.BigOperators.Group.List (2.3s)
✔ [1012/3070] Built Mathlib.Data.List.Permutation (2.2s)
✔ [1013/3070] Built Mathlib.Algebra.GroupWithZero.Associated (2.7s)
✔ [1014/3070] Built Mathlib.Tactic.Abel (3.7s)
✔ [1015/3070] Built Mathlib.Algebra.Order.Hom.Units (1.6s)
✔ [1016/3070] Built Mathlib.Data.Int.Cast.Lemmas (2.7s)
✔ [1017/3070] Built Mathlib.Algebra.Ring.Int.Parity (2.4s)
✔ [1018/3070] Built Mathlib.Algebra.Order.Hom.TypeTags (1.0s)
✔ [1019/3070] Built Mathlib.Data.Nat.WithBot (1.4s)
✔ [1020/3070] Built Mathlib.Algebra.BigOperators.Group.List.Lemmas (1.0s)
✔ [1021/3070] Built Mathlib.Data.List.Find (1.3s)
✔ [1022/3070] Built Mathlib.Algebra.Ring.AddAut (1.5s)
✔ [1023/3070] Built Mathlib.Algebra.Order.AddGroupWithTop (1.7s)
✔ [1024/3070] Built Mathlib.Data.Set.BoolIndicator (1.2s)
✔ [1025/3070] Built Mathlib.Data.Part (2.5s)
✔ [1026/3070] Built Mathlib.Algebra.Order.Group.Unbundled.Abs (2.3s)
✔ [1027/3070] Built Mathlib.Algebra.GroupWithZero.Submonoid.Primal (1.4s)
✔ [1028/3070] Built Mathlib.RingTheory.NonUnitalSubsemiring.Defs (1.0s)
✔ [1029/3070] Built Mathlib.Order.Filter.Defs (2.2s)
✔ [1030/3070] Built Mathlib.Algebra.Order.Monoid.Submonoid (1.2s)
✔ [1031/3070] Built Mathlib.GroupTheory.OreLocalization.OreSet (1.4s)
✔ [1032/3070] Built Mathlib.Algebra.Group.Submonoid.MulAction (1.4s)
✔ [1033/3070] Built Mathlib.CategoryTheory.ObjectProperty.ClosedUnderIsomorphisms (1.2s)
✔ [1034/3070] Built Mathlib.Data.Set.SymmDiff (1.2s)
✔ [1035/3070] Built Mathlib.CategoryTheory.Thin (1.3s)
✔ [1036/3070] Built Mathlib.Algebra.CharP.Invertible (1.4s)
✔ [1037/3070] Built Mathlib.Order.Interval.Set.Basic (4.1s)
✔ [1038/3070] Built Mathlib.Data.Multiset.ZeroCons (2.1s)
✔ [1039/3070] Built Mathlib.Algebra.Group.Subgroup.Defs (4.1s)
✔ [1040/3070] Built Mathlib.Algebra.Ring.Associated (1.5s)
✔ [1041/3070] Built Mathlib.Data.Nat.Prime.Basic (1.8s)
✔ [1042/3070] Built Mathlib.Algebra.Ring.Center (1.5s)
✔ [1043/3070] Built Mathlib.Tactic.NoncommRing (1.6s)
✔ [1044/3070] Built Mathlib.Order.Hom.BoundedLattice (3.5s)
✔ [1045/3070] Built Mathlib.CategoryTheory.NatIso (3.1s)
✔ [1046/3070] Built Mathlib.CategoryTheory.Functor.Trifunctor (3.3s)
✔ [1047/3070] Built Mathlib.Algebra.Field.Opposite (1.9s)
✔ [1048/3070] Built Mathlib.Algebra.Module.NatInt (1.8s)
✔ [1049/3070] Built Mathlib.Tactic.NormNum.Parity (1.5s)
✔ [1050/3070] Built Mathlib.Data.Rat.Lemmas (1.7s)
✔ [1051/3070] Built Mathlib.Data.List.Prime (1.4s)
✔ [1052/3070] Built Mathlib.Order.Part (1.4s)
✔ [1053/3070] Built Mathlib.Algebra.Order.Group.Unbundled.Int (1.2s)
✔ [1054/3070] Built Mathlib.Tactic.NormNum.Pow (2.6s)
✔ [1055/3070] Built Mathlib.RingTheory.OreLocalization.OreSet (1.1s)
✔ [1056/3070] Built Mathlib.Algebra.Group.Submonoid.DistribMulAction (933ms)
✔ [1057/3070] Built Mathlib.Algebra.Order.Group.Abs (2.1s)
✔ [1058/3070] Built Mathlib.Tactic.TautoSet (1.3s)
✔ [1059/3070] Built Mathlib.Algebra.Order.Group.PosPart (2.3s)
✔ [1060/3070] Built Mathlib.Algebra.Ring.Subsemiring.Defs (2.3s)
✔ [1061/3070] Built Mathlib.Data.Multiset.Count (1.6s)
✔ [1062/3070] Built Mathlib.Data.Multiset.Basic (1.9s)
✔ [1063/3070] Built Mathlib.Data.Nat.Prime.Int (1.7s)
✔ [1064/3070] Built Mathlib.Data.Nat.Prime.Pow (1.0s)
✔ [1065/3070] Built Mathlib.RingTheory.NonUnitalSubring.Defs (2.6s)
✔ [1066/3070] Built Mathlib.Tactic.NormNum.Prime (2.4s)
✔ [1067/3070] Built Mathlib.Order.Interval.Set.LinearOrder (3.5s)
✔ [1068/3070] Built Mathlib.Data.Set.Image (4.2s)
✔ [1069/3070] Built Mathlib.Algebra.Module.End (1.3s)
✔ [1070/3070] Built Mathlib.GroupTheory.OreLocalization.Basic (5.7s)
✔ [1071/3070] Built Mathlib.Algebra.EuclideanDomain.Int (1.2s)
✔ [1072/3070] Built Mathlib.Order.Heyting.Hom (3.1s)
✔ [1073/3070] Built Mathlib.Algebra.Module.Torsion.Free (1.7s)
✔ [1074/3070] Built Mathlib.Order.Hom.WithTopBot (3.2s)
✔ [1075/3070] Built Mathlib.CategoryTheory.Functor.FullyFaithful (2.9s)
✔ [1076/3070] Built Mathlib.Algebra.Order.Ring.Unbundled.Rat (2.3s)
✔ [1077/3070] Built Mathlib.Algebra.Ring.Action.Subobjects (1.3s)
✔ [1078/3070] Built Mathlib.Algebra.GCDMonoid.Basic (6.1s)
✔ [1079/3070] Built Mathlib.Algebra.Order.Group.MinMax (1.2s)
✔ [1080/3070] Built Mathlib.Algebra.Order.Hom.Basic (1.7s)
✔ [1081/3070] Built Mathlib.Tactic.NormNum.PowMod (1.7s)
✔ [1082/3070] Built Mathlib.Data.Nat.ModEq (2.3s)
✔ [1083/3070] Built Mathlib.Data.Multiset.AddSub (1.9s)
✔ [1084/3070] Built Mathlib.Data.Nat.Set (1.2s)
✔ [1085/3070] Built Mathlib.Logic.Embedding.Set (1.7s)
✔ [1086/3070] Built Mathlib.Data.Set.List (1.2s)
✔ [1087/3070] Built Mathlib.CategoryTheory.Bicategory.Basic (4.8s)
✔ [1088/3070] Built Mathlib.Order.Interval.Set.WithBotTop (1.6s)
✔ [1089/3070] Built Mathlib.Algebra.Notation.Support (1.9s)
✔ [1090/3070] Built Mathlib.Order.Directed (1.8s)
✔ [1091/3070] Built Mathlib.Data.Set.Restrict (1.6s)
✔ [1092/3070] Built Mathlib.Algebra.Ring.Subring.Defs (3.1s)
✔ [1093/3070] Built Mathlib.Algebra.Module.Torsion.Field (1.6s)
✔ [1094/3070] Built Mathlib.Algebra.NoZeroSMulDivisors.Defs (1.6s)
✔ [1095/3070] Built Mathlib.CategoryTheory.InducedCategory (1.7s)
✔ [1096/3070] Built Mathlib.Algebra.GCDMonoid.Nat (1.8s)
✔ [1097/3070] Built Mathlib.RingTheory.OreLocalization.Basic (2.6s)
✔ [1098/3070] Built Mathlib.Data.Multiset.Replicate (1.7s)
✔ [1099/3070] Built Mathlib.Data.Multiset.Find (1.8s)
✔ [1100/3070] Built Mathlib.Data.Int.ModEq (2.2s)
✔ [1101/3070] Built Mathlib.Data.Set.Prod (3.7s)
✔ [1102/3070] Built Mathlib.Algebra.Group.Support (1.4s)
✔ [1103/3070] Built Mathlib.Tactic.CategoryTheory.BicategoricalComp (1.9s)
✔ [1104/3070] Built Mathlib.Algebra.Ring.CharZero (1.7s)
✔ [1105/3070] Built Mathlib.Logic.Function.DependsOn (1.1s)
✔ [1106/3070] Built Mathlib.Data.Int.CharZero (1.5s)
✔ [1107/3070] Built Mathlib.Order.ConditionallyCompletePartialOrder.Defs (1.2s)
✔ [1108/3070] Built Mathlib.Algebra.Ring.Action.Invariant (1.4s)
✔ [1109/3070] Built Mathlib.Algebra.NoZeroSMulDivisors.Basic (1.3s)
✔ [1110/3070] Built Mathlib.Data.Set.NAry (1.7s)
✔ [1111/3070] Built Mathlib.Algebra.Field.Subfield.Defs (2.5s)
✔ [1112/3070] Built Mathlib.CategoryTheory.ObjectProperty.FullSubcategory (2.2s)
✔ [1113/3070] Built Mathlib.Tactic.ModCases (1.0s)
✔ [1114/3070] Built Mathlib.Data.Multiset.MapFold (2.6s)
✔ [1115/3070] Built Mathlib.Order.Bounds.Basic (4.3s)
✔ [1116/3070] Built Mathlib.Data.Multiset.NatAntidiagonal (1.8s)
✔ [1117/3070] Built Mathlib.CategoryTheory.ConcreteCategory.Basic (2.1s)
✔ [1118/3070] Built Mathlib.Data.Rel (4.0s)
✔ [1119/3070] Built Mathlib.CategoryTheory.EssentialImage (2.3s)
✔ [1120/3070] Built Mathlib.Algebra.Group.Pointwise.Set.Scalar (2.6s)
✔ [1121/3070] Built Mathlib.Data.Set.Function (4.1s)
✔ [1122/3070] Built Mathlib.Data.Nat.Prime.Infinite (1.3s)
✔ [1123/3070] Built Mathlib.Order.Bounds.Image (2.3s)
✔ [1124/3070] Built Mathlib.Tactic.CategoryTheory.Bicategory.Datatypes (4.4s)
✔ [1125/3070] Built Mathlib.Order.LatticeIntervals (1.6s)
✔ [1126/3070] Built Mathlib.Tactic.CategoryTheory.Elementwise (1.4s)
✔ [1127/3070] Built Mathlib.CategoryTheory.Whiskering (9.2s)
✔ [1128/3070] Built Mathlib.Order.CompleteLattice.Defs (1.9s)
✔ [1129/3070] Built Mathlib.GroupTheory.GroupAction.Pointwise (1.7s)
✔ [1130/3070] Built Mathlib.Data.Multiset.Filter (1.7s)
✔ [1131/3070] Built Mathlib.Dynamics.FixedPoints.Basic (1.5s)
✔ [1132/3070] Built Mathlib.Order.Interval.Set.Image (1.7s)
✔ [1133/3070] Built Mathlib.Data.Set.Piecewise (1.3s)
✔ [1134/3070] Built Mathlib.Algebra.Order.Interval.Set.Monoid (1.5s)
✔ [1135/3070] Built Mathlib.Data.Set.Monotone (1.5s)
✔ [1136/3070] Built Mathlib.Order.WellFounded (1.6s)
✔ [1137/3070] Built Mathlib.Data.Set.Pairwise.Basic (1.0s)
✔ [1138/3070] Built Mathlib.Order.ScottContinuity (1.8s)
✔ [1139/3070] Built Mathlib.CategoryTheory.Elementwise (1.8s)
✔ [1140/3070] Built Mathlib.CategoryTheory.Functor.ReflectsIso.Basic (1.6s)
✔ [1141/3070] Built Mathlib.Logic.Equiv.Set (3.3s)
✔ [1142/3070] Built Mathlib.Algebra.Group.Pointwise.Set.Basic (7.9s)
✔ [1143/3070] Built Mathlib.Algebra.BigOperators.Group.Multiset.Defs (1.8s)
✔ [1144/3070] Built Mathlib.Algebra.Order.GroupWithZero.Basic (4.7s)
✔ [1145/3070] Built Mathlib.Data.Multiset.UnionInter (1.0s)
✔ [1146/3070] Built Mathlib.Algebra.Notation.Indicator (1.6s)
✔ [1147/3070] Built Mathlib.Algebra.Group.Action.Pi (1.4s)
✔ [1148/3070] Built Mathlib.Tactic.CategoryTheory.Bicategory.PureCoherence (3.0s)
✔ [1149/3070] Built Mathlib.Order.ConditionallyCompleteLattice.Defs (1.3s)
✔ [1150/3070] Built Mathlib.Order.Interval.Set.UnorderedInterval (2.6s)
✔ [1151/3070] Built Mathlib.Tactic.CategoryTheory.Bicategory.Normalize (4.6s)
✔ [1152/3070] Built Mathlib.Data.Set.Pairwise.List (1.5s)
✔ [1153/3070] Built Mathlib.Data.Rel.Separated (1.2s)
✔ [1154/3070] Built Mathlib.Order.RelIso.Set (1.2s)
✔ [1155/3070] Built Mathlib.Data.Finset.Defs (2.1s)
✔ [1156/3070] Built Mathlib.Logic.Equiv.PartialEquiv (2.9s)
✔ [1157/3070] Built Mathlib.Order.PiLex (2.1s)
✔ [1158/3070] Built Mathlib.GroupTheory.Perm.ViaEmbedding (1.4s)
✔ [1159/3070] Built Mathlib.Algebra.Group.Pi.Lemmas (3.7s)
✔ [1160/3070] Built Mathlib.Order.Minimal (3.3s)
✔ [1161/3070] Built Mathlib.GroupTheory.Perm.Basic (1.4s)
✔ [1162/3070] Built Mathlib.Logic.Small.Basic (1.3s)
✔ [1163/3070] Built Mathlib.CategoryTheory.Equivalence (7.1s)
✔ [1164/3070] Built Mathlib.Algebra.GroupWithZero.Pointwise.Set.Basic (1.4s)
✔ [1165/3070] Built Mathlib.Algebra.Group.TypeTags.Pointwise (1.4s)
✔ [1166/3070] Built Mathlib.Algebra.Order.GroupWithZero.Submonoid (1.2s)
✔ [1167/3070] Built Mathlib.Order.Hom.Set (2.6s)
✔ [1168/3070] Built Mathlib.Algebra.Order.BigOperators.GroupWithZero.List (1.3s)
✔ [1169/3070] Built Mathlib.Algebra.Order.GroupWithZero.OrderIso (1.4s)
✔ [1170/3070] Built Mathlib.Data.Fin.SuccPred (3.6s)
✔ [1171/3070] Built Mathlib.Tactic.FieldSimp.Lemmas (2.6s)
✔ [1172/3070] Built Mathlib.Algebra.Order.Nonneg.Basic (2.2s)
✔ [1173/3070] Built Mathlib.Data.Multiset.Dedup (1.8s)
✔ [1174/3070] Built Mathlib.Data.Multiset.Range (1.6s)
✔ [1175/3070] Built Mathlib.Algebra.GroupWithZero.Indicator (1.4s)
✔ [1176/3070] Built Mathlib.Algebra.Ring.Equiv (4.6s)
✔ [1177/3070] Built Mathlib.Algebra.Order.Ring.Unbundled.Basic (3.3s)
✔ [1178/3070] Built Mathlib.Data.Nat.DvdSequence (1.5s)
✔ [1179/3070] Built Mathlib.Algebra.Group.Indicator (2.0s)
✔ [1180/3070] Built Mathlib.Data.Int.ConditionallyCompleteOrder (1.2s)
✔ [1181/3070] Built Mathlib.Algebra.Module.Basic (1.5s)
✔ [1182/3070] Built Mathlib.Data.Rel.Cover (1.0s)
✔ [1183/3070] Built Mathlib.Order.Interval.Set.OrderEmbedding (1.5s)
✔ [1184/3070] Built Mathlib.Algebra.GroupWithZero.Action.Pi (1.7s)
✔ [1185/3070] Built Mathlib.Algebra.Order.GroupWithZero.Canonical (5.6s)
✔ [1186/3070] Built Mathlib.Algebra.Order.Group.PiLex (1.4s)
✔ [1187/3070] Built Mathlib.Data.Finset.Order (1.3s)
✔ [1188/3070] Built Mathlib.Data.Finset.Erase (1.3s)
✔ [1189/3070] Built Mathlib.Data.Countable.Small (860ms)
✔ [1190/3070] Built Mathlib.Data.Finset.Attach (1.3s)
✔ [1191/3070] Built Mathlib.Data.Finset.Empty (1.4s)
✔ [1192/3070] Built Mathlib.Algebra.Torsor.Basic (3.3s)
✔ [1193/3070] Built Mathlib.CategoryTheory.ObjectProperty.Equivalence (1.4s)
✔ [1194/3070] Built Mathlib.GroupTheory.GroupAction.DomAct.Basic (2.0s)
✔ [1195/3070] Built Mathlib.Order.Bounds.OrderIso (1.1s)
✔ [1196/3070] Built Mathlib.Order.Preorder.Chain (1.7s)
✔ [1197/3070] Built Mathlib.Tactic.CategoryTheory.Bicategory.Basic (3.6s)
✔ [1198/3070] Built Mathlib.Order.Interval.Set.OrderIso (1.4s)
✔ [1199/3070] Built Mathlib.Algebra.Order.BigOperators.GroupWithZero.Multiset (1.5s)
✔ [1200/3070] Built Mathlib.Data.Fin.Embedding (1.4s)
✔ [1201/3070] Built Mathlib.Data.Fin.Rev (1.7s)
✔ [1202/3070] Built Mathlib.Order.Hom.Lex (2.7s)
✔ [1203/3070] Built Mathlib.Data.Finset.Dedup (1.9s)
✔ [1204/3070] Built Mathlib.Data.Multiset.Fold (1.9s)
✔ [1205/3070] Built Mathlib.Data.Vector.Basic (2.8s)
✔ [1206/3070] Built Mathlib.Data.NNRat.Defs (2.6s)
✔ [1207/3070] Built Mathlib.Data.Multiset.FinsetOps (2.2s)
✔ [1208/3070] Built Mathlib.Algebra.Ring.Aut (2.3s)
✔ [1209/3070] Built Mathlib.Algebra.Ring.CompTypeclasses (2.0s)
✔ [1210/3070] Built Mathlib.Algebra.Order.Ring.Defs (2.5s)
✔ [1211/3070] Built Mathlib.Order.CompleteLattice.Basic (6.1s)
✔ [1212/3070] Built Mathlib.Algebra.EuclideanDomain.Basic (3.6s)
✔ [1213/3070] Built Mathlib.Algebra.Order.GroupWithZero.WithZero (2.7s)
✔ [1214/3070] Built Mathlib.Algebra.Ring.ULift (4.3s)
✔ [1215/3070] Built Mathlib.Data.Finset.Filter (2.8s)
✔ [1216/3070] Built Mathlib.Algebra.Order.Hom.MonoidWithZero (3.8s)
✔ [1217/3070] Built Mathlib.Order.Antichain (2.2s)
✔ [1218/3070] Built Mathlib.Algebra.Module.Hom (2.9s)
✔ [1219/3070] Built Mathlib.Algebra.Group.Fin.Basic (2.2s)
✔ [1220/3070] Built Mathlib.CategoryTheory.Opposites (9.2s)
✔ [1221/3070] Built Mathlib.Order.Fin.Basic (2.9s)
✔ [1222/3070] Built Mathlib.Order.UpperLower.Basic (5.3s)
✔ [1223/3070] Built Mathlib.Algebra.Order.BigOperators.Group.Multiset (2.6s)
✔ [1224/3070] Built Mathlib.Logic.Small.List (1.7s)
✔ [1225/3070] Built Mathlib.Algebra.Order.Group.Multiset (2.1s)
✔ [1226/3070] Built Mathlib.Algebra.Field.Rat (2.0s)
✔ [1227/3070] Built Mathlib.Data.Multiset.Lattice (1.8s)
✔ [1228/3070] Built Mathlib.Algebra.Ring.Action.Group (1.8s)
✔ [1229/3070] Built Mathlib.Data.Finset.Lattice.Basic (2.4s)
✔ [1230/3070] Built Mathlib.Data.Finset.Insert (3.1s)
✔ [1231/3070] Built Mathlib.Algebra.Order.Ring.Nat (1.9s)
✔ [1232/3070] Built Mathlib.Algebra.Ring.Pi (2.8s)
✔ [1233/3070] Built Mathlib.Algebra.Star.Basic (3.2s)
✔ [1234/3070] Built Mathlib.Algebra.Order.Interval.Set.Group (1.0s)
✔ [1235/3070] Built Mathlib.Algebra.Order.Ring.Canonical (1.9s)
✔ [1236/3070] Built Mathlib.Algebra.Order.Ring.Int (2.3s)
✔ [1237/3070] Built Mathlib.Algebra.Order.Ring.InjSurj (1.5s)
✔ [1238/3070] Built Mathlib.Algebra.Ring.Prod (3.7s)
✔ [1239/3070] Built Mathlib.Algebra.Order.Ring.Rat (1.9s)
✔ [1240/3070] Built Mathlib.Data.Nat.Choose.Bounds (2.2s)
✔ [1241/3070] Built Mathlib.Algebra.Order.Interval.Set.Instances (2.6s)
✔ [1242/3070] Built Mathlib.Tactic.CancelDenoms.Core (3.1s)
✔ [1243/3070] Built Mathlib.Algebra.Order.Archimedean.Defs (1.9s)
✔ [1244/3070] Built Mathlib.Algebra.Order.Positive.Ring (2.0s)
✔ [1245/3070] Built Mathlib.Algebra.Order.Ring.Basic (2.2s)
✔ [1246/3070] Built Mathlib.Order.CompleteLattice.Group (1.3s)
✔ [1247/3070] Built Mathlib.Order.CompleteLattice.Lemmas (1.8s)
✔ [1248/3070] Built Mathlib.CategoryTheory.ObjectProperty.CompleteLattice (1.8s)
✔ [1249/3070] Built Mathlib.Data.Setoid.Basic (1.8s)
✔ [1250/3070] Built Mathlib.Order.OmegaCompletePartialOrder (3.9s)
✔ [1251/3070] Built Mathlib.Data.Fintype.Defs (2.2s)
✔ [1252/3070] Built Mathlib.Order.GaloisConnection.Basic (2.7s)
✔ [1253/3070] Built Mathlib.Algebra.Order.Module.Defs (7.1s)
✔ [1254/3070] Built Mathlib.Algebra.Order.Hom.Ring (2.5s)
✔ [1255/3070] Built Mathlib.Order.Interval.Set.OrdConnected (2.0s)
✔ [1256/3070] Built Mathlib.Algebra.CharP.Basic (1.7s)
✔ [1257/3070] Built Mathlib.CategoryTheory.Functor.Const (1.0s)
✔ [1258/3070] Built Mathlib.CategoryTheory.Functor.TwoSquare (2.2s)
✔ [1259/3070] Built Mathlib.Algebra.Module.LinearMap.Defs (9.5s)
✔ [1260/3070] Built Mathlib.Order.UpperLower.Fibration (1.5s)
✔ [1261/3070] Built Mathlib.CategoryTheory.EqToHom (2.9s)
✔ [1262/3070] Built Mathlib.Order.InitialSeg (3.1s)
✔ [1263/3070] Built Mathlib.Algebra.GCDMonoid.Multiset (2.3s)
✔ [1264/3070] Built Mathlib.Order.Interval.Set.Fin (3.1s)
✔ [1265/3070] Built Mathlib.Algebra.BigOperators.Group.Multiset.Basic (2.5s)
✔ [1266/3070] Built Mathlib.Data.Multiset.OrderedMonoid (1.9s)
✔ [1267/3070] Built Mathlib.Data.Multiset.Sum (1.0s)
✔ [1268/3070] Built Mathlib.Data.Fin.Tuple.Basic (3.9s)
✔ [1269/3070] Built Mathlib.Algebra.Module.Rat (2.2s)
✔ [1270/3070] Built Mathlib.Algebra.Ring.Action.End (1.4s)
✔ [1271/3070] Built Mathlib.Data.Rat.Cast.Defs (2.3s)
✔ [1272/3070] Built Mathlib.Data.Finset.Range (1.7s)
✔ [1273/3070] Built Mathlib.Algebra.IsPrimePow (1.8s)
✔ [1274/3070] Built Mathlib.Data.Finset.Lattice.Lemmas (1.8s)
✔ [1275/3070] Built Mathlib.Data.Nat.Cast.Order.Ring (1.8s)
✔ [1276/3070] Built Mathlib.Data.Finset.Disjoint (1.8s)
✔ [1277/3070] Built Mathlib.Data.Finset.SDiff (2.1s)
✔ [1278/3070] Built Mathlib.Algebra.Module.Pi (1.5s)
✔ [1279/3070] Built Mathlib.Algebra.Order.Pi (1.5s)
✔ [1280/3070] Built Mathlib.Data.FunLike.Ring (1.6s)
✔ [1281/3070] Built Mathlib.Algebra.Order.BigOperators.Ring.List (1.1s)
✔ [1282/3070] Built Mathlib.Algebra.Order.Field.Canonical (1.3s)
✔ [1283/3070] Built Mathlib.Algebra.Star.Pi (1.4s)
✔ [1284/3070] Built Mathlib.Algebra.Star.Prod (1.4s)
✔ [1285/3070] Built Mathlib.Algebra.Star.StarRingHom (2.5s)
✔ [1286/3070] Built Mathlib.Algebra.Star.MonoidHom (2.3s)
✔ [1287/3070] Built Mathlib.CategoryTheory.ObjectProperty.Opposite (1.6s)
✔ [1288/3070] Built Mathlib.Data.PNat.Basic (1.9s)
✔ [1289/3070] Built Mathlib.Algebra.Order.Kleene (2.6s)
✔ [1290/3070] Built Mathlib.Topology.Defs.Filter (1.0s)
✔ [1291/3070] Built Mathlib.Algebra.Order.Ring.WithTop (3.5s)
✔ [1292/3070] Built Mathlib.Algebra.Order.Group.Pointwise.Bounds (1.5s)
✔ [1293/3070] Built Mathlib.Data.Sym.Basic (2.5s)
✔ [1294/3070] Built Mathlib.Order.Hom.Order (1.7s)
✔ [1295/3070] Built Mathlib.Tactic.FinCases (1.7s)
✔ [1296/3070] Built Mathlib.Algebra.Order.Nonneg.Module (1.9s)
✔ [1297/3070] Built Mathlib.Algebra.Module.LinearMap.Prod (1.3s)
✔ [1298/3070] Built Mathlib.GroupTheory.Congruence.Defs (3.5s)
✔ [1299/3070] Built Mathlib.Tactic.LinearCombination.Lemmas (1.8s)
✔ [1300/3070] Built Mathlib.Order.Interval.Set.ProjIcc (1.0s)
✔ [1301/3070] Built Mathlib.Order.CompleteBooleanAlgebra (4.5s)
✔ [1302/3070] Built Mathlib.CategoryTheory.Category.ULift (2.2s)
✔ [1303/3070] Built Mathlib.Algebra.Algebra.Defs (2.4s)
✔ [1304/3070] Built Mathlib.CategoryTheory.Bicategory.Strict.Basic (1.6s)
✔ [1305/3070] Built Mathlib.CategoryTheory.Bicategory.Functor.Prelax (2.2s)
✔ [1306/3070] Built Mathlib.CategoryTheory.Category.Preorder (1.0s)
✔ [1307/3070] Built Mathlib.Order.Cover (3.7s)
✔ [1308/3070] Built Mathlib.Data.Multiset.Bind (2.2s)
✔ [1309/3070] Built Mathlib.Algebra.Ring.Fin (1.5s)
✔ [1310/3070] Built Mathlib.Data.List.OfFn (1.5s)
✔ [1311/3070] Built Mathlib.Algebra.Star.Rat (1.5s)
✔ [1312/3070] Built Mathlib.Data.Fin.Tuple.Take (1.7s)
✔ [1313/3070] Built Mathlib.Data.Rat.Cast.CharZero (1.6s)
✔ [1314/3070] Built Mathlib.Algebra.Order.Ring.Cast (1.7s)
✔ [1315/3070] Built Mathlib.Data.Fin.VecNotation (2.7s)
✔ [1316/3070] Built Mathlib.Algebra.Order.Ring.Abs (2.1s)
✔ [1317/3070] Built Mathlib.Algebra.Order.Invertible (1.7s)
✔ [1318/3070] Built Mathlib.CategoryTheory.Products.Basic (4.9s)
✔ [1319/3070] Built Mathlib.Tactic.Linarith.Lemmas (1.7s)
✔ [1320/3070] Built Mathlib.Tactic.NormNum.Abs (1.9s)
✔ [1321/3070] Built Mathlib.Algebra.Order.Ring.Pow (2.2s)
✔ [1322/3070] Built Mathlib.Algebra.Module.Torsion.Pi (1.4s)
✔ [1323/3070] Built Mathlib.Data.FunLike.Module (1.6s)
✔ [1324/3070] Built Mathlib.Data.Finset.Image (2.9s)
✔ [1325/3070] Built Mathlib.Algebra.Order.BigOperators.Ring.Multiset (1.7s)
✔ [1326/3070] Built Mathlib.Data.PNat.Prime (1.8s)
✔ [1327/3070] Built Mathlib.Tactic.PNatToNat (1.8s)
✔ [1328/3070] Built Mathlib.Data.Finset.Basic (2.0s)
✔ [1329/3070] Built Mathlib.GroupTheory.Congruence.Opposite (1.4s)
✔ [1330/3070] Built Mathlib.Data.Set.BooleanAlgebra (1.2s)
✔ [1331/3070] Built Mathlib.LinearAlgebra.Matrix.Defs (2.0s)
✔ [1332/3070] Built Mathlib.Algebra.Module.Equiv.Defs (8.8s)
✔ [1333/3070] Built Mathlib.Data.Multiset.Powerset (1.6s)
✔ [1334/3070] Built Mathlib.GroupTheory.Congruence.Hom (2.3s)
✔ [1335/3070] Built Mathlib.Data.Multiset.Sections (1.4s)
✔ [1336/3070] Built Mathlib.Data.Multiset.Pi (1.5s)
✔ [1337/3070] Built Mathlib.RingTheory.Congruence.Defs (3.3s)
✔ [1338/3070] Built Mathlib.Algebra.Group.Pointwise.Set.ListOfFn (1.6s)
✔ [1339/3070] Built Mathlib.Data.List.FinRange (1.7s)
✔ [1340/3070] Built Mathlib.Order.ModularLattice (2.8s)
✔ [1341/3070] Built Mathlib.Data.List.Sort (2.6s)
✔ [1342/3070] Built Mathlib.Algebra.Group.Fin.Tuple (1.6s)
✔ [1343/3070] Built Mathlib.Tactic.Qify (1.6s)
✔ [1344/3070] Built Mathlib.Logic.Equiv.Fin.Basic (2.3s)
✔ [1345/3070] Built Mathlib.Tactic.NormNum.Inv (2.6s)
✔ [1346/3070] Built Mathlib.Data.Int.Order.Units (1.5s)
✔ [1347/3070] Built Mathlib.Data.Rat.Sqrt (1.6s)
✔ [1348/3070] Built Mathlib.Algebra.Order.Floor.Defs (2.4s)
✔ [1349/3070] Built Mathlib.Algebra.Star.SelfAdjoint (4.2s)
✔ [1350/3070] Built Mathlib.Data.Fintype.OfMap (1.5s)
✔ [1351/3070] Built Mathlib.Tactic.Linarith.Datatypes (1.7s)
✔ [1352/3070] Built Mathlib.Algebra.Group.Nat.Range (1.5s)
✔ [1353/3070] Built Mathlib.Data.Finset.SymmDiff (1.4s)
✔ [1354/3070] Built Mathlib.Data.Fintype.Inv (1.2s)
✔ [1355/3070] Built Mathlib.Algebra.Module.LinearMap.Basic (2.4s)
✔ [1356/3070] Built Mathlib.Tactic.Positivity.Core (4.4s)
✔ [1357/3070] Built Mathlib.Data.Finset.Fold (1.6s)
✔ [1358/3070] Built Mathlib.Data.Finset.BooleanAlgebra (1.8s)
✔ [1359/3070] Built Mathlib.CategoryTheory.Functor.Currying (4.4s)
✔ [1360/3070] Built Mathlib.Data.Matrix.Diagonal (2.5s)
✔ [1361/3070] Built Mathlib.CategoryTheory.Pi.Basic (5.4s)
✔ [1362/3070] Built Mathlib.Data.Set.Semiring (2.5s)
✔ [1363/3070] Built Mathlib.Order.Interval.Set.Pi (2.7s)
✔ [1364/3070] Built Mathlib.Data.Set.Sigma (3.1s)
✔ [1365/3070] Built Mathlib.GroupTheory.GroupAction.Defs (3.6s)
✔ [1366/3070] Built Mathlib.Algebra.Algebra.Rat (2.1s)
✔ [1367/3070] Built Mathlib.Data.Finset.Card (4.8s)
✔ [1368/3070] Built Mathlib.Order.Closure (2.7s)
✔ [1369/3070] Built Mathlib.Algebra.Module.LinearMap.Star (1.9s)
✔ [1370/3070] Built Mathlib.Algebra.Module.ULift (2.5s)
✔ [1371/3070] Built Mathlib.Algebra.Module.Equiv.Opposite (1.6s)
✔ [1372/3070] Built Mathlib.Data.List.Pi (1.7s)
✔ [1373/3070] Built Mathlib.Data.Multiset.Antidiagonal (1.8s)
✔ [1374/3070] Built Mathlib.Data.Nat.Factors (1.7s)
✔ [1375/3070] Built Mathlib.CategoryTheory.Monoidal.Category (8.9s)
✔ [1376/3070] Built Mathlib.Data.Multiset.Sort (1.6s)
✔ [1377/3070] Built Mathlib.Data.Set.Lattice (4.9s)
✔ [1378/3070] Built Mathlib.Data.List.NodupEquivFin (2.0s)
✔ [1379/3070] Built Mathlib.Logic.Equiv.Fin.Rotate (1.5s)
✔ [1380/3070] Built Mathlib.Order.Fin.Tuple (2.1s)
✔ [1381/3070] Built Mathlib.Algebra.Order.Nonneg.Floor (1.5s)
✔ [1382/3070] Built Mathlib.Tactic.NormNum.Eq (1.0s)
✔ [1383/3070] Built Mathlib.Algebra.Star.StarProjection (1.6s)
✔ [1384/3070] Built Mathlib.Tactic.Linarith.Parsing (1.6s)
✔ [1385/3070] Built Mathlib.Tactic.Linarith.Oracle.FourierMotzkin (1.5s)
✔ [1386/3070] Built Mathlib.Tactic.DeriveFintype (1.0s)
✔ [1387/3070] Built Mathlib.Tactic.Linarith.Oracle.SimplexAlgorithm (1.8s)
✔ [1388/3070] Built Mathlib.Tactic.Linarith.Preprocessing (2.2s)
✔ [1389/3070] Built Mathlib.Algebra.Order.Floor.Semiring (2.7s)
✔ [1390/3070] Built Mathlib.Algebra.Order.Field.Power (2.2s)
✔ [1391/3070] Built Mathlib.Algebra.Order.Algebra (2.3s)
✔ [1392/3070] Built Mathlib.Algebra.Order.AbsoluteValue.Basic (2.6s)
✔ [1393/3070] Built Mathlib.Algebra.Order.Module.Field (2.3s)
✔ [1394/3070] Built Mathlib.Tactic.Finiteness (1.9s)
✔ [1395/3070] Built Mathlib.Algebra.GCDMonoid.Finset (1.0s)
✔ [1396/3070] Built Mathlib.Tactic.FieldSimp.Discharger (2.2s)
✔ [1397/3070] Built Mathlib.Data.Finset.Union (2.6s)
✔ [1398/3070] Built Mathlib.Data.Finset.Piecewise (1.9s)
✔ [1399/3070] Built Mathlib.Data.Finset.Fin (1.5s)
✔ [1400/3070] Built Mathlib.Algebra.Ring.Action.Submonoid (1.8s)
✔ [1401/3070] Built Mathlib.Data.Fintype.Sets (2.3s)
✔ [1402/3070] Built Mathlib.Algebra.Order.Field.Basic (5.1s)
✔ [1403/3070] Built Mathlib.Data.Finset.Sum (2.2s)
✔ [1404/3070] Built Mathlib.Data.Fintype.Quotient (1.6s)
✔ [1405/3070] Built Mathlib.CategoryTheory.Discrete.Basic (3.5s)
✔ [1406/3070] Built Mathlib.Algebra.BigOperators.Ring.Multiset (1.5s)
✔ [1407/3070] Built Mathlib.Tactic.CategoryTheory.MonoidalComp (1.5s)
✔ [1408/3070] Built Mathlib.Order.Cofinal (1.2s)
✔ [1409/3070] Built Mathlib.Tactic.Simproc.Factors (1.8s)
✔ [1410/3070] Built Mathlib.Data.Set.Constructions (1.4s)
✔ [1411/3070] Built Mathlib.Tactic.Ring.Common (8.9s)
✔ [1412/3070] Built Mathlib.Tactic.Monotonicity.Lemmas (1.0s)
✔ [1413/3070] Built Mathlib.Order.BourbakiWitt (1.6s)
✔ [1414/3070] Built Mathlib.Data.Set.UnionLift (1.3s)
✔ [1415/3070] Built Mathlib.Order.DirSupClosed (1.7s)
✔ [1416/3070] Built Mathlib.Order.ConditionallyCompletePartialOrder.Basic (1.5s)
✔ [1417/3070] Built Mathlib.Order.CompleteLattice.Chain (1.3s)
✔ [1418/3070] Built Mathlib.Algebra.Module.LinearMap.End (3.8s)
✔ [1419/3070] Built Mathlib.Logic.Small.Set (1.4s)
✔ [1420/3070] Built Mathlib.Tactic.Positivity.Basic (8.9s)
✔ [1421/3070] Built Mathlib.Data.Set.Pairwise.Lattice (1.9s)
✔ [1422/3070] Built Mathlib.Order.Filter.Basic (3.9s)
✔ [1423/3070] Built Mathlib.Data.Set.Lattice.Image (3.3s)
✔ [1424/3070] Built Mathlib.Data.Sign.Defs (2.7s)
✔ [1425/3070] Built Mathlib.Algebra.Order.Module.Pointwise (2.6s)
✔ [1426/3070] Built Mathlib.Tactic.Linarith.Verification (2.9s)
✔ [1427/3070] Built Mathlib.Data.Finset.Pi (2.4s)
✔ [1428/3070] Built Mathlib.Data.Finset.Option (1.0s)
✔ [1429/3070] Built Mathlib.Data.Finset.Prod (2.6s)
✔ [1430/3070] Built Mathlib.Data.Fintype.Basic (1.9s)
✔ [1431/3070] Built Mathlib.Tactic.NormNum.Ineq (4.5s)
✔ [1432/3070] Built Mathlib.Data.Nat.Cast.Order.Field (1.5s)
✔ [1433/3070] Built Mathlib.CategoryTheory.Products.Unitor (1.4s)
✔ [1434/3070] Built Mathlib.CategoryTheory.PEmpty (1.4s)
✔ [1435/3070] Built Mathlib.CategoryTheory.PUnit (1.9s)
✔ [1436/3070] Built Mathlib.Tactic.Monotonicity (1.3s)
✔ [1437/3070] Built Mathlib.Algebra.BigOperators.Group.Finset.Defs (4.6s)
✔ [1438/3070] Built Mathlib.Data.Finset.Lattice.Fold (4.9s)
✔ [1439/3070] Built Mathlib.Algebra.Order.CauSeq.Basic (5.2s)
✔ [1440/3070] Built Mathlib.Tactic.CategoryTheory.Monoidal.Datatypes (3.8s)
✔ [1441/3070] Built Mathlib.Order.ConditionallyCompletePartialOrder.Indexed (2.1s)
✔ [1442/3070] Built Mathlib.Order.FixedPoints (2.8s)
✔ [1443/3070] Built Mathlib.Order.Zorn (1.5s)
✔ [1444/3070] Built Mathlib.Algebra.Order.Group.Pointwise.Interval (6.5s)
✔ [1445/3070] Built Mathlib.Tactic.Ring.Basic (5.0s)
✔ [1446/3070] Built Mathlib.Order.Filter.AtTopBot.Defs (1.6s)
✔ [1447/3070] Built Mathlib.Tactic.Peel (1.8s)
✔ [1448/3070] Built Mathlib.Order.Interval.Set.OrdConnectedComponent (1.7s)
✔ [1449/3070] Built Mathlib.Order.ConditionallyCompleteLattice.Basic (4.1s)
✔ [1450/3070] Built Mathlib.Data.Nat.Pairing (1.3s)
✔ [1451/3070] Built Mathlib.Algebra.Group.Pointwise.Set.Lattice (2.3s)
✔ [1452/3070] Built Mathlib.Algebra.Group.Subsemigroup.Basic (1.7s)
✔ [1453/3070] Built Mathlib.Data.Set.Functor (1.7s)
✔ [1454/3070] Built Mathlib.Tactic.FieldSimp (10s)
✔ [1455/3070] Built Mathlib.Algebra.Group.Action.Pointwise.Set.Basic (2.6s)
✔ [1456/3070] Built Mathlib.Order.Interval.Set.Disjoint (2.1s)
✔ [1457/3070] Built Mathlib.Order.Filter.Map (2.6s)
✔ [1458/3070] Built Mathlib.Order.CompleteLattice.Finset (2.2s)
✔ [1459/3070] Built Mathlib.Tactic.CancelDenoms (1.6s)
✔ [1460/3070] Built Mathlib.Data.Fintype.Card (2.2s)
✔ [1461/3070] Built Mathlib.Algebra.Group.TransferInstance (2.2s)
✔ [1462/3070] Built Mathlib.Order.UpperLower.CompleteLattice (3.4s)
✔ [1463/3070] Built Mathlib.Order.Hom.CompleteLattice (3.4s)
✔ [1464/3070] Built Mathlib.Tactic.NormNum.DivMod (1.9s)
✔ [1465/3070] Built Mathlib.Data.Rat.BigOperators (1.3s)
✔ [1466/3070] Built Mathlib.Algebra.BigOperators.RingEquiv (1.4s)
✔ [1467/3070] Built Mathlib.Algebra.Regular.Pow (1.4s)
✔ [1468/3070] Built Mathlib.Data.Nat.GCD.BigOperators (1.5s)
✔ [1469/3070] Built Mathlib.Algebra.CharP.Two (1.7s)
✔ [1470/3070] Built Mathlib.Algebra.Order.GroupWithZero.Finset (1.4s)
✔ [1471/3070] Built Mathlib.Data.Sym.Sym2 (5.1s)
✔ [1472/3070] Built Mathlib.Data.Finset.Lattice.Prod (1.8s)
✔ [1473/3070] Built Mathlib.Data.Finset.Lattice.Union (1.5s)
✔ [1474/3070] Built Mathlib.Data.Finset.Max (2.5s)
✔ [1475/3070] Built Mathlib.SetTheory.Cardinal.SchroederBernstein (1.0s)
✔ [1476/3070] Built Mathlib.Algebra.Order.CauSeq.Completion (3.2s)
✔ [1477/3070] Built Mathlib.Tactic.CategoryTheory.Monoidal.PureCoherence (3.3s)
✔ [1478/3070] Built Mathlib.Tactic.Ring.Compare (2.5s)
✔ [1479/3070] Built Mathlib.Tactic.Ring.RingNF (2.1s)
✔ [1480/3070] Built Mathlib.Algebra.Module.Equiv.Basic (11s)
✔ [1481/3070] Built Mathlib.Tactic.Linarith.Frontend (2.9s)
✔ [1482/3070] Built Mathlib.Topology.Defs.Sequences (1.1s)
✔ [1483/3070] Built Mathlib.Tactic.Ring.PNat (1.3s)
✔ [1484/3070] Built Mathlib.Algebra.Order.Group.Action (1.1s)
✔ [1485/3070] Built Mathlib.Algebra.BigOperators.Group.Finset.Basic (5.7s)
✔ [1486/3070] Built Mathlib.Tactic.CategoryTheory.Monoidal.Normalize (4.4s)
✔ [1487/3070] Built Mathlib.Order.Copy (1.5s)
✔ [1488/3070] Built Mathlib.Order.OrdContinuous (1.4s)
✔ [1489/3070] Built Mathlib.Logic.Equiv.Nat (1.1s)
✔ [1490/3070] Built Mathlib.Tactic.DeriveCountable (1.8s)
✔ [1491/3070] Built Mathlib.GroupTheory.Subsemigroup.Centralizer (1.5s)
✔ [1492/3070] Built Mathlib.Order.CompleteLatticeIntervals (2.8s)
✔ [1493/3070] Built Mathlib.Order.ConditionallyCompleteLattice.Indexed (2.7s)
✔ [1494/3070] Built Mathlib.Algebra.Group.Subsemigroup.Membership (1.6s)
✔ [1495/3070] Built Mathlib.Algebra.Group.Submonoid.Basic (2.2s)
✔ [1496/3070] Built Mathlib.Algebra.Group.Subsemigroup.MulOpposite (1.6s)
✔ [1497/3070] Built Mathlib.Data.Set.Subset (1.5s)
✔ [1498/3070] Built Mathlib.CategoryTheory.Comma.Basic (10s)
✔ [1499/3070] Built Mathlib.Order.Filter.AtTopBot.Disjoint (1.1s)
✔ [1500/3070] Built Mathlib.Tactic.Field (1.4s)
✔ [1501/3070] Built Mathlib.Order.Filter.Tendsto (1.3s)
✔ [1502/3070] Built Mathlib.Order.SuccPred.Basic (4.3s)
✔ [1503/3070] Built Mathlib.Algebra.GroupWithZero.Action.Pointwise.Set (1.8s)
✔ [1504/3070] Built Mathlib.Order.Filter.Ker (1.3s)
✔ [1505/3070] Built Mathlib.Algebra.Group.Subsemigroup.Operations (4.1s)
✔ [1506/3070] Built Mathlib.Algebra.Group.TypeTags.Finite (1.6s)
✔ [1507/3070] Built Mathlib.Order.Filter.Bases.Basic (2.4s)
✔ [1508/3070] Built Mathlib.GroupTheory.DedekindFinite (1.5s)
✔ [1509/3070] Built Mathlib.Data.Fintype.Parity (1.5s)
✔ [1510/3070] Built Mathlib.Data.Finset.Sigma (2.2s)
✔ [1511/3070] Built Mathlib.Algebra.Group.Action.TransferInstance (1.6s)
✔ [1512/3070] Built Mathlib.Data.Fintype.EquivFin (1.0s)
✔ [1513/3070] Built Mathlib.Order.UpperLower.Principal (1.7s)
✔ [1514/3070] Built Mathlib.Algebra.Ring.TransferInstance (2.0s)
✔ [1515/3070] Built Mathlib.Tactic.NormNum.ModEq (1.6s)
✔ [1516/3070] Built Mathlib.Data.Fintype.Lattice (1.5s)
✔ [1517/3070] Built Mathlib.Algebra.Order.Group.Finset (1.9s)
✔ [1518/3070] Built Mathlib.Data.Finset.Powerset (2.3s)
✔ [1519/3070] Built Mathlib.Data.List.Sym (2.7s)
✔ [1520/3070] Built Mathlib.Tactic.Ring (1.7s)
✔ [1521/3070] Built Mathlib.LinearAlgebra.GeneralLinearGroup.Basic (1.0s)
✔ [1522/3070] Built Mathlib.Tactic.LinearCombination (2.3s)
✔ [1523/3070] Built Mathlib.Algebra.BigOperators.Option (1.6s)
✔ [1524/3070] Built Mathlib.Tactic.Bound (2.3s)
✔ [1525/3070] Built Mathlib.Data.Real.Basic (3.2s)
✔ [1526/3070] Built Mathlib.Algebra.BigOperators.Group.Finset.Indicator (1.3s)
✔ [1527/3070] Built Mathlib.Algebra.Group.EvenFunction (1.7s)
✔ [1528/3070] Built Mathlib.Algebra.BigOperators.Group.Finset.Lemmas (1.5s)
✔ [1529/3070] Built Mathlib.Data.Multiset.Fintype (2.9s)
✔ [1530/3070] Built Mathlib.Algebra.BigOperators.GroupWithZero.Finset (1.6s)
✔ [1531/3070] Built Mathlib.Tactic.NormNum.BigOperators (3.2s)
✔ [1532/3070] Built Mathlib.Data.Countable.Basic (1.4s)
✔ [1533/3070] Built Mathlib.Data.Finset.NoncommProd (2.4s)
✔ [1534/3070] Built Mathlib.Algebra.BigOperators.Group.Finset.Piecewise (2.5s)
✔ [1535/3070] Built Mathlib.Algebra.Order.Nonneg.Lattice (1.6s)
✔ [1536/3070] Built Mathlib.Logic.Encodable.Basic (1.0s)
✔ [1537/3070] Built Mathlib.Order.ConditionallyCompleteLattice.Group (1.2s)
✔ [1538/3070] Built Mathlib.Algebra.Ring.Submonoid.Basic (1.0s)
✔ [1539/3070] Built Mathlib.Algebra.Order.Group.Indicator (1.9s)
✔ [1540/3070] Built Mathlib.Algebra.Group.Submonoid.MulOpposite (1.5s)
✔ [1541/3070] Built Mathlib.Order.Filter.AtTopBot.Tendsto (1.2s)
✔ [1542/3070] Built Mathlib.Order.Filter.AtTopBot.Map (944ms)
✔ [1543/3070] Built Mathlib.Tactic.CategoryTheory.Monoidal.Basic (4.2s)
✔ [1544/3070] Built Mathlib.Algebra.Order.Group.Pointwise.CompleteLattice (3.9s)
✔ [1545/3070] Built Mathlib.Order.Filter.Extr (2.2s)
✔ [1546/3070] Built Mathlib.Order.Filter.Prod (2.3s)
✔ [1547/3070] Built Mathlib.Order.SuccPred.WithBot (1.8s)
✔ [1548/3070] Built Mathlib.Tactic.Widget.StringDiagram (5.6s)
✔ [1549/3070] Built Mathlib.Order.Interval.Set.SuccPred (2.0s)
✔ [1550/3070] Built Mathlib.CategoryTheory.Comma.Arrow (3.4s)
✔ [1551/3070] Built Mathlib.Algebra.Ring.Action.Pointwise.Set (1.6s)
✔ [1552/3070] Built Mathlib.Algebra.BigOperators.Group.Finset.Sigma (1.6s)
✔ [1553/3070] Built Mathlib.Order.SuccPred.Archimedean (2.6s)
✔ [1554/3070] Built Mathlib.Algebra.GroupWithZero.Action.TransferInstance (1.5s)
✔ [1555/3070] Built Mathlib.Data.Fintype.Sigma (2.2s)
✔ [1556/3070] Built Mathlib.Data.Fintype.Prod (1.6s)
✔ [1557/3070] Built Mathlib.Algebra.Group.Shrink (1.8s)
✔ [1558/3070] Built Mathlib.Data.Fintype.Sum (1.7s)
✔ [1559/3070] Built Mathlib.Data.Fintype.Pigeonhole (1.6s)
✔ [1560/3070] Built Mathlib.Order.Atoms (4.9s)
✔ [1561/3070] Built Mathlib.Data.Finset.Sort (2.0s)
✔ [1562/3070] Built Mathlib.Algebra.Group.Submonoid.Operations (6.7s)
✔ [1563/3070] Built Mathlib.CategoryTheory.FinCategory.Basic (1.4s)
✔ [1564/3070] Built Mathlib.Data.Finite.Set (1.4s)
✔ [1565/3070] Built Mathlib.Data.ZMod.Defs (1.0s)
✔ [1566/3070] Built Mathlib.Data.Fintype.Perm (2.0s)
✔ [1567/3070] Built Mathlib.Logic.Equiv.Fintype (1.9s)
✔ [1568/3070] Built Mathlib.Data.Set.Finite.Range (1.6s)
✔ [1569/3070] Built Mathlib.Data.Fintype.Option (1.4s)
✔ [1570/3070] Built Mathlib.Algebra.BigOperators.Group.Finset.Powerset (1.5s)
✔ [1571/3070] Built Mathlib.Data.Fintype.Powerset (1.4s)
✔ [1572/3070] Built Mathlib.Data.Fintype.List (1.5s)
✔ [1573/3070] Built Mathlib.Algebra.Field.TransferInstance (1.6s)
✔ [1574/3070] Built Mathlib.Data.Multiset.Sym (1.3s)
✔ [1575/3070] Built Mathlib.Order.UpperLower.Closure (2.3s)
✔ [1576/3070] Built Mathlib.Data.Set.Finite.Basic (2.6s)
✔ [1577/3070] Built Mathlib.Algebra.Order.BigOperators.GroupWithZero.Finset (1.0s)
✔ [1578/3070] Built Mathlib.Tactic.Group (1.9s)
✔ [1579/3070] Built Mathlib.RingTheory.Coprime.Basic (2.5s)
✔ [1580/3070] Built Mathlib.Data.Real.Star (1.8s)
✔ [1581/3070] Built Mathlib.Tactic.ComputeAsymptotics.Multiseries.Monomial.Predicates (1.9s)
✔ [1582/3070] Built Mathlib.Algebra.BigOperators.WithTop (1.9s)
✔ [1583/3070] Built Mathlib.Tactic.LinearCombinationPrime (2.5s)
✔ [1584/3070] Built Mathlib.Algebra.Group.Submonoid.BigOperators (2.0s)
✔ [1585/3070] Built Mathlib.GroupTheory.Perm.Support (2.4s)
✔ [1586/3070] Built Mathlib.Algebra.BigOperators.Pi (2.4s)
✔ [1587/3070] Built Mathlib.Data.Rat.Encodable (1.3s)
✔ [1588/3070] Built Mathlib.Algebra.Group.Pointwise.Set.BigOperators (2.1s)
✔ [1589/3070] Built Mathlib.Algebra.Order.Nonneg.Ring (2.1s)
✔ [1590/3070] Built Mathlib.Logic.Denumerable (2.3s)
✔ [1591/3070] Built Mathlib.Logic.Encodable.Lattice (1.6s)
✔ [1592/3070] Built Mathlib.Algebra.Group.Subgroup.MulOpposite (1.8s)
✔ [1593/3070] Built Mathlib.Order.Filter.AtTopBot.CompleteLattice (1.3s)
✔ [1594/3070] Built Mathlib.Tactic.DeriveEncodable (2.9s)
✔ [1595/3070] Built Mathlib.Order.Filter.AtTopBot.Monoid (1.6s)
✔ [1596/3070] Built Mathlib.Order.Filter.NAry (1.6s)
✔ [1597/3070] Built Mathlib.Data.Complex.Basic (5.3s)
✔ [1598/3070] Built Mathlib.Order.Filter.Curry (1.4s)
✔ [1599/3070] Built Mathlib.Order.Filter.AtTopBot.Basic (2.4s)
✔ [1600/3070] Built Mathlib.Order.Filter.Lift (1.8s)
✔ [1601/3070] Built Mathlib.Order.SuccPred.Relation (1.6s)
✔ [1602/3070] Built Mathlib.Data.Finite.Sigma (1.3s)
✔ [1603/3070] Built Mathlib.CategoryTheory.CommSq (2.5s)
✔ [1604/3070] Built Mathlib.Algebra.Module.TransferInstance (1.7s)
✔ [1605/3070] Built Mathlib.Algebra.Ring.Shrink (1.4s)
✔ [1606/3070] Built Mathlib.Order.ZornAtoms (1.4s)
✔ [1607/3070] Built Mathlib.Data.Finite.Sum (1.4s)
✔ [1608/3070] Built Mathlib.CategoryTheory.MorphismProperty.Basic (2.0s)
✔ [1609/3070] Built Mathlib.Algebra.GroupWithZero.Submonoid.Instances (1.5s)
✔ [1610/3070] Built Mathlib.Order.SuccPred.Limit (3.5s)
✔ [1611/3070] Built Mathlib.Algebra.Group.Submonoid.Finite (1.8s)
✔ [1612/3070] Built Mathlib.Algebra.Order.BigOperators.Group.Finset (4.0s)
✔ [1613/3070] Built Mathlib.GroupTheory.Submonoid.Center (2.3s)
✔ [1614/3070] Built Mathlib.CategoryTheory.FinCategory.AsType (1.8s)
✔ [1615/3070] Built Mathlib.GroupTheory.Congruence.Basic (2.7s)
✔ [1616/3070] Built Mathlib.Data.SetLike.Fintype (1.5s)
✔ [1617/3070] Built Mathlib.Algebra.Group.Submonoid.Membership (3.7s)
✔ [1618/3070] Built Mathlib.Data.Set.Finite.Powerset (1.8s)
✔ [1619/3070] Built Mathlib.Data.Finset.Preimage (2.1s)
✔ [1620/3070] Built Mathlib.Data.Set.Finite.Lemmas (1.7s)
✔ [1621/3070] Built Mathlib.Algebra.Group.Subgroup.Lattice (4.4s)
✔ [1622/3070] Built Mathlib.Data.Fintype.Pi (2.4s)
✔ [1623/3070] Built Mathlib.Data.Nat.Count (1.8s)
✔ [1624/3070] Built Mathlib.Algebra.Star.Pointwise (2.0s)
✔ [1625/3070] Built Mathlib.Algebra.FiniteSupport.Defs (1.8s)
✔ [1626/3070] Built Mathlib.Topology.Basic (1.9s)
✔ [1627/3070] Built Mathlib.Data.List.Cycle (5.1s)
✔ [1628/3070] Built Mathlib.Order.Interval.Set.Infinite (1.7s)
✔ [1629/3070] Built Mathlib.Order.SupIndep (3.9s)
✔ [1630/3070] Built Mathlib.GroupTheory.MonoidLocalization.Basic (6.8s)
✔ [1631/3070] Built Mathlib.Order.Preorder.Finite (2.0s)
✔ [1632/3070] Built Mathlib.Tactic.AddGroup (1.9s)
✔ [1633/3070] Built Mathlib.RingTheory.UniqueFactorizationDomain.Defs (1.9s)
✔ [1634/3070] Built Mathlib.GroupTheory.Perm.List (2.2s)
✔ [1635/3070] Built Mathlib.Algebra.Order.Ring.NNRat (1.6s)
✔ [1636/3070] Built Mathlib.Logic.Equiv.List (1.8s)
✔ [1637/3070] Built Mathlib.Order.Filter.SmallSets (1.7s)
✔ [1638/3070] Built Mathlib.Algebra.Order.Nonneg.Field (2.3s)
✔ [1639/3070] Built Mathlib.Order.Filter.AtTopBot.ModEq (1.6s)
✔ [1640/3070] Built Mathlib.Order.Filter.AtTopBot.Prod (1.7s)
✔ [1641/3070] Built Mathlib.GroupTheory.Coset.Defs (2.3s)
✔ [1642/3070] Built Mathlib.Order.Filter.AtTopBot.Group (1.8s)
✔ [1643/3070] Built Mathlib.Algebra.Module.Shrink (1.4s)
✔ [1644/3070] Built Mathlib.Data.DFinsupp.Defs (5.3s)
✔ [1645/3070] Built Mathlib.Order.Filter.Ultrafilter.Defs (1.9s)
✔ [1646/3070] Built Mathlib.Order.SuccPred.InitialSeg (1.4s)
✔ [1647/3070] Built Mathlib.CategoryTheory.Groupoid (2.2s)
✔ [1648/3070] Built Mathlib.Order.SuccPred.CompleteLinearOrder (1.9s)
✔ [1649/3070] Built Mathlib.GroupTheory.Submonoid.Centralizer (1.6s)
✔ [1650/3070] Built Mathlib.CategoryTheory.MorphismProperty.Composition (2.3s)
✔ [1651/3070] Built Mathlib.Order.Ideal (2.9s)
✔ [1652/3070] Built Mathlib.Algebra.Order.SuccPred (2.7s)
✔ [1653/3070] Built Mathlib.Algebra.Module.Congruence.Defs (2.3s)
✔ [1654/3070] Built Mathlib.CategoryTheory.MorphismProperty.Factorization (3.1s)
✔ [1655/3070] Built Mathlib.Algebra.BigOperators.Group.Finset.Preimage (1.7s)
✔ [1656/3070] Built Mathlib.Data.Set.Finite.Lattice (2.6s)
✔ [1657/3070] Built Mathlib.Algebra.GroupWithZero.NonZeroDivisors (3.2s)
✔ [1658/3070] Built Mathlib.Algebra.BigOperators.Group.Finset.Pi (2.0s)
✔ [1659/3070] Built Mathlib.GroupTheory.Perm.Sign (2.8s)
✔ [1660/3070] Built Mathlib.Data.Finite.Prod (2.2s)
✔ [1661/3070] Built RNA.Alphabet (1.9s)
✔ [1662/3070] Built Mathlib.Algebra.Order.Star.Basic (4.1s)
✔ [1663/3070] Built Mathlib.RingTheory.NonUnitalSubsemiring.Basic (4.2s)
✔ [1664/3070] Built Mathlib.Algebra.Notation.FiniteSupport (1.3s)
✔ [1665/3070] Built Mathlib.Algebra.Star.Center (1.6s)
✔ [1666/3070] Built Mathlib.Topology.Defs.Induced (1.3s)
✔ [1667/3070] Built Mathlib.Topology.Closure (1.0s)
✔ [1668/3070] Built Mathlib.GroupTheory.MonoidLocalization.Divisibility (1.6s)
✔ [1669/3070] Built Mathlib.Dynamics.PeriodicPts.Defs (2.2s)
✔ [1670/3070] Built Mathlib.Data.Finsupp.Defs (2.6s)
✔ [1671/3070] Built Mathlib.Logic.Equiv.Multiset (1.8s)
✔ [1672/3070] Built Mathlib.Algebra.Group.Subgroup.Map (5.1s)
✔ [1673/3070] Built Mathlib.Order.Interval.Finset.Defs (5.8s)
✔ [1674/3070] Built Mathlib.Data.Set.Countable (2.1s)
✔ [1675/3070] Built Mathlib.Algebra.Order.Field.Rat (1.6s)
✔ [1676/3070] Built Mathlib.Data.Rat.Cast.Lemmas (1.5s)
✔ [1677/3070] Built Mathlib.Order.Filter.AtTopBot.Ring (1.4s)
✔ [1678/3070] Built Mathlib.Data.DFinsupp.Ext (1.3s)
✔ [1679/3070] Built Mathlib.Topology.Defs.Ultrafilter (1.2s)
✔ [1680/3070] Built Mathlib.Data.DFinsupp.Module (1.9s)
✔ [1681/3070] Built Mathlib.Data.DFinsupp.NeLocus (1.6s)
✔ [1682/3070] Built Mathlib.CategoryTheory.IsConnected (1.8s)
✔ [1683/3070] Built Mathlib.CategoryTheory.Endomorphism (1.8s)
✔ [1684/3070] Built Mathlib.CategoryTheory.EpiMono (2.3s)
✔ [1685/3070] Built Mathlib.Data.Nat.SuccPred (1.7s)
✔ [1686/3070] Built Mathlib.SetTheory.Cardinal.Order (2.4s)
✔ [1687/3070] Built Mathlib.Algebra.Order.SuccPred.WithBot (1.6s)
✔ [1688/3070] Built Mathlib.Order.Filter.AtTopBot.BigOperators (1.8s)
✔ [1689/3070] Built Mathlib.Order.IsNormal (2.5s)
✔ [1690/3070] Built Mathlib.GroupTheory.MonoidLocalization.Maps (5.8s)
✔ [1691/3070] Built Mathlib.Order.ConditionallyCompleteLattice.Finset (2.1s)
✔ [1692/3070] Built Mathlib.Algebra.FiniteSupport.Basic (2.2s)
✔ [1693/3070] Built Mathlib.Data.Nat.PrimeFin (1.7s)
✔ [1694/3070] Built Mathlib.RingTheory.OreLocalization.NonZeroDivisors (1.7s)
✔ [1695/3070] Built Mathlib.Order.Filter.Finite (2.1s)
✔ [1696/3070] Built Mathlib.Algebra.Ring.NonZeroDivisors (1.8s)
✔ [1697/3070] Built Mathlib.GroupTheory.Perm.Option (1.8s)
✔ [1698/3070] Built Mathlib.Order.Filter.Pointwise (5.3s)
✔ [1699/3070] Built Mathlib.Data.Fintype.Vector (1.8s)
✔ [1700/3070] Built Mathlib.Algebra.Group.Pointwise.Set.Finite (1.9s)
✔ [1701/3070] Built Mathlib.Algebra.BigOperators.Ring.Finset (2.6s)
✔ [1702/3070] Built RNA.Structure (1.8s)
⚠ [1703/3070] Built RNA.Word (1.8s)
warning: RNA/Word.lean:133:2: try 'simp' instead of 'simpa'

Note: This linter can be disabled with `set_option linter.unnecessarySimpa false`
✔ [1704/3070] Built Mathlib.Data.Finset.NAry (2.9s)
✔ [1705/3070] Built Mathlib.Topology.WithTopology (1.9s)
✔ [1706/3070] Built Mathlib.Topology.Neighborhoods (2.1s)
✔ [1707/3070] Built Mathlib.Order.Preorder.Finsupp (1.6s)
✔ [1708/3070] Built Mathlib.Logic.Equiv.Finset (1.6s)
✔ [1709/3070] Built Mathlib.GroupTheory.GroupAction.FixedPoints (2.5s)
✔ [1710/3070] Built Mathlib.Order.Atoms.Finite (1.7s)
✔ [1711/3070] Built Mathlib.Data.Finsupp.Single (2.3s)
✔ [1712/3070] Built Mathlib.Algebra.Order.Interval.Finset.Basic (1.6s)
✔ [1713/3070] Built Mathlib.Order.SuccPred.LinearLocallyFinite (2.6s)
✔ [1714/3070] Built Mathlib.Algebra.Order.Antidiag.Prod (2.6s)
✔ [1715/3070] Built Mathlib.Algebra.Group.Subgroup.ZPowers.Basic (2.1s)
✔ [1716/3070] Built Mathlib.Order.Interval.Finset.SuccPred (2.5s)
✔ [1717/3070] Built Mathlib.Order.Filter.CountableInter (2.3s)
✔ [1718/3070] Built Mathlib.Algebra.Ring.Subsemiring.Basic (5.0s)
✔ [1719/3070] Built Mathlib.GroupTheory.GroupAction.Basic (3.3s)
✔ [1720/3070] Built Mathlib.Tactic.NormNum.OfScientific (2.4s)
✔ [1721/3070] Built Mathlib.Order.Interval.Finset.Basic (5.3s)
✔ [1722/3070] Built Mathlib.Order.Filter.AtTopBot.Field (2.5s)
✔ [1723/3070] Built Mathlib.Data.DFinsupp.Sigma (2.5s)
✔ [1724/3070] Built Mathlib.Data.Rat.Cast.Order (4.0s)
✔ [1725/3070] Built Mathlib.Algebra.Group.Subgroup.Ker (5.5s)
✔ [1726/3070] Built Mathlib.CategoryTheory.Retract (2.8s)
✔ [1727/3070] Built Mathlib.Data.DFinsupp.Order (3.7s)
✔ [1728/3070] Built Mathlib.CategoryTheory.Balanced (1.6s)
✔ [1729/3070] Built Mathlib.CategoryTheory.Types.Basic (2.9s)
✔ [1730/3070] Built Mathlib.Data.Finset.Density (4.0s)
✔ [1731/3070] Built Mathlib.Data.Int.SuccPred (1.6s)
✔ [1732/3070] Built Mathlib.GroupTheory.MonoidLocalization.MonoidWithZero (1.7s)
✔ [1733/3070] Built Mathlib.GroupTheory.MonoidLocalization.Away (1.7s)
✔ [1734/3070] Built Mathlib.Data.ENat.Basic (3.1s)
✔ [1735/3070] Built Mathlib.Order.Filter.Bases.Finite (1.6s)
✔ [1736/3070] Built Mathlib.Order.Filter.AtTopBot.Finset (1.7s)
✔ [1737/3070] Built Mathlib.CategoryTheory.Monad.Basic (4.1s)
✔ [1738/3070] Built Mathlib.Data.Fintype.Order (2.3s)
✔ [1739/3070] Built Mathlib.Data.Fintype.BigOperators (2.0s)
✔ [1740/3070] Built Mathlib.Data.Finset.Sym (2.2s)
✔ [1741/3070] Built Mathlib.RingTheory.OreLocalization.Ring (3.4s)
✔ [1742/3070] Built Mathlib.Order.SupClosed (3.8s)
✔ [1743/3070] Built RNA.IntervalTree (2.3s)
✔ [1744/3070] Built RNA.Helix (2.3s)
✔ [1745/3070] Built RNA.MatchingPartner (1.8s)
✔ [1746/3070] Built Mathlib.RingTheory.Coprime.Lemmas (2.0s)
✔ [1747/3070] Built RNA.StructureTransport (2.4s)
✔ [1748/3070] Built Mathlib.Algebra.Order.BigOperators.Ring.Finset (3.8s)
✔ [1749/3070] Built Mathlib.Topology.NhdsSet (2.2s)
✔ [1750/3070] Built Mathlib.Topology.ClusterPt (2.5s)
✔ [1751/3070] Built Mathlib.Logic.Encodable.Pi (2.2s)
✔ [1752/3070] Built Mathlib.Algebra.Group.Pointwise.Finset.Scalar (3.3s)
✔ [1753/3070] Built Mathlib.Data.Finsupp.Fin (2.2s)
✔ [1754/3070] Built Mathlib.Data.Finsupp.Indicator (2.4s)
✔ [1755/3070] Built Mathlib.GroupTheory.GroupAction.FixingSubgroup (2.8s)
✔ [1756/3070] Built Mathlib.Data.Finset.NatAntidiagonal (1.0s)
✔ [1757/3070] Built Mathlib.Algebra.Group.Finsupp (3.6s)
✔ [1758/3070] Built Mathlib.Algebra.Order.Interval.Finset.SuccPred (2.3s)
✔ [1759/3070] Built Mathlib.Order.Interval.Multiset (2.1s)
✔ [1760/3070] Built Mathlib.Algebra.Order.Module.Rat (1.8s)
✔ [1761/3070] Built Mathlib.Tactic.NormNum (1.6s)
✔ [1762/3070] Built Mathlib.Tactic.Rify (1.8s)
✔ [1763/3070] Built Mathlib.Data.Int.Interval (2.4s)
✔ [1764/3070] Built Mathlib.Algebra.QuadraticDiscriminant (2.3s)
✔ [1765/3070] Built Mathlib.Algebra.Group.Subgroup.ZPowers.Lemmas (1.5s)
✔ [1766/3070] Built Mathlib.CategoryTheory.LiftingProperties.Basic (1.8s)
✔ [1767/3070] Built Mathlib.Algebra.Group.Pointwise.Finset.Basic (7.9s)
✔ [1768/3070] Built Mathlib.Algebra.Group.AddChar (3.2s)
✔ [1769/3070] Built Mathlib.Algebra.Group.Graph (2.5s)
✔ [1770/3070] Built Mathlib.CategoryTheory.Limits.Types.ColimitType (2.3s)
✔ [1771/3070] Built Mathlib.CategoryTheory.Functor.Hom (1.2s)
✔ [1772/3070] Built Mathlib.CategoryTheory.ConcreteCategory.Forget (1.8s)
✔ [1773/3070] Built Mathlib.Algebra.BigOperators.Field (1.4s)
✔ [1774/3070] Built Mathlib.CategoryTheory.Category.Cat (3.6s)
✔ [1775/3070] Built Mathlib.Data.ENat.Pow (1.6s)
✔ [1776/3070] Built Mathlib.GroupTheory.QuotientGroup.Defs (4.3s)
✔ [1777/3070] Built Mathlib.Tactic.Positivity.Finset (2.2s)
✔ [1778/3070] Built Mathlib.Tactic.ENatToNat (1.8s)
✔ [1779/3070] Built Mathlib.Order.Filter.CountablyGenerated (1.9s)
✔ [1780/3070] Built Mathlib.GroupTheory.FreeGroup.Basic (5.9s)
✔ [1781/3070] Built Mathlib.Order.Filter.AtTopBot.Finite (1.9s)
✔ [1782/3070] Built Mathlib.Data.Finsupp.Fintype (1.6s)
✔ [1783/3070] Built Mathlib.Algebra.Group.Subgroup.Basic (6.9s)
✔ [1784/3070] Built Mathlib.Order.Filter.Pi (2.2s)
✔ [1785/3070] Built Mathlib.Order.Filter.Interval (2.9s)
✔ [1786/3070] Built Mathlib.RingTheory.Multiplicity (4.1s)
✔ [1787/3070] Built Mathlib.Data.Sign.Basic (2.3s)
✔ [1788/3070] Built RNA.PositionRole (1.7s)
✔ [1789/3070] Built RNA.Motifs (1.8s)
✔ [1790/3070] Built Mathlib.Data.W.Basic (1.9s)
✔ [1791/3070] Built Mathlib.Data.Nat.Factorial.BigOperators (2.1s)
✔ [1792/3070] Built Mathlib.SetTheory.Cardinal.Basic (3.6s)
✔ [1793/3070] Built Mathlib.Topology.Continuous (2.2s)
✔ [1794/3070] Built Mathlib.Order.Sublattice (3.4s)
✔ [1795/3070] Built Mathlib.Data.Nat.Fib.Basic (2.3s)
✔ [1796/3070] Built Mathlib.Algebra.BigOperators.NatAntidiagonal (1.8s)
✔ [1797/3070] Built Mathlib.Data.Finsupp.SMulWithZero (1.7s)
✔ [1798/3070] Built Mathlib.Data.Finsupp.Ext (1.6s)
✔ [1799/3070] Built Mathlib.Tactic.Linarith (1.6s)
✔ [1800/3070] Built Mathlib.Tactic.NormNum.NatFactorial (1.7s)
✔ [1801/3070] Built Mathlib.Order.Interval.Finset.Nat (2.2s)
✔ [1802/3070] Built Mathlib.Tactic.NormNum.NatLog (1.8s)
✔ [1803/3070] Built Mathlib.Tactic.NormNum.NatSqrt (1.7s)
✔ [1804/3070] Built Mathlib.RingTheory.Localization.Defs (6.3s)
✔ [1805/3070] Built Mathlib.Algebra.Order.Ring.Interval (1.6s)
✔ [1806/3070] Built Mathlib.Tactic.NormNum.GCD (2.9s)
✔ [1807/3070] Built Mathlib.CategoryTheory.Limits.Shapes.StrongEpi (1.7s)
✔ [1808/3070] Built Mathlib.Tactic.IntervalCases (2.7s)
✔ [1809/3070] Built Mathlib.CategoryTheory.ConcreteCategory.ReflectsIso (1.3s)
✔ [1810/3070] Built Mathlib.CategoryTheory.Category.Cat.AsSmall (1.1s)
✔ [1811/3070] Built Mathlib.CategoryTheory.IsomorphismClasses (1.4s)
✔ [1812/3070] Built Mathlib.Algebra.CharZero.Quotient (1.4s)
✔ [1813/3070] Built Mathlib.GroupTheory.QuotientGroup.ModEq (1.2s)
✔ [1814/3070] Built Mathlib.Tactic.CategoryTheory.ToApp (1.7s)
✔ [1815/3070] Built Mathlib.Tactic.Positivity (1.2s)
✔ [1816/3070] Built Mathlib.Algebra.BigOperators.Finprod (7.5s)
✔ [1817/3070] Built Mathlib.Data.Seq.Basic (2.0s)
✔ [1818/3070] Built Mathlib.Order.Filter.Subsingleton (1.6s)
✔ [1819/3070] Built Mathlib.Algebra.Group.UniqueProds.Basic (4.2s)
✔ [1820/3070] Built Mathlib.Order.Filter.AtTopBot.CountablyGenerated (1.9s)
✔ [1821/3070] Built Mathlib.Algebra.Group.Subgroup.Order (1.8s)
✔ [1822/3070] Built Mathlib.GroupTheory.Subgroup.Simple (1.0s)
✔ [1823/3070] Built Mathlib.Algebra.Category.MonCat.Basic (4.6s)
✔ [1824/3070] Built Mathlib.GroupTheory.Subgroup.Center (1.7s)
✔ [1825/3070] Built Mathlib.Algebra.Group.Subgroup.MulOppositeLemmas (1.9s)
✔ [1826/3070] Built Mathlib.Order.Filter.Cofinite (1.8s)
✔ [1827/3070] Built RNA.TargetClass (1.6s)
✔ [1828/3070] Built Mathlib.NumberTheory.Padics.PadicVal.Defs (1.6s)
✔ [1829/3070] Built Mathlib.GroupTheory.Coset.Basic (4.4s)
✔ [1830/3070] Built Mathlib.RingTheory.NonUnitalSubring.Basic (3.0s)
⚠ [1831/3070] Built RNA.Saturable (2.5s)
warning: RNA/Saturable.lean:140:58: This simp argument is unused:
  List.map_nil

Hint: Omit it from the simp argument list.
  [apply] simp only [encodedWord, List.map_append, List.map_cons, nucleotideSignedGenerator_comp]

Note: This linter can be disabled with `set_option linter.unusedSimpArgs false`
warning: RNA/Saturable.lean:215:8: `if_pos` has been deprecated: Use `ite_eq_left` instead
warning: RNA/Saturable.lean:227:8: `if_neg` has been deprecated: Use `ite_eq_right` instead
warning: RNA/Saturable.lean:252:19: `dif_neg` has been deprecated: Use `dite_eq_right` instead
warning: RNA/Saturable.lean:254:19: `dif_neg` has been deprecated: Use `dite_eq_right` instead
warning: RNA/Saturable.lean:377:8: `if_neg` has been deprecated: Use `ite_eq_right` instead
warning: RNA/Saturable.lean:370:53: This simp argument is unused:
  List.length_nil

Hint: Omit it from the simp argument list.
  [apply] simp only [List.length_append, List.length_cons] at hpBound

Note: This linter can be disabled with `set_option linter.unusedSimpArgs false`
warning: RNA/Saturable.lean:485:55: Used `tac1 <;> tac2` where `(tac1; tac2)` would suffice

Note: This linter can be disabled with `set_option linter.unnecessarySeqFocus false`
warning: RNA/Saturable.lean:647:53: This simp argument is unused:
  List.length_nil

Hint: Omit it from the simp argument list.
  [apply] simp only [List.length_append, List.length_cons]

Note: This linter can be disabled with `set_option linter.unusedSimpArgs false`
warning: RNA/Saturable.lean:703:2: Try this: 
  letI̵

The goal is a proposition, so `let` is preferred over `letI`.
The difference between `let` and `letI` is that `letI` inlines the value.
But this is not relevant for proofs because of proof irrelevance.

Note: This linter can be disabled with `set_option linter.style.haveILetI false`
✔ [1832/3070] Built Mathlib.SetTheory.Cardinal.ENat (2.4s)
✔ [1833/3070] Built Mathlib.Topology.Separation.SeparatedNhds (2.0s)
✔ [1834/3070] Built Mathlib.SetTheory.Cardinal.Cofinality.Basic (2.1s)
✔ [1835/3070] Built Mathlib.Topology.Order (2.6s)
✔ [1836/3070] Built Mathlib.Tactic.NormNum.NatFib (1.0s)
✔ [1837/3070] Built Mathlib.Data.Nat.Choose.Central (2.1s)
✔ [1838/3070] Built Mathlib.Data.Nat.Digits.Defs (2.4s)
✔ [1839/3070] Built Mathlib.Order.Lattice.Nat (2.2s)
✔ [1840/3070] Built Mathlib.Tactic.Simproc.FinsetInterval (3.5s)
✔ [1841/3070] Built Mathlib.Order.PartialSups (2.4s)
✔ [1842/3070] Built Mathlib.SetTheory.Ordinal.Basic (6.0s)
✔ [1843/3070] Built Mathlib.Algebra.BigOperators.Finsupp.Basic (4.9s)
✔ [1844/3070] Built Mathlib.CategoryTheory.Yoneda (12s)
✔ [1845/3070] Built Mathlib.Order.BooleanSubalgebra (6.6s)
✔ [1846/3070] Built Mathlib.Order.Interval.Finset.Fin (3.8s)
✔ [1847/3070] Built Mathlib.Algebra.Order.Floor.Ring (5.7s)
✔ [1848/3070] Built Mathlib.RingTheory.Localization.Integer (2.3s)
✔ [1849/3070] Built Mathlib.Tactic.NormNum.IsCoprime (2.4s)
✔ [1850/3070] Built Mathlib.Algebra.BigOperators.GroupWithZero.Action (1.9s)
✔ [1851/3070] Built Mathlib.Order.Filter.EventuallyConst (1.7s)
✔ [1852/3070] Built Mathlib.Algebra.FreeMonoid.UniqueProds (1.4s)
✔ [1853/3070] Built Mathlib.Algebra.Group.Subgroup.Actions (1.7s)
✔ [1854/3070] Built Mathlib.Tactic.NormNum.IsSquare (4.0s)
✔ [1855/3070] Built Mathlib.GroupTheory.Subgroup.Centralizer (2.3s)
✔ [1856/3070] Built Mathlib.Order.Filter.Ultrafilter.Basic (1.6s)
✔ [1857/3070] Built Mathlib.Topology.Bornology.Basic (1.7s)
✔ [1858/3070] Built Mathlib.CategoryTheory.Bicategory.Functor.Oplax (4.9s)
✔ [1859/3070] Built Mathlib.NumberTheory.Divisors (8.2s)
ℹ [1860/3070] Built RNA.Statement (1.4s)
info: RNA/Statement.lean:26:0: RNA.OneShortHelixDesignabilityStatement : Prop
✔ [1861/3070] Built RNA.AtMostTwoShort.TargetClass (1.8s)
✔ [1862/3070] Built Mathlib.CategoryTheory.Bicategory.Functor.Lax (5.3s)
✔ [1863/3070] Built Mathlib.Order.Filter.IsBounded (2.7s)
✔ [1864/3070] Built RNA.HelixPartition (2.4s)
✔ [1865/3070] Built Mathlib.SetTheory.Cardinal.ToNat (1.9s)
✔ [1866/3070] Built Mathlib.Algebra.Category.Grp.Basic (5.7s)
✔ [1867/3070] Built RNA.StructureOperations (3.1s)
✔ [1868/3070] Built Mathlib.Dynamics.PeriodicPts.Lemmas (2.3s)
✔ [1869/3070] Built Mathlib.Order.OrderIsoNat (2.5s)
✔ [1870/3070] Built Mathlib.Data.ENat.Lattice (2.8s)
✔ [1871/3070] Built Mathlib.Topology.UniformSpace.Defs (3.2s)
✔ [1872/3070] Built Mathlib.Topology.Maps.Basic (3.2s)
✔ [1873/3070] Built Mathlib.Order.SetAccumulate (1.0s)
✔ [1874/3070] Built Mathlib.RingTheory.Nilpotent.Defs (2.2s)
✔ [1875/3070] Built Mathlib.Algebra.Order.SuccPred.PartialSups (1.8s)
✔ [1876/3070] Built Mathlib.SetTheory.Ordinal.Univ (1.8s)
✔ [1877/3070] Built Mathlib.Algebra.Star.BigOperators (1.7s)
✔ [1878/3070] Built Mathlib.Algebra.BigOperators.Associated (1.9s)
✔ [1879/3070] Built Mathlib.Algebra.Category.MonCat.ForgetCorepresentable (1.6s)
✔ [1880/3070] Built Mathlib.Order.Disjointed (2.0s)
✔ [1881/3070] Built Mathlib.LinearAlgebra.Matrix.Determinant.Bird.Defs (2.1s)
✔ [1882/3070] Built Mathlib.Data.Fintype.Fin (2.3s)
✔ [1883/3070] Built Mathlib.SetTheory.Ordinal.Arithmetic (4.7s)
✔ [1884/3070] Built Mathlib.Algebra.Order.Round (2.6s)
✔ [1885/3070] Built Mathlib.Algebra.Ring.Subring.Basic (8.3s)
✔ [1886/3070] Built Mathlib.Algebra.BigOperators.Expect (3.3s)
✔ [1887/3070] Built Mathlib.Algebra.Module.BigOperators (1.0s)
✔ [1888/3070] Built Mathlib.GroupTheory.GroupAction.ConjAct (2.2s)
✔ [1889/3070] Built Mathlib.Topology.Ultrafilter (1.6s)
✔ [1890/3070] Built Mathlib.Topology.Bornology.Absorbs (1.9s)
✔ [1891/3070] Built Mathlib.Data.DFinsupp.BigOperators (3.7s)
✔ [1892/3070] Built Mathlib.Data.Finsupp.Basic (7.7s)
✔ [1893/3070] Built Mathlib.CategoryTheory.Adjunction.Basic (7.4s)
✔ [1894/3070] Built Mathlib.Topology.Bornology.Constructions (1.8s)
✔ [1895/3070] Built Mathlib.Topology.Bornology.Hom (1.7s)
✔ [1896/3070] Built Mathlib.GroupTheory.Commutator.Basic (4.2s)
✔ [1897/3070] Built Mathlib.Tactic.Simproc.Divisors (1.4s)
✔ [1898/3070] Built Mathlib.Data.Matrix.Mul (5.7s)
ℹ [1899/3070] Built RNA.Examples (1.9s)
info: RNA/Examples.lean:136:0: RNA.energy_lt_iff_pairCount_gt {n : ℕ} (w : Sequence n) (S T : SecondaryStructure n) :
  energy w S < energy w T ↔ pairCount T < pairCount S
info: RNA/Examples.lean:137:0: RNA.uniqueDesigns_iff_maximum_and_unique_count {n : ℕ} (w : Sequence n) (T : SecondaryStructure n) :
  UniqueDesigns w T ↔ StructureCompatible w T ∧ IsMaximumCompatible w T ∧ IsUniqueMaximumPairCount w T
info: RNA/Examples.lean:138:0: RNA.uniqueDesigns_iff_uniqueMinimumEnergy {n : ℕ} (w : Sequence n) (T : SecondaryStructure n) :
  UniqueDesigns w T ↔ UniqueMinimumEnergy w T
info: RNA/Examples.lean:139:0: RNA.uniqueMinimumEnergy_iff_maximum_and_unique_count {n : ℕ} (w : Sequence n) (T : SecondaryStructure n) :
  UniqueMinimumEnergy w T ↔ StructureCompatible w T ∧ IsMaximumCompatible w T ∧ IsUniqueMaximumPairCount w T
✔ [1900/3070] Built Mathlib.GroupTheory.GroupAction.SubMulAction (6.1s)
✔ [1901/3070] Built Mathlib.SetTheory.Cardinal.Finite (2.4s)
✔ [1902/3070] Built Mathlib.Order.WellQuasiOrder (1.0s)
✔ [1903/3070] Built RNA.AtomicDesign (2.5s)
✔ [1904/3070] Built Mathlib.Order.LiminfLimsup (3.7s)
✔ [1905/3070] Built Mathlib.Topology.UniformSpace.OfFun (1.8s)
✔ [1906/3070] Built Mathlib.Topology.Maps.OpenQuotient (1.7s)
✔ [1907/3070] Built Mathlib.Order.CompactlyGenerated.Basic (3.5s)
✔ [1908/3070] Built Mathlib.RingTheory.UniqueFactorizationDomain.Basic (2.3s)
✔ [1909/3070] Built Mathlib.Algebra.Order.BigOperators.Group.LocallyFinite (2.4s)
✔ [1910/3070] Built Mathlib.Algebra.Category.Ring.Basic (5.7s)
✔ [1911/3070] Built Mathlib.SetTheory.Ordinal.Family (2.7s)
✔ [1912/3070] Built Mathlib.Order.RelSeries (6.6s)
✔ [1913/3070] Built Mathlib.Tactic.Determinant.Bird.Meta (3.8s)
✔ [1914/3070] Built Mathlib.Algebra.BigOperators.Balance (1.9s)
✔ [1915/3070] Built Mathlib.Algebra.Ring.Action.ConjAct (1.7s)
✔ [1916/3070] Built Mathlib.CategoryTheory.Bicategory.Functor.Pseudofunctor (8.5s)
✔ [1917/3070] Built Mathlib.Algebra.Order.BigOperators.Expect (3.3s)
✔ [1918/3070] Built Mathlib.Data.DFinsupp.Submonoid (1.6s)
✔ [1919/3070] Built Mathlib.GroupTheory.Congruence.BigOperators (1.9s)
✔ [1920/3070] Built Mathlib.Data.Rat.Floor (4.1s)
✔ [1921/3070] Built Mathlib.Data.Finsupp.Multiset (1.9s)
✔ [1922/3070] Built Mathlib.Data.Finsupp.Order (2.5s)
✔ [1923/3070] Built Mathlib.Data.Finsupp.Option (1.8s)
✔ [1924/3070] Built Mathlib.Data.Finsupp.SMul (1.8s)
✔ [1925/3070] Built Mathlib.CategoryTheory.Limits.Cones (17s)
✔ [1926/3070] Built Mathlib.CategoryTheory.LiftingProperties.Adjunction (1.7s)
✔ [1927/3070] Built Mathlib.Topology.Order.Bornology (1.5s)
✔ [1928/3070] Built Mathlib.CategoryTheory.Skeletal (2.3s)
✔ [1929/3070] Built Mathlib.CategoryTheory.Adjunction.FullyFaithful (2.2s)
✔ [1930/3070] Built Mathlib.GroupTheory.Abelianization.Defs (1.7s)
✔ [1931/3070] Built Mathlib.Algebra.BigOperators.Fin (8.1s)
✔ [1932/3070] Built Mathlib.LinearAlgebra.Matrix.Action (2.2s)
✔ [1933/3070] Built Mathlib.CategoryTheory.Adjunction.Mates (4.3s)
✔ [1934/3070] Built Mathlib.Algebra.GroupWithZero.Units.Fintype (1.4s)
✔ [1935/3070] Built Mathlib.GroupTheory.GroupAction.SubMulAction.Pointwise (1.9s)
✔ [1936/3070] Built Mathlib.Algebra.Module.Submodule.Defs (2.9s)
✔ [1937/3070] Built Mathlib.SetTheory.Cardinal.NatCard (1.6s)
✔ [1938/3070] Built Mathlib.GroupTheory.GroupAction.Quotient (3.8s)
✔ [1939/3070] Built Mathlib.GroupTheory.Coset.Card (3.0s)
✔ [1940/3070] Built Mathlib.Order.WellFoundedSet (3.1s)
✔ [1941/3070] Built Mathlib.Order.CompactlyGenerated.Intervals (2.6s)
✔ [1942/3070] Built Mathlib.RingTheory.UniqueFactorizationDomain.NormalizedFactors (3.1s)
✔ [1943/3070] Built Mathlib.Topology.Homeomorph.Defs (3.5s)
✔ [1944/3070] Built Mathlib.Data.Set.Card (5.1s)
✔ [1945/3070] Built Mathlib.Algebra.MonoidAlgebra.Defs (9.6s)
✔ [1946/3070] Built Mathlib.SetTheory.Cardinal.Cofinality.Enum (2.8s)
✔ [1947/3070] Built Mathlib.RingTheory.UniqueFactorizationDomain.FactorSet (3.6s)
✔ [1948/3070] Built Mathlib.Algebra.BigOperators.Intervals (3.4s)
✔ [1949/3070] Built Mathlib.SetTheory.Ordinal.Enum (2.0s)
✔ [1950/3070] Built Mathlib.Topology.Algebra.InfiniteSum.SummationFilter (4.7s)
✔ [1951/3070] Built Mathlib.SetTheory.Ordinal.Exponential (2.6s)
✔ [1952/3070] Built Mathlib.Data.Complex.BigOperators (2.3s)
✔ [1953/3070] Built Mathlib.Data.Finsupp.Antidiagonal (1.9s)
✔ [1954/3070] Built Mathlib.Data.Nat.Factorization.Defs (2.3s)
✔ [1955/3070] Built Mathlib.Tactic.Determinant.Bird.Cert (3.4s)
✔ [1956/3070] Built Mathlib.Order.JordanHolder (4.1s)
✔ [1957/3070] Built Mathlib.Data.Finsupp.ToDFinsupp (2.8s)
✔ [1958/3070] Built Mathlib.Order.KrullDimension (4.6s)
✔ [1959/3070] Built Mathlib.Algebra.Order.Archimedean.Basic (4.1s)
✔ [1960/3070] Built Mathlib.LinearAlgebra.Finsupp.SumProd (2.1s)
✔ [1961/3070] Built Mathlib.Algebra.DirectSum.Basic (4.9s)
✔ [1962/3070] Built Mathlib.CategoryTheory.Functor.EpiMono (2.2s)
✔ [1963/3070] Built Mathlib.CategoryTheory.EssentiallySmall (2.0s)
✔ [1964/3070] Built Mathlib.GroupTheory.Solvable (1.9s)
✔ [1965/3070] Built Mathlib.LinearAlgebra.Finsupp.Defs (4.3s)
✔ [1966/3070] Built Mathlib.Algebra.BigOperators.Finsupp.Fin (1.5s)
✔ [1967/3070] Built Mathlib.Data.Fin.Tuple.Reflection (2.0s)
✔ [1968/3070] Built Mathlib.CategoryTheory.Bicategory.Free (6.9s)
✔ [1969/3070] Built Mathlib.Data.Fin.Tuple.NatAntidiagonal (1.9s)
✔ [1970/3070] Built Mathlib.GroupTheory.FreeAbelianGroup (3.3s)
✔ [1971/3070] Built Mathlib.Algebra.Module.Submodule.Basic (1.7s)
✔ [1972/3070] Built Mathlib.RingTheory.Artinian.Defs (1.4s)
✔ [1973/3070] Built Mathlib.Combinatorics.Enumerative.Composition (3.3s)
✔ [1974/3070] Built Mathlib.Algebra.Module.Submodule.Lattice (3.2s)
✔ [1975/3070] Built Mathlib.RingTheory.Ideal.Defs (1.7s)
✔ [1976/3070] Built Mathlib.Algebra.Module.Submodule.LinearMap (2.8s)
✔ [1977/3070] Built Mathlib.LinearAlgebra.Quotient.Defs (2.7s)
✔ [1978/3070] Built Mathlib.Algebra.Group.Subgroup.Finite (2.4s)
✔ [1979/3070] Built Mathlib.CategoryTheory.Limits.IsLimit (7.3s)
✔ [1980/3070] Built Mathlib.RingTheory.UniqueFactorizationDomain.Multiplicity (1.7s)
✔ [1981/3070] Built Mathlib.Algebra.Group.Submonoid.Pointwise (2.4s)
✔ [1982/3070] Built Mathlib.RingTheory.UniqueFactorizationDomain.Finite (1.6s)
✔ [1983/3070] Built Mathlib.RingTheory.UniqueFactorizationDomain.Nat (1.6s)
✔ [1984/3070] Built Mathlib.Data.DFinsupp.Lex (2.6s)
✔ [1985/3070] Built Mathlib.Algebra.Group.Pointwise.Set.Card (1.0s)
✔ [1986/3070] Built Mathlib.Algebra.MonoidAlgebra.Division (1.8s)
✔ [1987/3070] Built Mathlib.Algebra.MonoidAlgebra.Lift (1.8s)
✔ [1988/3070] Built Mathlib.Data.Nat.Factorial.SuperFactorial (2.0s)
✔ [1989/3070] Built Mathlib.RingTheory.UniqueFactorizationDomain.GCDMonoid (2.2s)
✔ [1990/3070] Built Mathlib.Combinatorics.Matroid.Basic (3.1s)
✔ [1991/3070] Built Mathlib.Data.Nat.Digits.Lemmas (2.6s)
✔ [1992/3070] Built Mathlib.Topology.Constructions.SumProd (4.2s)
✔ [1993/3070] Built Mathlib.Algebra.BigOperators.Module (2.2s)
✔ [1994/3070] Built Mathlib.Data.Nat.Choose.Sum (2.4s)
✔ [1995/3070] Built Mathlib.Algebra.Ring.GeomSum (2.6s)
✔ [1996/3070] Built Mathlib.SetTheory.Ordinal.FixedPoint (2.3s)
✔ [1997/3070] Built Mathlib.Data.DFinsupp.Small (2.1s)
✔ [1998/3070] Built Mathlib.Data.Nat.Factorization.Induction (2.3s)
✔ [1999/3070] Built Mathlib.Tactic.NormNum.Ordinal (2.8s)
✔ [2000/3070] Built Mathlib.Data.Nat.Factorization.Basic (2.8s)
✔ [2001/3070] Built Mathlib.GroupTheory.Archimedean (2.6s)
✔ [2002/3070] Built Mathlib.Algebra.Order.Archimedean.Real.Basic (2.5s)
✔ [2003/3070] Built Mathlib.Order.Filter.AtTopBot.Archimedean (2.3s)
✔ [2004/3070] Built Mathlib.Algebra.MonoidAlgebra.MapDomain (6.6s)
✔ [2005/3070] Built Mathlib.Tactic.Simproc.VecPerm (1.8s)
✔ [2006/3070] Built Mathlib.Tactic.CategoryTheory.BicategoryCoherence (1.8s)
✔ [2007/3070] Built Mathlib.CategoryTheory.ObjectProperty.Small (2.2s)
✔ [2008/3070] Built Mathlib.CategoryTheory.Monoidal.Functor (14s)
✔ [2009/3070] Built Mathlib.Algebra.FreeAbelianGroup.Finsupp (1.6s)
✔ [2010/3070] Built Mathlib.RingTheory.FreeRing (1.6s)
✔ [2011/3070] Built Mathlib.Algebra.Order.Antidiag.Pi (2.7s)
✔ [2012/3070] Built Mathlib.CategoryTheory.Monad.Algebra (4.1s)
✔ [2013/3070] Built Mathlib.RingTheory.Ideal.Lattice (1.5s)
✔ [2014/3070] Built Mathlib.RingTheory.Ideal.BigOperators (1.5s)
✔ [2015/3070] Built Mathlib.Algebra.Module.Submodule.RestrictScalars (2.3s)
✔ [2016/3070] Built Mathlib.LinearAlgebra.Quotient.Card (1.6s)
✔ [2017/3070] Built Mathlib.CategoryTheory.ShrinkYoneda (5.2s)
✔ [2018/3070] Built Mathlib.RingTheory.Ideal.Quotient.Defs (2.3s)
✔ [2019/3070] Built Mathlib.LinearAlgebra.Span.Defs (4.1s)
✔ [2020/3070] Built Mathlib.RingTheory.ChainOfDivisors (2.8s)
✔ [2021/3070] Built Mathlib.LinearAlgebra.Finsupp.LSum (3.8s)
✔ [2022/3070] Built Mathlib.Algebra.GroupWithZero.Submonoid.Pointwise (1.8s)
✔ [2023/3070] Built Mathlib.Algebra.Ring.Submonoid.Pointwise (2.2s)
✔ [2024/3070] Built Mathlib.Algebra.Group.Subgroup.Pointwise (3.5s)
✔ [2025/3070] Built Mathlib.Algebra.Module.Submodule.Map (5.4s)
✔ [2026/3070] Built Mathlib.CategoryTheory.Limits.Shapes.IsTerminal (4.6s)
✔ [2027/3070] Built Mathlib.Algebra.Group.Submonoid.Units (3.3s)
✔ [2028/3070] Built Mathlib.Data.Finsupp.Lex (2.7s)
✔ [2029/3070] Built Mathlib.Topology.Algebra.Monoid.Defs (1.7s)
✔ [2030/3070] Built Mathlib.RingTheory.Nilpotent.Basic (1.8s)
✔ [2031/3070] Built Mathlib.Algebra.Order.Ring.IsNonarchimedean (2.2s)
✔ [2032/3070] Built Mathlib.Algebra.Order.Ring.GeomSum (1.8s)
✔ [2033/3070] Built Mathlib.Algebra.Field.GeomSum (1.8s)
✔ [2034/3070] Built Mathlib.Data.Nat.Factorization.PrimePow (1.8s)
✔ [2035/3070] Built Mathlib.Data.Nat.Factorization.LCM (1.8s)
✔ [2036/3070] Built Mathlib.SetTheory.Ordinal.Principal (2.6s)
✔ [2037/3070] Built Mathlib.Topology.Constructions (4.2s)
✔ [2038/3070] Built Mathlib.Data.Real.Pointwise (1.9s)
✔ [2039/3070] Built Mathlib.CategoryTheory.Limits.HasLimits (7.8s)
✔ [2040/3070] Built Mathlib.Algebra.MonoidAlgebra.Opposite (2.4s)
✔ [2041/3070] Built Mathlib.Combinatorics.Matroid.IndepAxioms (5.7s)
✔ [2042/3070] Built Mathlib.RingTheory.Ideal.Prime (1.5s)
✔ [2043/3070] Built Mathlib.Algebra.Order.Antidiag.Finsupp (2.1s)
✔ [2044/3070] Built Mathlib.Algebra.Ring.Subsemiring.Pointwise (1.9s)
✔ [2045/3070] Built Mathlib.CategoryTheory.Monoidal.Free.Basic (4.0s)
✔ [2046/3070] Built Mathlib.Algebra.GroupWithZero.Subgroup (2.1s)
✔ [2047/3070] Built Mathlib.Data.NNReal.Defs (4.9s)
✔ [2048/3070] Built Mathlib.Algebra.GroupWithZero.Range (3.1s)
✔ [2049/3070] Built Mathlib.Algebra.Module.Submodule.Invariant (2.6s)
✔ [2050/3070] Built Mathlib.GroupTheory.Finiteness (3.5s)
✔ [2051/3070] Built Mathlib.LinearAlgebra.AffineSpace.AffineSubspace.Defs (4.5s)
✔ [2052/3070] Built Mathlib.Algebra.Module.Submodule.Ker (3.3s)
✔ [2053/3070] Built Mathlib.Algebra.Ring.Subring.Units (1.9s)
✔ [2054/3070] Built Mathlib.Topology.Algebra.Group.Defs (1.0s)
✔ [2055/3070] Built Mathlib.Data.Nat.Choose.Factorization (1.0s)
✔ [2056/3070] Built Mathlib.Algebra.Squarefree.Basic (1.0s)
✔ [2057/3070] Built Mathlib.Topology.GDelta.Basic (1.8s)
✔ [2058/3070] Built Mathlib.Topology.LocallyClosed (1.9s)
✔ [2059/3070] Built Mathlib.Topology.Hom.ContinuousEvalConst (1.8s)
✔ [2060/3070] Built Mathlib.SetTheory.Cardinal.Aleph (3.2s)
✔ [2061/3070] Built Mathlib.GroupTheory.QuotientGroup.Basic (6.4s)
✔ [2062/3070] Built Mathlib.Algebra.Order.CauSeq.BigOperators (3.8s)
✔ [2063/3070] Built Mathlib.Topology.NhdsWithin (2.7s)
✔ [2064/3070] Built Mathlib.CategoryTheory.Limits.Shapes.Terminal (3.2s)
✔ [2065/3070] Built Mathlib.RingTheory.Spectrum.Prime.Defs (1.4s)
✔ [2066/3070] Built Mathlib.Combinatorics.Matroid.Dual (2.0s)
✔ [2067/3070] Built Mathlib.Algebra.MonoidAlgebra.NoZeroDivisors (1.8s)
✔ [2068/3070] Built Mathlib.CategoryTheory.Limits.Preserves.Basic (2.8s)
✔ [2069/3070] Built Mathlib.Algebra.Category.Ring.Colimits (4.3s)
✔ [2070/3070] Built Mathlib.Combinatorics.Enumerative.Partition.Basic (1.9s)
✔ [2071/3070] Built Mathlib.Tactic.CategoryTheory.Coherence (2.3s)
✔ [2072/3070] Built Mathlib.Algebra.Ring.Subring.Pointwise (2.0s)
✔ [2073/3070] Built Mathlib.Data.NNReal.Basic (2.0s)
✔ [2074/3070] Built Mathlib.GroupTheory.Divisible (2.1s)
✔ [2075/3070] Built Mathlib.Data.Int.WithZero (1.8s)
✔ [2076/3070] Built Mathlib.Algebra.Order.GroupWithZero.Range (1.7s)
✔ [2077/3070] Built Mathlib.Algebra.Module.Submodule.IterateMapComap (1.5s)
✔ [2078/3070] Built Mathlib.Data.ENNReal.Basic (3.4s)
✔ [2079/3070] Built Mathlib.Algebra.Module.Submodule.EqLocus (1.4s)
✔ [2080/3070] Built Mathlib.GroupTheory.Rank (1.0s)
✔ [2081/3070] Built Mathlib.CategoryTheory.Limits.Shapes.WidePullbacks (7.1s)
✔ [2082/3070] Built Mathlib.Topology.Hom.ContinuousEval (1.7s)
✔ [2083/3070] Built Mathlib.Topology.Baire.Lemmas (1.9s)
✔ [2084/3070] Built Mathlib.Data.Nat.Multiplicity (2.2s)
✔ [2085/3070] Built Mathlib.Data.Nat.Squarefree (2.4s)
✔ [2086/3070] Built Mathlib.Algebra.Algebra.Basic (4.4s)
✔ [2087/3070] Built Mathlib.Analysis.Normed.Group.Seminorm (5.8s)
✔ [2088/3070] Built Mathlib.Algebra.Module.Submodule.Range (3.2s)
✔ [2089/3070] Built Mathlib.GroupTheory.QuotientGroup.Finite (1.9s)
✔ [2090/3070] Built Mathlib.CategoryTheory.Limits.Shapes.ZeroObjects (1.9s)
✔ [2091/3070] Built Mathlib.Topology.Algebra.ContinuousMonoidHom (4.0s)
✔ [2092/3070] Built Mathlib.CategoryTheory.Limits.Preserves.Shapes.Terminal (2.1s)
✔ [2093/3070] Built Mathlib.SetTheory.Cardinal.Arithmetic (3.1s)
✔ [2094/3070] Built Mathlib.Topology.ContinuousOn (2.9s)
✔ [2095/3070] Built Mathlib.CategoryTheory.Limits.Shapes.Products (12s)
✔ [2096/3070] Built Mathlib.Combinatorics.Matroid.Minor.Restrict (3.4s)
✔ [2097/3070] Built Mathlib.Tactic.Linarith.NNRealPreprocessor (1.6s)
✔ [2098/3070] Built Mathlib.Data.ENNReal.Lemmas (1.4s)
✔ [2099/3070] Built Mathlib.Data.Real.ENatENNReal (1.5s)
✔ [2100/3070] Built Mathlib.CategoryTheory.Limits.Preserves.Limits (2.1s)
✔ [2101/3070] Built Mathlib.GroupTheory.Index (5.5s)
✔ [2102/3070] Built Mathlib.CategoryTheory.Comma.StructuredArrow.Basic (18s)
✔ [2103/3070] Built Mathlib.Data.ENNReal.Real (2.4s)
✔ [2104/3070] Built Mathlib.CategoryTheory.Limits.Creates (3.6s)
✔ [2105/3070] Built Mathlib.NumberTheory.Padics.PadicVal.Basic (2.1s)
✔ [2106/3070] Built Mathlib.Algebra.CharP.Lemmas (2.3s)
✔ [2107/3070] Built Mathlib.Tactic.Algebra.Lemmas (2.2s)
✔ [2108/3070] Built Mathlib.Algebra.Module.LinearMap.DivisionRing (1.8s)
✔ [2109/3070] Built Mathlib.Data.W.Cardinal (1.7s)
✔ [2110/3070] Built Mathlib.SetTheory.Cardinal.Finsupp (1.9s)
✔ [2111/3070] Built Mathlib.LinearAlgebra.Finsupp.Supported (2.4s)
✔ [2112/3070] Built Mathlib.Algebra.Module.Submodule.Pointwise (3.4s)
✔ [2113/3070] Built Mathlib.Algebra.Algebra.Hom (3.8s)
✔ [2114/3070] Built Mathlib.SetTheory.Cardinal.Ordinal (1.9s)
✔ [2115/3070] Built Mathlib.Algebra.Module.Submodule.Equiv (3.6s)
✔ [2116/3070] Built Mathlib.NumberTheory.ArithmeticFunction.Defs (4.9s)
✔ [2117/3070] Built Mathlib.SetTheory.Cardinal.Cofinality.Ordinal (3.0s)
✔ [2118/3070] Built Mathlib.Topology.LocallyFinite (2.4s)
✔ [2119/3070] Built Mathlib.Topology.Semicontinuity.Defs (3.6s)
✔ [2120/3070] Built Mathlib.Topology.Order.LocalExtr (3.4s)
✔ [2121/3070] Built Mathlib.Topology.Coherent (2.6s)
✔ [2122/3070] Built Mathlib.Topology.Bases (4.7s)
✔ [2123/3070] Built Mathlib.Topology.Order.LeftRight (2.9s)
✔ [2124/3070] Built Mathlib.Topology.PartialHomeomorph.Defs (2.6s)
✔ [2125/3070] Built Mathlib.Topology.Inseparable (4.1s)
✔ [2126/3070] Built Mathlib.Topology.Compactness.Compact (4.9s)
✔ [2127/3070] Built Mathlib.Topology.Clopen (2.1s)
✔ [2128/3070] Built Mathlib.Topology.UniformSpace.Basic (4.6s)
✔ [2129/3070] Built Mathlib.Topology.Piecewise (1.9s)
✔ [2130/3070] Built Mathlib.Combinatorics.Matroid.Constructions (1.8s)
✔ [2131/3070] Built Mathlib.CategoryTheory.EffectiveEpi.Basic (2.1s)
✔ [2132/3070] Built Mathlib.Algebra.CharP.Frobenius (1.9s)
✔ [2133/3070] Built Mathlib.Data.ENNReal.Operations (3.1s)
✔ [2134/3070] Built Mathlib.Algebra.Module.Submodule.Finsupp (2.2s)
✔ [2135/3070] Built Mathlib.RingTheory.Congruence.Basic (2.7s)
✔ [2136/3070] Built Mathlib.CategoryTheory.Adjunction.Limits (4.0s)
✔ [2137/3070] Built Mathlib.Tactic.Algebra.Basic (4.3s)
✔ [2138/3070] Built Mathlib.CategoryTheory.Limits.FunctorCategory.Basic (5.2s)
✔ [2139/3070] Built Mathlib.SetTheory.Ordinal.FundamentalSequence (1.8s)
✔ [2140/3070] Built Mathlib.CategoryTheory.Elements (6.8s)
✔ [2141/3070] Built Mathlib.Algebra.Algebra.NonUnitalHom (5.2s)
✔ [2142/3070] Built Mathlib.NumberTheory.ArithmeticFunction.Zeta (2.4s)
✔ [2143/3070] Built Mathlib.LinearAlgebra.Span.Basic (4.3s)
✔ [2144/3070] Built Mathlib.Topology.NhdsKer (1.6s)
✔ [2145/3070] Built Mathlib.Topology.OpenPartialHomeomorph.Defs (1.7s)
✔ [2146/3070] Built Mathlib.LinearAlgebra.Finsupp.LinearCombination (4.3s)
✔ [2147/3070] Built Mathlib.Topology.Compactness.LocallyFinite (1.4s)
✔ [2148/3070] Built Mathlib.Topology.Compactness.Bases (1.5s)
✔ [2149/3070] Built Mathlib.Topology.Compactness.LocallyCompact (1.6s)
✔ [2150/3070] Built Mathlib.Algebra.Algebra.Equiv (6.4s)
✔ [2151/3070] Built Mathlib.Topology.UniformSpace.DiscreteUniformity (1.5s)
✔ [2152/3070] Built Mathlib.Topology.UniformSpace.Compact (1.7s)
✔ [2153/3070] Built Mathlib.Topology.Algebra.Indicator (1.6s)
✔ [2154/3070] Built Mathlib.GroupTheory.OrderOfElement (10s)
✔ [2155/3070] Built Mathlib.Algebra.CharP.Reduced (1.7s)
✔ [2156/3070] Built Mathlib.Data.ENNReal.Action (1.9s)
✔ [2157/3070] Built Mathlib.Combinatorics.Matroid.Map (2.7s)
✔ [2158/3070] Built Mathlib.RingTheory.Congruence.Opposite (1.7s)
✔ [2159/3070] Built Mathlib.Tactic.Algebra.AlgebraNF (1.8s)
✔ [2160/3070] Built Mathlib.SetTheory.Cardinal.Regular (2.4s)
✔ [2161/3070] Built Mathlib.NumberTheory.ArithmeticFunction.Misc (3.1s)
✔ [2162/3070] Built Mathlib.Data.EReal.Basic (4.0s)
✔ [2163/3070] Built Mathlib.Topology.Compactness.NhdsKer (1.0s)
✔ [2164/3070] Built Mathlib.Data.ENNReal.Inv (4.3s)
✔ [2165/3070] Built Mathlib.LinearAlgebra.Finsupp.Span (2.7s)
✔ [2166/3070] Built Mathlib.RingTheory.Ideal.Span (2.7s)
✔ [2167/3070] Built Mathlib.Algebra.Algebra.TransferInstance (1.6s)
✔ [2168/3070] Built Mathlib.Topology.Compactness.SigmaCompact (1.9s)
✔ [2169/3070] Built Mathlib.FieldTheory.Galois.Notation (1.7s)
✔ [2170/3070] Built Mathlib.LinearAlgebra.BilinearMap (12s)
✔ [2171/3070] Built Mathlib.Topology.Separation.Basic (3.0s)
✔ [2172/3070] Built Mathlib.Data.Finsupp.Weight (4.3s)
✔ [2173/3070] Built Mathlib.Algebra.Algebra.Prod (1.0s)
✔ [2174/3070] Built Mathlib.LinearAlgebra.Basis.Defs (4.7s)
✔ [2175/3070] Built Mathlib.Algebra.Algebra.Opposite (3.0s)
✔ [2176/3070] Built Mathlib.LinearAlgebra.LinearIndependent.Defs (5.4s)
✔ [2177/3070] Built Mathlib.NumberTheory.MulChar.Basic (3.5s)
✔ [2178/3070] Built Mathlib.GroupTheory.Perm.Finite (2.2s)
✔ [2179/3070] Built Mathlib.Algebra.Algebra.Tower (4.1s)
✔ [2180/3070] Built Mathlib.GroupTheory.Exponent (3.4s)
✔ [2181/3070] Built Mathlib.Data.ZMod.Basic (4.6s)
✔ [2182/3070] Built Mathlib.RingTheory.TwoSidedIdeal.Basic (2.6s)
✔ [2183/3070] Built Mathlib.SetTheory.Cardinal.Pigeonhole (1.8s)
✔ [2184/3070] Built Mathlib.GroupTheory.NoncommPiCoprod (3.3s)
✔ [2185/3070] Built Mathlib.Topology.AlexandrovDiscrete (1.9s)
✔ [2186/3070] Built Mathlib.NumberTheory.ArithmeticFunction.Moebius (2.6s)
✔ [2187/3070] Built Mathlib.CategoryTheory.Comma.Over.Basic (23s)
✔ [2188/3070] Built Mathlib.Data.ENNReal.BigOperators (2.2s)
✔ [2189/3070] Built Mathlib.RingTheory.Ideal.Maximal (2.9s)
✔ [2190/3070] Built Mathlib.Topology.Compactness.Lindelof (2.8s)
✔ [2191/3070] Built Mathlib.Algebra.Algebra.NonUnitalSubalgebra (13s)
✔ [2192/3070] Built Mathlib.Algebra.Module.Submodule.Bilinear (2.9s)
✔ [2193/3070] Built Mathlib.Combinatorics.Matroid.Closure (6.5s)
✔ [2194/3070] Built Mathlib.Data.EReal.Operations (5.2s)
✔ [2195/3070] Built Mathlib.Order.Filter.TendstoCofinite (2.3s)
✔ [2196/3070] Built Mathlib.Topology.DiscreteSubset (3.3s)
✔ [2197/3070] Built Mathlib.Topology.EMetricSpace.Defs (5.2s)
✔ [2198/3070] Built Mathlib.LinearAlgebra.Basis.Bilinear (2.2s)
✔ [2199/3070] Built Mathlib.LinearAlgebra.LinearIndependent.Algebra (2.0s)
✔ [2200/3070] Built Mathlib.LinearAlgebra.Dual.Defs (4.0s)
✔ [2201/3070] Built Mathlib.Algebra.Algebra.Pi (2.8s)
✔ [2202/3070] Built Mathlib.LinearAlgebra.BilinearForm.Basic (2.0s)
✔ [2203/3070] Built Mathlib.Algebra.MonoidAlgebra.Module (5.2s)
✔ [2204/3070] Built Mathlib.GroupTheory.Perm.Cycle.Basic (3.8s)
✔ [2205/3070] Built Mathlib.Algebra.Algebra.RestrictScalars (2.5s)
✔ [2206/3070] Built Mathlib.Tactic.Algebraize (2.8s)
✔ [2207/3070] Built Mathlib.LinearAlgebra.LinearIndependent.Basic (5.4s)
✔ [2208/3070] Built Mathlib.Data.ZMod.IntUnitsPower (2.1s)
✔ [2209/3070] Built Mathlib.Algebra.Algebra.ZMod (2.0s)
✔ [2210/3070] Built Mathlib.Data.ZMod.Aut (1.9s)
✔ [2211/3070] Built Mathlib.Data.ZMod.Units (2.3s)
✔ [2212/3070] Built Mathlib.Algebra.Field.ZMod (1.8s)
✔ [2213/3070] Built Mathlib.LinearAlgebra.Prod (8.3s)
✔ [2214/3070] Built Mathlib.RingTheory.Localization.Basic (6.2s)
✔ [2215/3070] Built Mathlib.NumberTheory.LegendreSymbol.ZModChar (2.4s)
✔ [2216/3070] Built Mathlib.RingTheory.TwoSidedIdeal.Lattice (1.8s)
✔ [2217/3070] Built Mathlib.Data.ZMod.ValMinAbs (1.9s)
✔ [2218/3070] Built Mathlib.LinearAlgebra.Basis.Cardinality (2.4s)
✔ [2219/3070] Built Mathlib.RingTheory.Spectrum.Maximal.Defs (1.7s)
✔ [2220/3070] Built Mathlib.Data.ZMod.QuotientGroup (3.2s)
✔ [2221/3070] Built Mathlib.RingTheory.Ideal.Basic (2.2s)
✔ [2222/3070] Built Mathlib.RingTheory.Ideal.Nonunits (1.8s)
✔ [2223/3070] Built Mathlib.Combinatorics.Matroid.Rank.Finite (1.6s)
✔ [2224/3070] Built Mathlib.Combinatorics.Matroid.Circuit (2.9s)
✔ [2225/3070] Built Mathlib.Topology.Irreducible (2.2s)
✔ [2226/3070] Built Mathlib.Data.EReal.Inv (3.1s)
✔ [2227/3070] Built Mathlib.LinearAlgebra.Dual.Basis (2.7s)
✔ [2228/3070] Built Mathlib.Tactic.Module (12s)
✔ [2229/3070] Built Mathlib.Topology.MetricSpace.Pseudo.Defs (4.7s)
✔ [2230/3070] Built Mathlib.LinearAlgebra.TensorProduct.Defs (6.0s)
✔ [2231/3070] Built Mathlib.Algebra.MonoidAlgebra.Support (2.1s)
✔ [2232/3070] Built Mathlib.CategoryTheory.Grothendieck (8.7s)
✔ [2233/3070] Built Mathlib.GroupTheory.Perm.Closure (2.2s)
✔ [2234/3070] Built Mathlib.Algebra.Module.LocalizedModule.Basic (15s)
✔ [2235/3070] Built Mathlib.GroupTheory.Perm.Cycle.Factors (3.6s)
✔ [2236/3070] Built Mathlib.RingTheory.Finiteness.Defs (2.3s)
✔ [2237/3070] Built Mathlib.Algebra.Ring.NegOnePow (1.0s)
✔ [2238/3070] Built Mathlib.Algebra.Polynomial.Basic (5.3s)
✔ [2239/3070] Built Mathlib.CategoryTheory.Limits.Shapes.BinaryProducts (10s)
✔ [2240/3070] Built Mathlib.LinearAlgebra.Basis.Basic (2.8s)
✔ [2241/3070] Built Mathlib.RingTheory.TwoSidedIdeal.Kernel (1.4s)
✔ [2242/3070] Built Mathlib.RingTheory.SimpleRing.Defs (1.5s)
✔ [2243/3070] Built Mathlib.RingTheory.LocalRing.Basic (1.7s)
✔ [2244/3070] Built Mathlib.Algebra.Star.Module (3.3s)
✔ [2245/3070] Built Mathlib.RingTheory.TwoSidedIdeal.Operations (2.8s)
✔ [2246/3070] Built Mathlib.GroupTheory.SpecificGroups.Cyclic.Basic (2.9s)
✔ [2247/3070] Built Mathlib.Algebra.Star.StarAlgHom (9.2s)
✔ [2248/3070] Built Mathlib.Algebra.MonoidAlgebra.Basic (9.9s)
✔ [2249/3070] Built Mathlib.Topology.Separation.Hausdorff (2.5s)
✔ [2250/3070] Built Mathlib.Combinatorics.Matroid.Loop (2.0s)
✔ [2251/3070] Built Mathlib.LinearAlgebra.Pi (5.5s)
✔ [2252/3070] Built Mathlib.Topology.MetricSpace.Defs (2.3s)
✔ [2253/3070] Built Mathlib.Topology.MetricSpace.Pseudo.Constructions (2.6s)
✔ [2254/3070] Built Mathlib.RingTheory.Finiteness.Prod (1.9s)
✔ [2255/3070] Built Mathlib.RingTheory.Finiteness.Bilinear (1.0s)
✔ [2256/3070] Built Mathlib.Algebra.Field.NegOnePow (2.0s)
✔ [2257/3070] Built Mathlib.LinearAlgebra.Ray (5.1s)
✔ [2258/3070] Built Mathlib.Algebra.MonoidAlgebra.Degree (4.4s)
✔ [2259/3070] Built Mathlib.GroupTheory.Perm.Cycle.Type (3.6s)
✔ [2260/3070] Built Mathlib.CategoryTheory.Limits.Shapes.Grothendieck (4.1s)
✔ [2261/3070] Built Mathlib.Algebra.Ring.Periodic (3.5s)
✔ [2262/3070] Built Mathlib.CategoryTheory.Limits.Shapes.StrictInitial (1.8s)
✔ [2263/3070] Built Mathlib.Algebra.Polynomial.Monomial (1.8s)
✔ [2264/3070] Built Mathlib.CategoryTheory.Monad.Products (3.5s)
✔ [2265/3070] Built Mathlib.Algebra.Polynomial.Coeff (2.7s)
✔ [2266/3070] Built Mathlib.LinearAlgebra.LinearPMap (10s)
✔ [2267/3070] Built Mathlib.CategoryTheory.Limits.Shapes.Pullback.Cospan (3.9s)
✔ [2268/3070] Built Mathlib.RingTheory.AlgebraTower (2.7s)
✔ [2269/3070] Built Mathlib.Algebra.Polynomial.Eval.Defs (3.6s)
✔ [2270/3070] Built Mathlib.LinearAlgebra.TensorProduct.Basic (8.4s)
✔ [2271/3070] Built Mathlib.LinearAlgebra.Dimension.Basic (3.1s)
✔ [2272/3070] Built Mathlib.RingTheory.SimpleRing.Basic (1.8s)
✔ [2273/3070] Built Mathlib.LinearAlgebra.Basis.Submodule (3.0s)
✔ [2274/3070] Built Mathlib.LinearAlgebra.FreeModule.Basic (2.6s)
✔ [2275/3070] Built Mathlib.RingTheory.LocalRing.MaximalIdeal.Defs (1.8s)
✔ [2276/3070] Built Mathlib.LinearAlgebra.Basis.SMul (2.8s)
✔ [2277/3070] Built Mathlib.Topology.Compactness.CompactlyCoherentSpace (1.6s)
✔ [2278/3070] Built Mathlib.Combinatorics.Matroid.Rank.ENat (2.9s)
✔ [2279/3070] Built Mathlib.Dynamics.FixedPoints.Topology (1.7s)
✔ [2280/3070] Built Mathlib.Topology.Algebra.InfiniteSum.Defs (2.9s)
✔ [2281/3070] Built Mathlib.LinearAlgebra.Basis.Fin (3.1s)
✔ [2282/3070] Built Mathlib.Topology.Algebra.Support (3.5s)
✔ [2283/3070] Built Mathlib.Topology.ContinuousMap.Basic (3.8s)
✔ [2284/3070] Built Mathlib.Topology.Order.OrderClosed (4.5s)
✔ [2285/3070] Built Mathlib.RingTheory.Finiteness.Basic (4.0s)
✔ [2286/3070] Built Mathlib.Algebra.CharP.CharAndCard (2.4s)
✔ [2287/3070] Built Mathlib.LinearAlgebra.Finsupp.Pi (3.1s)
✔ [2288/3070] Built Mathlib.Algebra.Polynomial.Degree.Defs (2.8s)
✔ [2289/3070] Built Mathlib.LinearAlgebra.LinearIndependent.Lemmas (6.6s)
✔ [2290/3070] Built Mathlib.LinearAlgebra.Quotient.Basic (4.9s)
✔ [2291/3070] Built Mathlib.Data.Nat.Periodic (1.8s)
✔ [2292/3070] Built Mathlib.Algebra.Field.Periodic (2.2s)
✔ [2293/3070] Built Mathlib.Data.Nat.Choose.Vandermonde (1.9s)
✔ [2294/3070] Built Mathlib.GroupTheory.Perm.Fin (3.5s)
✔ [2295/3070] Built Mathlib.Algebra.Polynomial.Eval.Coeff (1.8s)
✔ [2296/3070] Built Mathlib.Algebra.Polynomial.Eval.Algebra (1.4s)
✔ [2297/3070] Built Mathlib.CategoryTheory.Limits.Shapes.Pullback.PullbackCone (3.2s)
✔ [2298/3070] Built Mathlib.LinearAlgebra.SModEq.Basic (2.6s)
✔ [2299/3070] Built Mathlib.Data.Matrix.Basic (10s)
✔ [2300/3070] Built Mathlib.LinearAlgebra.Dimension.Subsingleton (1.7s)
✔ [2301/3070] Built Mathlib.LinearAlgebra.Dimension.Finrank (1.8s)
✔ [2302/3070] Built Mathlib.LinearAlgebra.AffineSpace.AffineMap (10s)
✔ [2303/3070] Built Mathlib.Algebra.Algebra.IsSimpleRing (1.3s)
✔ [2304/3070] Built Mathlib.LinearAlgebra.Multilinear.Basic (9.5s)
✔ [2305/3070] Built Mathlib.LinearAlgebra.Basis.Prod (1.6s)
✔ [2306/3070] Built Mathlib.Combinatorics.Matroid.Rank.Cardinal (1.0s)
✔ [2307/3070] Built Mathlib.Algebra.Field.Subfield.Basic (3.5s)
✔ [2308/3070] Built Mathlib.Topology.Sets.Opens (2.8s)
✔ [2309/3070] Built Mathlib.Topology.Order.Lattice (2.4s)
✔ [2310/3070] Built Mathlib.Topology.Connected.Basic (2.5s)
✔ [2311/3070] Built Mathlib.Algebra.Order.ToIntervalMod (10s)
✔ [2312/3070] Built Mathlib.Topology.Algebra.InfiniteSum.Basic (4.6s)
✔ [2313/3070] Built Mathlib.RingTheory.Finiteness.Lattice (1.9s)
✔ [2314/3070] Built Mathlib.RingTheory.Noetherian.Defs (2.1s)
✔ [2315/3070] Built Mathlib.RingTheory.IntegralClosure.IsIntegral.Defs (1.7s)
✔ [2316/3070] Built Mathlib.Topology.Order.Basic (5.6s)
✔ [2317/3070] Built Mathlib.Algebra.Algebra.Subalgebra.Basic (7.7s)
✔ [2318/3070] Built Mathlib.Algebra.Polynomial.Degree.Monomial (1.0s)
✔ [2319/3070] Built Mathlib.Algebra.Polynomial.Degree.Operations (3.1s)
✔ [2320/3070] Built Mathlib.Algebra.Star.NonUnitalSubalgebra (21s)
✔ [2321/3070] Built Mathlib.Data.Nat.Totient (2.1s)
✔ [2322/3070] Built Mathlib.RingTheory.Polynomial.Subring (1.9s)
✔ [2323/3070] Built Mathlib.RingTheory.Ideal.Quotient.Basic (2.9s)
✔ [2324/3070] Built Mathlib.LinearAlgebra.Isomorphisms (2.7s)
✔ [2325/3070] Built Mathlib.LinearAlgebra.TensorProduct.Map (12s)
✔ [2326/3070] Built Mathlib.LinearAlgebra.DFinsupp (5.9s)
✔ [2327/3070] Built Mathlib.SetTheory.Cardinal.Subfield (1.9s)
✔ [2328/3070] Built Mathlib.Topology.Sets.OpenCover (1.9s)
✔ [2329/3070] Built Mathlib.Data.Matrix.Basis (3.3s)
✔ [2330/3070] Built Mathlib.Algebra.Exact.Basic (7.2s)
✔ [2331/3070] Built Mathlib.CategoryTheory.Limits.Shapes.Pullback.HasPullback (4.9s)
✔ [2332/3070] Built Mathlib.LinearAlgebra.SesquilinearForm.Basic (8.3s)
✔ [2333/3070] Built Mathlib.RingTheory.IntegralClosure.IsIntegralClosure.Defs (1.8s)
✔ [2334/3070] Built Mathlib.RingTheory.IntegralClosure.Algebra.Defs (1.7s)
✔ [2335/3070] Built Mathlib.LinearAlgebra.Projection (7.3s)
✔ [2336/3070] Built Mathlib.Topology.Instances.Sign (1.5s)
✔ [2337/3070] Built Mathlib.Topology.Sets.Closeds (3.4s)
✔ [2338/3070] Built Mathlib.Topology.Connected.Clopen (3.3s)
✔ [2339/3070] Built Mathlib.Topology.Order.ProjIcc (1.7s)
✔ [2340/3070] Built Mathlib.Topology.Order.MonotoneConvergence (2.0s)
✔ [2341/3070] Built Mathlib.Topology.Instances.Discrete (1.8s)
✔ [2342/3070] Built Mathlib.Topology.Order.LeftRightNhds (3.5s)
✔ [2343/3070] Built Mathlib.Algebra.Polynomial.Degree.Support (2.0s)
✔ [2344/3070] Built Mathlib.RingTheory.Localization.FractionRing (6.9s)
✔ [2345/3070] Built Mathlib.Algebra.Polynomial.Degree.Domain (1.9s)
✔ [2346/3070] Built Mathlib.Algebra.Polynomial.Degree.SmallDegree (2.3s)
✔ [2347/3070] Built Mathlib.Algebra.Star.TensorProduct (2.2s)
✔ [2348/3070] Built Mathlib.LinearAlgebra.TensorProduct.Finiteness (1.9s)
✔ [2349/3070] Built Mathlib.LinearAlgebra.AffineSpace.AffineEquiv (9.3s)
✔ [2350/3070] Built Mathlib.Data.Matrix.Composition (2.1s)
✔ [2351/3070] Built Mathlib.Algebra.Algebra.Bilinear (3.5s)
✔ [2352/3070] Built Mathlib.GroupTheory.SpecificGroups.Cyclic (5.2s)
✔ [2353/3070] Built Mathlib.LinearAlgebra.Matrix.ConjTranspose (3.2s)
✔ [2354/3070] Built Mathlib.RingTheory.Finiteness.Finsupp (2.9s)
✔ [2355/3070] Built Mathlib.LinearAlgebra.Multilinear.DFinsupp (4.6s)
✔ [2356/3070] Built Mathlib.CategoryTheory.Limits.Shapes.Pullback.Iso (2.3s)
✔ [2357/3070] Built Mathlib.Algebra.DirectSum.Module (5.2s)
✔ [2358/3070] Built Mathlib.LinearAlgebra.Finsupp.VectorSpace (2.4s)
✔ [2359/3070] Built Mathlib.Topology.Connected.LocallyConnected (1.8s)
✔ [2360/3070] Built Mathlib.Topology.Sober (2.1s)
✔ [2361/3070] Built Mathlib.Topology.Connected.TotallyDisconnected (2.2s)
✔ [2362/3070] Built Mathlib.CategoryTheory.Limits.Shapes.Pullback.Pasting (4.8s)
✔ [2363/3070] Built Mathlib.Topology.Separation.Regular (2.7s)
✔ [2364/3070] Built Mathlib.LinearAlgebra.Basis.VectorSpace (3.9s)
✔ [2365/3070] Built Mathlib.Topology.Order.MonotoneContinuity (2.2s)
✔ [2366/3070] Built Mathlib.Topology.Algebra.Order.Group (2.7s)
✔ [2367/3070] Built Mathlib.LinearAlgebra.TensorProduct.Associator (8.9s)
✔ [2368/3070] Built Mathlib.RingTheory.Localization.NumDen (2.1s)
✔ [2369/3070] Built Mathlib.Topology.Order.IsLUB (3.4s)
✔ [2370/3070] Built Mathlib.Algebra.Polynomial.Eval.Subring (1.9s)
✔ [2371/3070] Built Mathlib.FieldTheory.RatFunc.Defs (2.4s)
✔ [2372/3070] Built Mathlib.Algebra.Polynomial.Eval.SMul (1.9s)
✔ [2373/3070] Built Mathlib.CategoryTheory.Limits.Shapes.Equalizers (7.6s)
✔ [2374/3070] Built Mathlib.Algebra.Polynomial.Degree.TrailingDegree (2.3s)
✔ [2375/3070] Built Mathlib.Algebra.Polynomial.Degree.Units (1.6s)
✔ [2376/3070] Built Mathlib.LinearAlgebra.AffineSpace.Midpoint (2.6s)
✔ [2377/3070] Built Mathlib.Algebra.Module.LocalizedModule.IsLocalization (2.3s)
✔ [2378/3070] Built Mathlib.GroupTheory.PGroup (3.1s)
✔ [2379/3070] Built Mathlib.Algebra.Order.Group.Cyclic (2.5s)
✔ [2380/3070] Built Mathlib.LinearAlgebra.BilinearForm.Hom (3.0s)
✔ [2381/3070] Built Mathlib.Topology.Order.AtTopBotIxx (8.4s)
✔ [2382/3070] Built Mathlib.LinearAlgebra.Matrix.RowCol (2.7s)
✔ [2383/3070] Built Mathlib.Algebra.Polynomial.Derivative (6.2s)
✔ [2384/3070] Built Mathlib.Data.Matrix.Block (4.1s)
✔ [2385/3070] Built Mathlib.Algebra.DirectSum.Finsupp (1.9s)
✔ [2386/3070] Built Mathlib.LinearAlgebra.Matrix.Invertible (3.5s)
✔ [2387/3070] Built Mathlib.CategoryTheory.Limits.Shapes.Pullback.Mono (3.1s)
✔ [2388/3070] Built Mathlib.LinearAlgebra.AffineSpace.AffineSubspace.Basic (6.8s)
✔ [2389/3070] Built Mathlib.Topology.Order.T5 (1.7s)
✔ [2390/3070] Built Mathlib.LinearAlgebra.StdBasis (2.8s)
✔ [2391/3070] Built Mathlib.LinearAlgebra.Multilinear.Finsupp (3.6s)
✔ [2392/3070] Built Mathlib.Topology.DenseEmbedding (1.9s)
✔ [2393/3070] Built Mathlib.Algebra.Algebra.Operations (7.6s)
✔ [2394/3070] Built Mathlib.Topology.UniformSpace.Separation (1.7s)
✔ [2395/3070] Built Mathlib.Topology.CompactOpen (2.7s)
✔ [2396/3070] Built Mathlib.Topology.Algebra.Order.Archimedean (2.1s)
✔ [2397/3070] Built Mathlib.CategoryTheory.Limits.Shapes.FiniteLimits (1.8s)
✔ [2398/3070] Built Mathlib.Topology.Order.DenselyOrdered (2.7s)
✔ [2399/3070] Built Mathlib.CategoryTheory.Limits.Connected (1.9s)
✔ [2400/3070] Built Mathlib.Topology.Order.Monotone (3.1s)
✔ [2401/3070] Built Mathlib.CategoryTheory.Limits.Shapes.Pullback.Assoc (5.0s)
✔ [2402/3070] Built Mathlib.Algebra.Polynomial.Eval.Degree (2.4s)
✔ [2403/3070] Built Mathlib.CategoryTheory.Comma.Over.Pullback (6.1s)
✔ [2404/3070] Built Mathlib.Algebra.Polynomial.Identities (2.4s)
✔ [2405/3070] Built Mathlib.LinearAlgebra.Matrix.Symmetric (2.2s)
✔ [2406/3070] Built Mathlib.LinearAlgebra.Matrix.SemiringInverse (3.5s)
✔ [2407/3070] Built Mathlib.Analysis.Convex.Segment (4.9s)
✔ [2408/3070] Built Mathlib.RingTheory.Localization.Module (5.2s)
✔ [2409/3070] Built Mathlib.GroupTheory.Torsion (4.1s)
✔ [2410/3070] Built Mathlib.LinearAlgebra.Matrix.Notation (4.2s)
✔ [2411/3070] Built Mathlib.GroupTheory.Sylow (4.9s)
✔ [2412/3070] Built Mathlib.LinearAlgebra.AffineSpace.Restrict (1.9s)
✔ [2413/3070] Built Mathlib.Topology.Order.Real (1.6s)
✔ [2414/3070] Built Mathlib.LinearAlgebra.Matrix.StdBasis (1.7s)
✔ [2415/3070] Built Mathlib.LinearAlgebra.AffineSpace.Pointwise (2.6s)
✔ [2416/3070] Built Mathlib.RingTheory.Finiteness.Cardinality (1.9s)
✔ [2417/3070] Built Mathlib.LinearAlgebra.Multilinear.Basis (2.0s)
✔ [2418/3070] Built Mathlib.CategoryTheory.Limits.Shapes.Images (5.4s)
✔ [2419/3070] Built Mathlib.Topology.MetricSpace.Pseudo.Lemmas (2.2s)
✔ [2420/3070] Built Mathlib.LinearAlgebra.AffineSpace.Combination (5.5s)
✔ [2421/3070] Built Mathlib.CategoryTheory.Filtered.Basic (3.1s)
✔ [2422/3070] Built Mathlib.Topology.Homeomorph.Lemmas (4.3s)
✔ [2423/3070] Built Mathlib.CategoryTheory.Limits.Opposites (3.8s)
✔ [2424/3070] Built Mathlib.Topology.Order.LiminfLimsup (3.8s)
✔ [2425/3070] Built Mathlib.Algebra.Polynomial.Degree.Lemmas (3.0s)
✔ [2426/3070] Built Mathlib.Algebra.Algebra.Subalgebra.Lattice (6.3s)
✔ [2427/3070] Built Mathlib.Topology.Order.IntermediateValue (5.7s)
✔ [2428/3070] Built Mathlib.LinearAlgebra.Matrix.Trace (3.3s)
✔ [2429/3070] Built Mathlib.Analysis.Convex.Star (3.9s)
✔ [2430/3070] Built Mathlib.Algebra.Module.ZMod (3.3s)
✔ [2431/3070] Built Mathlib.LinearAlgebra.FreeModule.Finite.Basic (1.9s)
✔ [2432/3070] Built Mathlib.RingTheory.Ideal.Operations (7.0s)
✔ [2433/3070] Built Mathlib.RingTheory.OrzechProperty (1.8s)
✔ [2434/3070] Built Mathlib.CategoryTheory.Filtered.Connected (1.3s)
✔ [2435/3070] Built Mathlib.LinearAlgebra.AffineSpace.Centroid (1.9s)
✔ [2436/3070] Built Mathlib.Analysis.Normed.Group.Defs (4.2s)
✔ [2437/3070] Built Mathlib.Topology.KrullDimension (1.6s)
✔ [2438/3070] Built Mathlib.Topology.Algebra.Constructions (2.1s)
✔ [2439/3070] Built Mathlib.CategoryTheory.Limits.Shapes.ZeroMorphisms (3.5s)
✔ [2440/3070] Built Mathlib.Topology.NoetherianSpace (1.9s)
✔ [2441/3070] Built Mathlib.Topology.PartialHomeomorph.Basic (1.0s)
✔ [2442/3070] Built Mathlib.Algebra.Module.LocalizedModule.Submodule (8.3s)
✔ [2443/3070] Built Mathlib.Topology.Maps.Proper.Basic (1.0s)
✔ [2444/3070] Built Mathlib.LinearAlgebra.AffineSpace.Independent (4.6s)
✔ [2445/3070] Built Mathlib.RingTheory.Polynomial.Pochhammer (2.6s)
✔ [2446/3070] Built Mathlib.Algebra.Polynomial.EraseLead (2.0s)
✔ [2447/3070] Built Mathlib.Algebra.Algebra.Subalgebra.Prod (1.0s)
✔ [2448/3070] Built Mathlib.Tactic.ComputeDegree (2.9s)
✔ [2449/3070] Built Mathlib.Algebra.Algebra.Subalgebra.Pointwise (2.1s)
✔ [2450/3070] Built Mathlib.CategoryTheory.Limits.Shapes.Opposites.Pullbacks (4.7s)
✔ [2451/3070] Built Mathlib.RingTheory.Finiteness.Subalgebra (1.0s)
✔ [2452/3070] Built Mathlib.Algebra.FreeAlgebra (3.8s)
✔ [2453/3070] Built Mathlib.LinearAlgebra.Alternating.Basic (8.6s)
✔ [2454/3070] Built Mathlib.Algebra.Algebra.Subalgebra.Tower (2.3s)
✔ [2455/3070] Built Mathlib.Algebra.Algebra.Subalgebra.Directed (2.6s)
✔ [2456/3070] Built Mathlib.Topology.Order.Compact (2.6s)
✔ [2457/3070] Built Mathlib.Algebra.Polynomial.AlgebraMap (5.8s)
✔ [2458/3070] Built Mathlib.RingTheory.Coprime.Ideal (2.5s)
✔ [2459/3070] Built Mathlib.LinearAlgebra.TensorProduct.Tower (25s)
✔ [2460/3070] Built Mathlib.RingTheory.Finiteness.Nakayama (2.2s)
✔ [2461/3070] Built Mathlib.RingTheory.Spectrum.Maximal.Basic (1.0s)
✔ [2462/3070] Built Mathlib.RingTheory.UniqueFactorizationDomain.Ideal (2.1s)
✔ [2463/3070] Built Mathlib.Topology.Algebra.Star (2.2s)
✔ [2464/3070] Built Mathlib.CategoryTheory.Limits.Preserves.Shapes.Zero (2.2s)
✔ [2465/3070] Built Mathlib.Analysis.Convex.Basic (4.0s)
✔ [2466/3070] Built Mathlib.Algebra.MvPolynomial.Basic (6.2s)
✔ [2467/3070] Built Mathlib.Topology.OpenPartialHomeomorph.Basic (2.3s)
✔ [2468/3070] Built Mathlib.Topology.QuasiSeparated (2.8s)
✔ [2469/3070] Built Mathlib.Topology.UniformSpace.Cauchy (3.4s)
✔ [2470/3070] Built Mathlib.Topology.LocalAtTarget (2.6s)
✔ [2471/3070] Built Mathlib.Topology.Spectral.Hom (2.0s)
✔ [2472/3070] Built Mathlib.Topology.Maps.Proper.CompactlyGenerated (2.3s)
✔ [2473/3070] Built Mathlib.Algebra.Polynomial.Reverse (2.2s)
✔ [2474/3070] Built Mathlib.Algebra.Polynomial.Inductions (2.2s)
✔ [2475/3070] Built Mathlib.RingTheory.Ideal.Maps (7.1s)
✔ [2476/3070] Built Mathlib.Algebra.Polynomial.CancelLeads (2.1s)
✔ [2477/3070] Built Mathlib.Topology.Algebra.ConstMulAction (6.8s)
✔ [2478/3070] Built Mathlib.LinearAlgebra.AffineSpace.Basis (4.1s)
✔ [2479/3070] Built Mathlib.Algebra.CharP.Algebra (2.0s)
✔ [2480/3070] Built Mathlib.CategoryTheory.Limits.Shapes.Pullback.IsPullback.Defs (2.6s)
✔ [2481/3070] Built Mathlib.RingTheory.Adjoin.Basic (2.1s)
✔ [2482/3070] Built Mathlib.LinearAlgebra.AffineSpace.Simplex.Basic (5.1s)
✔ [2483/3070] Built Mathlib.CategoryTheory.Limits.Shapes.Opposites.Equalizers (3.0s)
✔ [2484/3070] Built Mathlib.RingTheory.Polynomial.Tower (2.1s)
✔ [2485/3070] Built Mathlib.Tactic.Polynomial.Basic (2.3s)
✔ [2486/3070] Built Mathlib.RingTheory.Algebraic.Defs (2.1s)
✔ [2487/3070] Built Mathlib.RingTheory.Adjoin.Polynomial.Basic (2.2s)
✔ [2488/3070] Built Mathlib.RingTheory.Noetherian.UniqueFactorizationDomain (1.6s)
✔ [2489/3070] Built Mathlib.LinearAlgebra.Matrix.Determinant.Basic (5.3s)
✔ [2490/3070] Built Mathlib.Analysis.Convex.Hull (2.1s)
✔ [2491/3070] Built Mathlib.Tactic.Ring.NamePolyVars (1.8s)
✔ [2492/3070] Built Mathlib.LinearAlgebra.DirectSum.TensorProduct (3.9s)
✔ [2493/3070] Built Mathlib.Topology.OpenPartialHomeomorph.Continuity (1.9s)
✔ [2494/3070] Built Mathlib.Topology.UniformSpace.UniformConvergence (2.0s)
✔ [2495/3070] Built Mathlib.Topology.UniformSpace.UniformEmbedding (3.1s)
✔ [2496/3070] Built Mathlib.Algebra.MvPolynomial.Eval (5.5s)
✔ [2497/3070] Built Mathlib.Topology.Sets.Compacts (4.6s)
✔ [2498/3070] Built Mathlib.Algebra.Polynomial.Monic (3.2s)
✔ [2499/3070] Built Mathlib.FieldTheory.IntermediateField.Basic (10s)
✔ [2500/3070] Built Mathlib.Analysis.Convex.Function (7.1s)
✔ [2501/3070] Built Mathlib.Algebra.Star.Subalgebra (10s)
✔ [2502/3070] Built Mathlib.RingTheory.MvPowerSeries.Basic (7.3s)
✔ [2503/3070] Built Mathlib.RingTheory.Finiteness.Ideal (1.7s)
✔ [2504/3070] Built Mathlib.CategoryTheory.Limits.Shapes.Kernels (8.0s)
✔ [2505/3070] Built Mathlib.RingTheory.Ideal.Quotient.PowTransition (2.6s)
✔ [2506/3070] Built Mathlib.Algebra.Algebra.Subalgebra.Operations (1.9s)
✔ [2507/3070] Built Mathlib.RingTheory.Jacobson.Radical (2.8s)
✔ [2508/3070] Built Mathlib.Algebra.Algebra.Spectrum.Basic (3.5s)
✔ [2509/3070] Built Mathlib.RingTheory.Ideal.Prod (2.3s)
✔ [2510/3070] Built Mathlib.RingTheory.Ideal.Pointwise (3.4s)
✔ [2511/3070] Built Mathlib.RingTheory.Ideal.Colon (3.4s)
✔ [2512/3070] Built Mathlib.Topology.Algebra.MulAction (3.6s)
✔ [2513/3070] Built Mathlib.RingTheory.Adjoin.Singleton (2.5s)
✔ [2514/3070] Built Mathlib.Algebra.Polynomial.Module.AEval (7.0s)
✔ [2515/3070] Built Mathlib.RingTheory.Localization.Away.Basic (6.6s)
✔ [2516/3070] Built Mathlib.CategoryTheory.Limits.Shapes.RegularMono (3.8s)
✔ [2517/3070] Built Mathlib.LinearAlgebra.TensorProduct.Quotient (9.1s)
✔ [2518/3070] Built Mathlib.LinearAlgebra.Matrix.Determinant.Bird.Correctness (2.5s)
✔ [2519/3070] Built Mathlib.LinearAlgebra.Matrix.Reindex (3.1s)
✔ [2520/3070] Built Mathlib.Topology.UniformSpace.CompleteSeparated (1.7s)
✔ [2521/3070] Built Mathlib.Topology.UniformSpace.LocallyUniformConvergence (2.1s)
✔ [2522/3070] Built Mathlib.Topology.UniformSpace.Pi (1.0s)
✔ [2523/3070] Built Mathlib.RingTheory.MvPolynomial.Tower (1.9s)
✔ [2524/3070] Built Mathlib.Topology.Spectral.Prespectral (2.2s)
✔ [2525/3070] Built Mathlib.RingTheory.Valuation.Basic (10s)
✔ [2526/3070] Built Mathlib.Algebra.MvPolynomial.Rename (3.4s)
✔ [2527/3070] Built Mathlib.Algebra.Polynomial.Lifts (2.4s)
✔ [2528/3070] Built Mathlib.LinearAlgebra.DirectSum.Finsupp (4.0s)
✔ [2529/3070] Built Mathlib.Algebra.Polynomial.BigOperators (2.9s)
✔ [2530/3070] Built Mathlib.Algebra.Polynomial.GroupRingAction (2.0s)
✔ [2531/3070] Built Mathlib.Algebra.Polynomial.Div (3.0s)
✔ [2532/3070] Built Mathlib.Algebra.CharP.IntermediateField (2.4s)
✔ [2533/3070] Built Mathlib.CategoryTheory.ConcreteCategory.Elementwise (1.7s)
✔ [2534/3070] Built Mathlib.Tactic.Ring.NamePowerVars (2.4s)
✔ [2535/3070] Built Mathlib.Analysis.Convex.Combination (7.8s)
✔ [2536/3070] Built Mathlib.CategoryTheory.Preadditive.Basic (3.2s)
✔ [2537/3070] Built Mathlib.RingTheory.PrincipalIdealDomain (2.5s)
✔ [2538/3070] Built Mathlib.RingTheory.TensorProduct.Basic (12s)
✔ [2539/3070] Built Mathlib.RingTheory.IsPrimary (2.0s)
✔ [2540/3070] Built Mathlib.RingTheory.Ideal.Oka (2.1s)
✔ [2541/3070] Built Mathlib.RingTheory.Noetherian.Basic (3.2s)
✔ [2542/3070] Built Mathlib.Algebra.Star.Unitary (4.9s)
✔ [2543/3070] Built Mathlib.Tactic.NormDet (1.9s)
✔ [2544/3070] Built Mathlib.LinearAlgebra.Matrix.Transvection (3.2s)
✔ [2545/3070] Built Mathlib.Algebra.Polynomial.Laurent (3.9s)
✔ [2546/3070] Built Mathlib.RingTheory.SimpleModule.Basic (6.2s)
✔ [2547/3070] Built Mathlib.Topology.EMetricSpace.Basic (3.8s)
✔ [2548/3070] Built Mathlib.Topology.UniformSpace.UniformApproximation (2.5s)
✔ [2549/3070] Built Mathlib.FieldTheory.IntermediateField.Adjoin.Defs (9.2s)
✔ [2550/3070] Built Mathlib.Topology.UniformSpace.Equiv (3.1s)
✔ [2551/3070] Built Mathlib.Topology.Metrizable.Basic (1.9s)
✔ [2552/3070] Built Mathlib.Topology.Spectral.Basic (1.6s)
✔ [2553/3070] Built Mathlib.Topology.Algebra.Monoid (5.9s)
✔ [2554/3070] Built Mathlib.RingTheory.Valuation.PrimeMultiplicity (1.7s)
✔ [2555/3070] Built Mathlib.Topology.Constructible (2.5s)
✔ [2556/3070] Built Mathlib.RingTheory.Valuation.ExtendToLocalization (2.1s)
✔ [2557/3070] Built Mathlib.Algebra.Polynomial.Module.Basic (7.7s)
✔ [2558/3070] Built Mathlib.Algebra.Polynomial.HasseDeriv (2.5s)
✔ [2559/3070] Built Mathlib.LinearAlgebra.Matrix.Polynomial (2.2s)
✔ [2560/3070] Built Mathlib.CategoryTheory.Limits.Types.Colimits (2.2s)
✔ [2561/3070] Built Mathlib.LinearAlgebra.TensorProduct.Basis (3.2s)
✔ [2562/3070] Built Mathlib.Algebra.MvPolynomial.Degrees (3.7s)
✔ [2563/3070] Built Mathlib.RingTheory.Valuation.Integers (4.3s)
✔ [2564/3070] Built Mathlib.Algebra.Polynomial.RingDivision (3.1s)
✔ [2565/3070] Built Mathlib.RingTheory.Ideal.Quotient.Operations (12s)
✔ [2566/3070] Built Mathlib.CategoryTheory.Limits.Types.Limits (2.4s)
✔ [2567/3070] Built Mathlib.Algebra.Category.Grp.Preadditive (2.2s)
✔ [2568/3070] Built Mathlib.RingTheory.EuclideanDomain (1.8s)
✔ [2569/3070] Built Mathlib.RingTheory.Int.Basic (1.8s)
✔ [2570/3070] Built Mathlib.RingTheory.Bezout (1.7s)
✔ [2571/3070] Built Mathlib.RingTheory.Ideal.IsPrimary (1.9s)
✔ [2572/3070] Built Mathlib.RingTheory.PrincipalIdealDomainOfPrime (1.9s)
✔ [2573/3070] Built Mathlib.FieldTheory.Tower (1.9s)
✔ [2574/3070] Built Mathlib.RingTheory.Noetherian.Orzech (2.0s)
✔ [2575/3070] Built Mathlib.RingTheory.Jacobson.Semiprimary (2.0s)
✔ [2576/3070] Built Mathlib.Topology.MetricSpace.Cauchy (1.8s)
✔ [2577/3070] Built Mathlib.Analysis.Convex.Jensen (5.1s)
✔ [2578/3070] Built Mathlib.Topology.EMetricSpace.Pi (1.9s)
✔ [2579/3070] Built Mathlib.LinearAlgebra.Matrix.Kronecker (4.6s)
✔ [2580/3070] Built Mathlib.Topology.UniformSpace.AbstractCompletion (2.4s)
✔ [2581/3070] Built Mathlib.RingTheory.Valuation.ValuativeRel.Basic (9.9s)
✔ [2582/3070] Built Mathlib.Topology.Sequences (2.2s)
✔ [2583/3070] Built Mathlib.Topology.MetricSpace.Pseudo.Basic (2.0s)
✔ [2584/3070] Built Mathlib.Topology.Algebra.Group.Torsor (2.4s)
✔ [2585/3070] Built Mathlib.Topology.UniformSpace.UniformConvergenceTopology (4.1s)
✔ [2586/3070] Built Mathlib.Topology.Algebra.GroupWithZero (2.6s)
✔ [2587/3070] Built Mathlib.Topology.Algebra.Monoid.FunOnFinite (1.0s)
✔ [2588/3070] Built Mathlib.CategoryTheory.Limits.Types.Filtered (2.1s)
✔ [2589/3070] Built Mathlib.Algebra.Polynomial.Taylor (2.8s)
✔ [2590/3070] Built Mathlib.Algebra.Module.Torsion.Basic (7.5s)
✔ [2591/3070] Built Mathlib.Algebra.MvPolynomial.Variables (2.1s)
✔ [2592/3070] Built Mathlib.Algebra.Module.Projective (3.2s)
✔ [2593/3070] Built Mathlib.RingTheory.MvPolynomial.Basic (2.9s)
✔ [2594/3070] Built Mathlib.RingTheory.Polynomial.Ideal (2.7s)
✔ [2595/3070] Built Mathlib.RingTheory.Ideal.Quotient.Noetherian (2.5s)
✔ [2596/3070] Built Mathlib.RingTheory.Jacobson.Ideal (3.3s)
✔ [2597/3070] Built Mathlib.CategoryTheory.Limits.Preserves.Ulift (1.0s)
✔ [2598/3070] Built Mathlib.CategoryTheory.Limits.Types.Products (3.1s)
✔ [2599/3070] Built Mathlib.RingTheory.Ideal.Over (4.6s)
✔ [2600/3070] Built Mathlib.Algebra.MvPolynomial.Equiv (5.9s)
✔ [2601/3070] Built Mathlib.Topology.Algebra.Group.Basic (8.0s)
✔ [2602/3070] Built Mathlib.Algebra.Polynomial.Roots (5.8s)
✔ [2603/3070] Built Mathlib.CategoryTheory.Limits.Types.Images (1.5s)
✔ [2604/3070] Built Mathlib.Algebra.Category.Grp.ForgetCorepresentable (1.7s)
✔ [2605/3070] Built Mathlib.Topology.UniformSpace.Real (1.6s)
✔ [2606/3070] Built Mathlib.Topology.MetricSpace.Pseudo.Pi (1.0s)
✔ [2607/3070] Built Mathlib.LinearAlgebra.InvariantBasisNumber (2.4s)
✔ [2608/3070] Built Mathlib.Topology.EMetricSpace.Diam (2.1s)
✔ [2609/3070] Built Mathlib.RingTheory.Valuation.ValuationRing (3.5s)
✔ [2610/3070] Built Mathlib.CategoryTheory.Limits.Types.Yoneda (4.3s)
✔ [2611/3070] Built Mathlib.Topology.UniformSpace.Completion (2.5s)
✔ [2612/3070] Built Mathlib.Topology.Algebra.Affine (2.4s)
✔ [2613/3070] Built Mathlib.Algebra.Category.MonCat.Limits (5.6s)
✔ [2614/3070] Built Mathlib.Topology.UniformSpace.CompactConvergence (3.0s)
✔ [2615/3070] Built Mathlib.Topology.Algebra.WithZeroTopology (2.3s)
✔ [2616/3070] Built Mathlib.Topology.UniformSpace.Equicontinuity (2.0s)
✔ [2617/3070] Built Mathlib.Algebra.MvPolynomial.Supported (2.1s)
✔ [2618/3070] Built Mathlib.Algebra.MvPolynomial.Monad (3.1s)
✔ [2619/3070] Built Mathlib.Algebra.MvPolynomial.CommRing (2.4s)
✔ [2620/3070] Built Mathlib.RingTheory.Finiteness.Projective (2.3s)
✔ [2621/3070] Built Mathlib.RingTheory.LocalRing.MaximalIdeal.Basic (1.9s)
✔ [2622/3070] Built Mathlib.RingTheory.Ideal.MinimalPrime.Basic (2.0s)
✔ [2623/3070] Built Mathlib.LinearAlgebra.Matrix.Ideal (2.9s)
✔ [2624/3070] Built Mathlib.RingTheory.Nakayama (3.1s)
✔ [2625/3070] Built Mathlib.RingTheory.TensorProduct.Maps (20s)
✔ [2626/3070] Built Mathlib.RingTheory.Localization.Ideal (3.3s)
✔ [2627/3070] Built Mathlib.Topology.Algebra.Group.Pointwise (3.4s)
✔ [2628/3070] Built Mathlib.Topology.Algebra.Group.GroupTopology (2.4s)
✔ [2629/3070] Built Mathlib.Topology.MetricSpace.Basic (2.5s)
✔ [2630/3070] Built Mathlib.RingTheory.IntegralDomain (2.0s)
✔ [2631/3070] Built Mathlib.Topology.MetricSpace.ProperSpace (2.0s)
✔ [2632/3070] Built Mathlib.Topology.Algebra.IsUniformGroup.Defs (5.2s)
✔ [2633/3070] Built Mathlib.Topology.MetricSpace.Pseudo.Real (2.2s)
✔ [2634/3070] Built Mathlib.Algebra.Polynomial.FieldDivision (4.2s)
✔ [2635/3070] Built Mathlib.Topology.EMetricSpace.Lipschitz (3.0s)
✔ [2636/3070] Built Mathlib.Topology.UniformSpace.HeineCantor (2.0s)
✔ [2637/3070] Built Mathlib.LinearAlgebra.Dimension.StrongRankCondition (3.7s)
✔ [2638/3070] Built Mathlib.CategoryTheory.Limits.Yoneda (2.6s)
✔ [2639/3070] Built Mathlib.Topology.MetricSpace.Equicontinuity (2.3s)
✔ [2640/3070] Built Mathlib.LinearAlgebra.Matrix.MvPolynomial (2.3s)
✔ [2641/3070] Built Mathlib.RingTheory.FreeCommRing (3.3s)
✔ [2642/3070] Built Mathlib.RingTheory.MvPolynomial.Symmetric.Defs (2.9s)
✔ [2643/3070] Built Mathlib.RingTheory.LocalRing.ResidueField.Defs (2.1s)
✔ [2644/3070] Built Mathlib.RingTheory.SimpleRing.Matrix (1.8s)
✔ [2645/3070] Built Mathlib.RingTheory.AlgebraicIndependent.Defs (2.5s)
✔ [2646/3070] Built Mathlib.RingTheory.LocalRing.RingHom.Basic (2.3s)
✔ [2647/3070] Built Mathlib.RingTheory.AdicCompletion.Basic (11s)
✔ [2648/3070] Built Mathlib.LinearAlgebra.Matrix.ToLin (12s)
✔ [2649/3070] Built Mathlib.RingTheory.Polynomial.Basic (4.7s)
✔ [2650/3070] Built Mathlib.Algebra.Category.Ring.Adjunctions (5.2s)
✔ [2651/3070] Built Mathlib.Topology.Algebra.Group.Quotient (2.9s)
✔ [2652/3070] Built Mathlib.RingTheory.TensorProduct.Finite (3.4s)
✔ [2653/3070] Built Mathlib.Analysis.Convex.Strict (3.8s)
✔ [2654/3070] Built Mathlib.Topology.Algebra.Ring.Basic (4.0s)
✔ [2655/3070] Built Mathlib.Topology.Metrizable.Uniformity (2.4s)
✔ [2656/3070] Built Mathlib.RingTheory.RootsOfUnity.Basic (3.1s)
✔ [2657/3070] Built Mathlib.LinearAlgebra.TensorProduct.RightExactness (6.4s)
✔ [2658/3070] Built Mathlib.Topology.Algebra.UniformMulAction (2.5s)
✔ [2659/3070] Built Mathlib.RingTheory.MatrixAlgebra (6.8s)
✔ [2660/3070] Built Mathlib.Topology.MetricSpace.Bounded (3.4s)
✔ [2661/3070] Built Mathlib.Topology.Algebra.IsUniformGroup.Constructions (2.1s)
✔ [2662/3070] Built Mathlib.Topology.Algebra.InfiniteSum.Group (3.7s)
✔ [2663/3070] Built Mathlib.CategoryTheory.Limits.ConcreteCategory.Basic (1.8s)
✔ [2664/3070] Built Mathlib.RingTheory.Polynomial.Content (3.3s)
✔ [2665/3070] Built Mathlib.LinearAlgebra.Dimension.Free (3.9s)
✔ [2666/3070] Built Mathlib.Analysis.Normed.Group.Basic (8.8s)
✔ [2667/3070] Built Mathlib.CategoryTheory.Limits.Preserves.Shapes.Pullbacks (3.8s)
✔ [2668/3070] Built Mathlib.LinearAlgebra.Matrix.Adjugate (4.1s)
✔ [2669/3070] Built Mathlib.Algebra.Polynomial.Splits (5.1s)
✔ [2670/3070] Built Mathlib.Algebra.Category.Ring.Instances (2.7s)
✔ [2671/3070] Built Mathlib.RingTheory.AlgebraicIndependent.Basic (3.7s)
✔ [2672/3070] Built Mathlib.RingTheory.LocalRing.ResidueField.Basic (4.2s)
✔ [2673/3070] Built Mathlib.LinearAlgebra.Matrix.InvariantBasisNumber (2.7s)
✔ [2674/3070] Built Mathlib.LinearAlgebra.Matrix.Dual (2.3s)
✔ [2675/3070] Built Mathlib.RingTheory.Nilpotent.Lemmas (2.0s)
✔ [2676/3070] Built Mathlib.RingTheory.TensorProduct.Free (3.1s)
✔ [2677/3070] Built Mathlib.LinearAlgebra.Matrix.Basis (3.3s)
✔ [2678/3070] Built Mathlib.CategoryTheory.Limits.Final (8.6s)
✔ [2679/3070] Built Mathlib.LinearAlgebra.FreeModule.PID (5.0s)
✔ [2680/3070] Built Mathlib.Algebra.Polynomial.Expand (2.3s)
✔ [2681/3070] Built Mathlib.RingTheory.Adjoin.FG (2.3s)
✔ [2682/3070] Built Mathlib.Topology.Algebra.Group.ClosedSubgroup (2.1s)
✔ [2683/3070] Built Mathlib.RingTheory.Polynomial.Quotient (4.4s)
✔ [2684/3070] Built Mathlib.Tactic.ReduceModChar (2.9s)
✔ [2685/3070] Built Mathlib.Topology.Algebra.Module.Basic (2.8s)
✔ [2686/3070] Built Mathlib.Topology.Algebra.Ring.Ideal (1.8s)
✔ [2687/3070] Built Mathlib.Topology.Algebra.Field (2.7s)
✔ [2688/3070] Built Mathlib.LinearAlgebra.Complex.Module (7.4s)
✔ [2689/3070] Built Mathlib.Topology.Algebra.OpenSubgroup (4.1s)
✔ [2690/3070] Built Mathlib.Topology.MetricSpace.Lipschitz (2.1s)
✔ [2691/3070] Built Mathlib.Topology.MetricSpace.Antilipschitz (2.1s)
✔ [2692/3070] Built Mathlib.Topology.Algebra.GroupCompletion (3.1s)
✔ [2693/3070] Built Mathlib.Topology.Instances.Int (1.9s)
✔ [2694/3070] Built Mathlib.RingTheory.RootsOfUnity.PrimitiveRoots (4.3s)
✔ [2695/3070] Built Mathlib.Topology.Bornology.Real (1.8s)
✔ [2696/3070] Built Mathlib.Topology.Algebra.UniformConvergence (4.5s)
✔ [2697/3070] Built Mathlib.RingTheory.IsTensorProduct (20s)
✔ [2698/3070] Built Mathlib.RingTheory.Polynomial.UniqueFactorization (2.2s)
✔ [2699/3070] Built Mathlib.Topology.Algebra.IsUniformGroup.Basic (5.2s)
✔ [2700/3070] Built Mathlib.RingTheory.Polynomial.Eisenstein.Criterion (2.2s)
✔ [2701/3070] Built Mathlib.Topology.Algebra.InfiniteSum.NatInt (3.4s)
✔ [2702/3070] Built Mathlib.LinearAlgebra.FiniteDimensional.Defs (2.4s)
✔ [2703/3070] Built Mathlib.Algebra.Module.SpanRank (2.7s)
✔ [2704/3070] Built Mathlib.Analysis.Normed.Group.Submodule (1.9s)
✔ [2705/3070] Built Mathlib.Analysis.Normed.Group.Subgroup (2.2s)
✔ [2706/3070] Built Mathlib.LinearAlgebra.Dimension.Constructions (3.9s)
✔ [2707/3070] Built Mathlib.Analysis.Normed.Group.Real (1.8s)
✔ [2708/3070] Built Mathlib.CategoryTheory.Limits.Constructions.BinaryProducts (2.0s)
✔ [2709/3070] Built Mathlib.Analysis.Normed.Group.Constructions (3.6s)
✔ [2710/3070] Built Mathlib.RingTheory.TensorProduct.Quotient (10s)
✔ [2711/3070] Built Mathlib.RingTheory.Polynomial.Vieta (2.1s)
✔ [2712/3070] Built Mathlib.Algebra.Category.Grp.Limits (7.1s)
✔ [2713/3070] Built Mathlib.LinearAlgebra.Matrix.Nondegenerate (2.3s)
✔ [2714/3070] Built Mathlib.RingTheory.Polynomial.ScaleRoots (2.7s)
✔ [2715/3070] Built Mathlib.RingTheory.Ideal.Quotient.Nilpotent (2.1s)
✔ [2716/3070] Built Mathlib.RingTheory.Spectrum.Prime.Basic (2.7s)
✔ [2717/3070] Built Mathlib.RingTheory.Polynomial.Nilpotent (2.3s)
✔ [2718/3070] Built Mathlib.RingTheory.Adjoin.Tower (2.3s)
✔ [2719/3070] Built Mathlib.RingTheory.Jacobson.Polynomial (2.2s)
✔ [2720/3070] Built Mathlib.RingTheory.IntegralClosure.IsIntegral.Basic (2.8s)
✔ [2721/3070] Built Mathlib.Topology.Algebra.Nonarchimedean.Basic (2.2s)
✔ [2722/3070] Built Mathlib.Topology.Algebra.Equicontinuity (2.0s)
✔ [2723/3070] Built Mathlib.Topology.Instances.Nat (2.2s)
✔ [2724/3070] Built Mathlib.Topology.Algebra.Order.Field (3.3s)
✔ [2725/3070] Built Mathlib.Topology.Algebra.InfiniteSum.Constructions (11s)
✔ [2726/3070] Built Mathlib.Topology.Algebra.FilterBasis (4.5s)
✔ [2727/3070] Built Mathlib.Topology.MetricSpace.Isometry (3.6s)
✔ [2728/3070] Built Mathlib.LinearAlgebra.Matrix.SpecialLinearGroup (8.5s)
✔ [2729/3070] Built Mathlib.RingTheory.Adjoin.Dimension (2.1s)
✔ [2730/3070] Built Mathlib.LinearAlgebra.Dimension.ErdosKaplansky (2.7s)
✔ [2731/3070] Built Mathlib.RingTheory.PolynomialAlgebra (3.2s)
✔ [2732/3070] Built Mathlib.LinearAlgebra.Dimension.FreeAndStrongRankCondition (2.7s)
✔ [2733/3070] Built Mathlib.LinearAlgebra.Dimension.Finite (3.1s)
✔ [2734/3070] Built Mathlib.Analysis.Normed.Group.Int (2.3s)
✔ [2735/3070] Built Mathlib.RingTheory.Algebraic.Basic (4.7s)
✔ [2736/3070] Built Mathlib.RingTheory.TensorProduct.MonoidAlgebra (6.2s)
✔ [2737/3070] Built Mathlib.RingTheory.Polynomial.Eisenstein.Basic (2.2s)
✔ [2738/3070] Built Mathlib.CategoryTheory.Limits.Shapes.Pullback.IsPullback.Basic (3.5s)
✔ [2739/3070] Built Mathlib.RingTheory.Polynomial.IntegralNormalization (2.3s)
✔ [2740/3070] Built Mathlib.RingTheory.KrullDimension.Basic (2.1s)
✔ [2741/3070] Built Mathlib.Topology.Algebra.Module.ContinuousLinearMap.Basic (11s)
✔ [2742/3070] Built Mathlib.FieldTheory.Minpoly.Basic (2.6s)
✔ [2743/3070] Built Mathlib.RingTheory.Artinian.Module (4.8s)
✔ [2744/3070] Built Mathlib.RingTheory.Localization.BaseChange (11s)
✔ [2745/3070] Built Mathlib.Topology.Algebra.Ring.Real (2.1s)
✔ [2746/3070] Built Mathlib.Topology.Algebra.InfiniteSum.Order (3.5s)
✔ [2747/3070] Built Mathlib.RingTheory.FiniteType (4.4s)
✔ [2748/3070] Built Mathlib.Topology.Algebra.MetricSpace.Lipschitz (2.2s)
✔ [2749/3070] Built Mathlib.Topology.Algebra.InfiniteSum.Ring (2.1s)
✔ [2750/3070] Built Mathlib.Topology.Algebra.UniformFilterBasis (2.0s)
✔ [2751/3070] Built Mathlib.Topology.Algebra.Nonarchimedean.Bases (2.4s)
✔ [2752/3070] Built Mathlib.Analysis.Normed.Ring.Basic (9.4s)
✔ [2753/3070] Built Mathlib.Topology.MetricSpace.Dilation (2.6s)
✔ [2754/3070] Built Mathlib.Topology.MetricSpace.ProperSpace.Real (1.8s)
✔ [2755/3070] Built Mathlib.Topology.Instances.AddCircle.Defs (6.6s)
✔ [2756/3070] Built Mathlib.Algebra.Category.Ring.Limits (10s)
✔ [2757/3070] Built Mathlib.RingTheory.MatrixPolynomialAlgebra (2.2s)
✔ [2758/3070] Built Mathlib.FieldTheory.Finiteness (1.9s)
✔ [2759/3070] Built Mathlib.LinearAlgebra.Dimension.RankNullity (2.0s)
✔ [2760/3070] Built Mathlib.RingTheory.Valuation.IsTrivialOn (2.3s)
✔ [2761/3070] Built Mathlib.RingTheory.Algebraic.MvPolynomial (2.6s)
✔ [2762/3070] Built Mathlib.CategoryTheory.Limits.Shapes.KernelPair (2.1s)
✔ [2763/3070] Built Mathlib.Topology.MetricSpace.IsometricSMul (5.6s)
✔ [2764/3070] Built Mathlib.RingTheory.TensorProduct.MvPolynomial (3.0s)
✔ [2765/3070] Built Mathlib.LinearAlgebra.FiniteDimensional.Basic (4.6s)
✔ [2766/3070] Built Mathlib.Topology.Algebra.Module.ContinuousLinearMap.RestrictScalars (2.6s)
✔ [2767/3070] Built Mathlib.Topology.Algebra.Module.ContinuousLinearMap.Restrict (2.8s)
✔ [2768/3070] Built Mathlib.RingTheory.FiniteLength (2.0s)
✔ [2769/3070] Built Mathlib.Topology.Instances.ZMultiples (1.9s)
✔ [2770/3070] Built Mathlib.RingTheory.Localization.AtPrime.Basic (13s)
✔ [2771/3070] Built Mathlib.Topology.Algebra.Algebra (5.0s)
✔ [2772/3070] Built Mathlib.Topology.Algebra.Module.ContinuousLinearMap.PiProd (4.1s)
✔ [2773/3070] Built Mathlib.Topology.Instances.Rat (2.3s)
✔ [2774/3070] Built Mathlib.RingTheory.Localization.Algebra (3.3s)
✔ [2775/3070] Built Mathlib.Topology.Algebra.SeparationQuotient.Basic (4.3s)
✔ [2776/3070] Built Mathlib.RingTheory.ReesAlgebra (1.0s)
✔ [2777/3070] Built Mathlib.LinearAlgebra.FreeModule.StrongRankCondition (1.9s)
✔ [2778/3070] Built Mathlib.Topology.UnitInterval (3.9s)
✔ [2779/3070] Built Mathlib.Topology.Instances.NNReal.Lemmas (2.4s)
✔ [2780/3070] Built Mathlib.RingTheory.EssentialFiniteness (3.3s)
✔ [2781/3070] Built Mathlib.Analysis.Normed.Ring.Finite (2.2s)
✔ [2782/3070] Built Mathlib.Topology.ContinuousMap.Algebra (7.8s)
✔ [2783/3070] Built Mathlib.Topology.MetricSpace.DilationEquiv (2.7s)
✔ [2784/3070] Built Mathlib.RingTheory.FinitePresentation (4.2s)
✔ [2785/3070] Built Mathlib.LinearAlgebra.Dimension.DivisionRing (2.9s)
✔ [2786/3070] Built Mathlib.Analysis.Normed.Field.Basic (4.5s)
✔ [2787/3070] Built Mathlib.RingTheory.Ideal.MinimalPrime.Localization (2.2s)
✔ [2788/3070] Built Mathlib.RingTheory.AlgebraicIndependent.Transcendental (3.2s)
✔ [2789/3070] Built Mathlib.RingTheory.Length (3.2s)
✔ [2790/3070] Built Mathlib.LinearAlgebra.Matrix.NonsingularInverse (4.4s)
✔ [2791/3070] Built Mathlib.RingTheory.LocalProperties.Submodule (3.6s)
✔ [2792/3070] Built Mathlib.Analysis.Normed.Group.Rat (2.2s)
✔ [2793/3070] Built Mathlib.RingTheory.SurjectiveOnStalks (3.9s)
✔ [2794/3070] Built Mathlib.RingTheory.Localization.LocalizationLocalization (3.2s)
✔ [2795/3070] Built Mathlib.Algebra.Category.Ring.Constructions (8.2s)
✔ [2796/3070] Built Mathlib.Topology.Algebra.SeparationQuotient.Section (2.2s)
✔ [2797/3070] Built Mathlib.Algebra.Algebra.Subalgebra.IsSimpleOrder (2.2s)
✔ [2798/3070] Built Mathlib.RingTheory.Filtration (4.1s)
✔ [2799/3070] Built Mathlib.Topology.Algebra.UniformRing (3.7s)
✔ [2800/3070] Built Mathlib.CategoryTheory.Limits.Shapes.Diagonal (7.1s)
✔ [2801/3070] Built Mathlib.LinearAlgebra.FreeModule.Finite.Matrix (2.6s)
✔ [2802/3070] Built Mathlib.Topology.MetricSpace.Algebra (3.6s)
✔ [2803/3070] Built Mathlib.RingTheory.Localization.Submodule (2.4s)
✔ [2804/3070] Built Mathlib.Analysis.Real.Sqrt (3.2s)
✔ [2805/3070] Built Mathlib.Topology.ContinuousMap.Star (2.9s)
✔ [2806/3070] Built Mathlib.Topology.Path (4.0s)
✔ [2807/3070] Built Mathlib.Topology.Instances.ENNReal.Lemmas (3.8s)
✔ [2808/3070] Built Mathlib.LinearAlgebra.FiniteDimensional.Lemmas (3.9s)
✔ [2809/3070] Built Mathlib.RingTheory.DiscreteValuationRing.Basic (4.0s)
✔ [2810/3070] Built Mathlib.LinearAlgebra.Dimension.Localization (5.7s)
✔ [2811/3070] Built Mathlib.LinearAlgebra.Matrix.Block (3.5s)
✔ [2812/3070] Built Mathlib.RingTheory.Localization.AsSubring (3.1s)
✔ [2813/3070] Built Mathlib.Topology.Algebra.UniformField (2.6s)
✔ [2814/3070] Built Mathlib.LinearAlgebra.Matrix.GeneralLinearGroup.Defs (4.2s)
✔ [2815/3070] Built Mathlib.LinearAlgebra.Matrix.SchurComplement (5.4s)
✔ [2816/3070] Built Mathlib.RingTheory.LocalRing.ResidueField.Ideal (5.9s)
✔ [2817/3070] Built Mathlib.Analysis.Normed.MulAction (3.4s)
✔ [2818/3070] Built Mathlib.Analysis.Complex.Norm (2.9s)
✔ [2819/3070] Built Mathlib.NumberTheory.Real.Irrational (3.0s)
✔ [2820/3070] Built Mathlib.Analysis.Asymptotics.Defs (9.0s)
✔ [2821/3070] Built Mathlib.CategoryTheory.MorphismProperty.Limits (4.5s)
✔ [2822/3070] Built Mathlib.RingTheory.FractionalIdeal.Basic (4.6s)
✔ [2823/3070] Built Mathlib.Tactic.NormNum.RealSqrt (2.9s)
✔ [2824/3070] Built Mathlib.RingTheory.Ideal.Cotangent (6.8s)
✔ [2825/3070] Built Mathlib.Topology.Connected.PathConnected (3.2s)
✔ [2826/3070] Built Mathlib.Topology.Algebra.Module.Equiv (17s)
✔ [2827/3070] Built Mathlib.Analysis.Normed.Group.Continuity (3.9s)
✔ [2828/3070] Built Mathlib.LinearAlgebra.Matrix.Charpoly.Basic (3.0s)
✔ [2829/3070] Built Mathlib.LinearAlgebra.Matrix.ToLinearEquiv (3.5s)
✔ [2830/3070] Built Mathlib.RingTheory.Spectrum.Prime.RingHom (3.6s)
✔ [2831/3070] Built Mathlib.LinearAlgebra.Vandermonde (4.5s)
✔ [2832/3070] Built Mathlib.Analysis.Complex.Order (2.8s)
✔ [2833/3070] Built Mathlib.RingTheory.RingHomProperties (3.6s)
✔ [2834/3070] Built Mathlib.Analysis.Complex.Exponential (4.7s)
✔ [2835/3070] Built Mathlib.Topology.Connected.LocallyPathConnected (2.6s)
✔ [2836/3070] Built Mathlib.Topology.Instances.AddCircle.Real (2.6s)
✔ [2837/3070] Built Mathlib.Analysis.Convex.PathConnected (3.1s)
✔ [2838/3070] Built Mathlib.Topology.Algebra.InfiniteSum.Module (3.2s)
✔ [2839/3070] Built Mathlib.Topology.Algebra.InfiniteSum.ENNReal (8.0s)
✔ [2840/3070] Built Mathlib.Topology.Algebra.Algebra.Equiv (3.8s)
✔ [2841/3070] Built Mathlib.Topology.Instances.RealVectorSpace (2.5s)
✔ [2842/3070] Built Mathlib.Topology.Algebra.Module.Star (3.4s)
✔ [2843/3070] Built Mathlib.Analysis.Normed.Group.Bounded (2.8s)
✔ [2844/3070] Built Mathlib.RingTheory.Spectrum.Maximal.Localization (3.3s)
✔ [2845/3070] Built Mathlib.Analysis.Normed.Group.Uniform (5.5s)
✔ [2846/3070] Built Mathlib.LinearAlgebra.Matrix.Charpoly.Coeff (5.2s)
✔ [2847/3070] Built Mathlib.LinearAlgebra.Dual.Lemmas (12s)
✔ [2848/3070] Built Mathlib.Topology.Algebra.InfiniteSum.Real (3.0s)
✔ [2849/3070] Built Mathlib.RingTheory.LocalProperties.Basic (4.6s)
✔ [2850/3070] Built Mathlib.RingTheory.FractionalIdeal.Operations (10s)
✔ [2851/3070] Built Mathlib.Analysis.Convex.StdSimplex (4.2s)
✔ [2852/3070] Built Mathlib.Analysis.Complex.Trigonometric (5.1s)
✔ [2853/3070] Built Mathlib.Analysis.Normed.Order.Lattice (2.6s)
✔ [2854/3070] Built Mathlib.Analysis.Normed.Group.InfiniteSum (2.4s)
✔ [2855/3070] Built Mathlib.Analysis.Normed.Ring.Lemmas (3.0s)
✔ [2856/3070] Built Mathlib.Analysis.Normed.Operator.ContinuousLinearMap (3.4s)
✔ [2857/3070] Built Mathlib.LinearAlgebra.GeneralLinearGroup.AlgEquiv (3.1s)
✔ [2858/3070] Built Mathlib.Topology.Semicontinuity.Basic (5.7s)
✔ [2859/3070] Built Mathlib.Analysis.Normed.Group.Hom (5.4s)
✔ [2860/3070] Built Mathlib.LinearAlgebra.BilinearForm.Properties (4.8s)
✔ [2861/3070] Built Mathlib.LinearAlgebra.Matrix.Charpoly.LinearMap (3.4s)
✔ [2862/3070] Built Mathlib.RingTheory.FractionalIdeal.Inverse (3.2s)
✔ [2863/3070] Built Mathlib.Analysis.Normed.Group.FunctionSeries (2.8s)
✔ [2864/3070] Built Mathlib.Analysis.Convex.Topology (4.3s)
✔ [2865/3070] Built Mathlib.LinearAlgebra.Contraction (5.9s)
✔ [2866/3070] Built Mathlib.Topology.Algebra.Polynomial (2.6s)
✔ [2867/3070] Built Mathlib.Analysis.Normed.Ring.InfiniteSum (3.9s)
✔ [2868/3070] Built Mathlib.LinearAlgebra.Matrix.SesquilinearForm (13s)
✔ [2869/3070] Built Mathlib.Topology.Bornology.BoundedOperation (2.5s)
✔ [2870/3070] Built Mathlib.Analysis.Normed.Field.Lemmas (3.0s)
✔ [2871/3070] Built Mathlib.FieldTheory.Minpoly.Finite (2.3s)
✔ [2872/3070] Built Mathlib.Topology.Instances.EReal.Lemmas (3.1s)
✔ [2873/3070] Built Mathlib.LinearAlgebra.BilinearForm.DualLattice (3.4s)
✔ [2874/3070] Built Mathlib.Topology.Algebra.Module.LocallyConvex (3.0s)
✔ [2875/3070] Built Mathlib.Analysis.Asymptotics.Lemmas (7.7s)
✔ [2876/3070] Built Mathlib.RingTheory.IntegralClosure.Algebra.Basic (3.7s)
✔ [2877/3070] Built Mathlib.Tactic.ComputeAsymptotics.Lemmas (2.5s)
✔ [2878/3070] Built Mathlib.Analysis.LocallyConvex.Basic (3.9s)
✔ [2879/3070] Built Mathlib.LinearAlgebra.Trace (6.2s)
✔ [2880/3070] Built Mathlib.LinearAlgebra.Determinant (8.1s)
✔ [2881/3070] Built Mathlib.Analysis.SpecificLimits.Basic (3.0s)
✔ [2882/3070] Built Mathlib.LinearAlgebra.Matrix.BilinearForm (6.9s)
✔ [2883/3070] Built Mathlib.RingTheory.Norm.Defs (1.7s)
✔ [2884/3070] Built Mathlib.Topology.ContinuousMap.Bounded.Basic (6.1s)
✔ [2885/3070] Built Mathlib.Analysis.Normed.Module.Basic (5.9s)
✔ [2886/3070] Built Mathlib.Analysis.LocallyConvex.BalancedCoreHull (2.6s)
✔ [2887/3070] Built Mathlib.RingTheory.IntegralClosure.IsIntegralClosure.Basic (5.3s)
✔ [2888/3070] Built Mathlib.Topology.MetricSpace.Contracting (2.3s)
✔ [2889/3070] Built Mathlib.RingTheory.Trace.Defs (2.4s)
✔ [2890/3070] Built Mathlib.Topology.MetricSpace.HausdorffDistance (3.1s)
✔ [2891/3070] Built Mathlib.Analysis.Normed.Module.RCLike.Real (2.2s)
✔ [2892/3070] Built Mathlib.Analysis.Asymptotics.Theta (3.1s)
✔ [2893/3070] Built Mathlib.Analysis.Normed.Module.Ray (2.6s)
✔ [2894/3070] Built Mathlib.Topology.MetricSpace.Thickening (3.4s)
✔ [2895/3070] Built Mathlib.Analysis.Normed.Operator.LinearIsometry (23s)
✔ [2896/3070] Built Mathlib.Analysis.SpecificLimits.Normed (6.2s)
✔ [2897/3070] Built Mathlib.Topology.MetricSpace.PiNat (4.7s)
✔ [2898/3070] Built Mathlib.Analysis.Asymptotics.AsymptoticEquivalent (3.3s)
✔ [2899/3070] Built Mathlib.RingTheory.Algebraic.Integral (6.6s)
✔ [2900/3070] Built Mathlib.Analysis.Normed.Group.Pointwise (3.1s)
✔ [2901/3070] Built Mathlib.Analysis.CStarAlgebra.Basic (3.1s)
✔ [2902/3070] Built Mathlib.FieldTheory.Minpoly.Field (2.8s)
✔ [2903/3070] Built Mathlib.FieldTheory.IntermediateField.Algebraic (4.1s)
✔ [2904/3070] Built Mathlib.Analysis.Normed.Group.Quotient (5.2s)
✔ [2905/3070] Built Mathlib.RingTheory.Localization.Integral (4.5s)
✔ [2906/3070] Built Mathlib.Analysis.Normed.Module.Convex (4.2s)
✔ [2907/3070] Built Mathlib.Analysis.Normed.Module.Ball.Pointwise (4.4s)
✔ [2908/3070] Built Mathlib.Analysis.Seminorm (12s)
✔ [2909/3070] Built Mathlib.FieldTheory.Normal.Defs (4.2s)
✔ [2910/3070] Built Mathlib.RingTheory.PowerBasis (4.5s)
✔ [2911/3070] Built Mathlib.RingTheory.Ideal.GoingUp (3.9s)
✔ [2912/3070] Built Mathlib.RingTheory.IntegralClosure.IntegrallyClosed (4.3s)
✔ [2913/3070] Built Mathlib.Analysis.Convex.StrictConvexSpace (3.4s)
✔ [2914/3070] Built Mathlib.Analysis.Normed.Group.AddCircle (3.0s)
✔ [2915/3070] Built Mathlib.FieldTheory.IntermediateField.Adjoin.Algebra (5.5s)
✔ [2916/3070] Built Mathlib.LinearAlgebra.Matrix.Charpoly.Minpoly (2.7s)
✔ [2917/3070] Built Mathlib.Analysis.LocallyConvex.Bounded (5.0s)
✔ [2918/3070] Built Mathlib.FieldTheory.Separable (4.4s)
✔ [2919/3070] Built Mathlib.Algebra.GCDMonoid.IntegrallyClosed (3.2s)
✔ [2920/3070] Built Mathlib.RingTheory.Adjoin.PowerBasis (4.8s)
✔ [2921/3070] Built Mathlib.Analysis.Convex.Uniform (4.0s)
✔ [2922/3070] Built Mathlib.RingTheory.Jacobson.Ring (5.1s)
✔ [2923/3070] Built Mathlib.Analysis.RCLike.Basic (11s)
✔ [2924/3070] Built Mathlib.RingTheory.LocalProperties.IntegrallyClosed (4.3s)
✔ [2925/3070] Built Mathlib.RingTheory.Polynomial.RationalRoot (2.8s)
✔ [2926/3070] Built Mathlib.RingTheory.Spectrum.Prime.Topology (6.8s)
✔ [2927/3070] Built Mathlib.Topology.Algebra.Module.UniformConvergence (2.7s)
✔ [2928/3070] Built Mathlib.FieldTheory.RatFunc.Basic (17s)
✔ [2929/3070] Built Mathlib.RingTheory.Polynomial.SeparableDegree (2.4s)
✔ [2930/3070] Built Mathlib.RingTheory.AlgebraicIndependent.Adjoin (4.2s)
✔ [2931/3070] Built Mathlib.RingTheory.DedekindDomain.Basic (2.4s)
✔ [2932/3070] Built Mathlib.FieldTheory.Fixed (4.5s)
✔ [2933/3070] Built Mathlib.RingTheory.KrullDimension.Zero (2.4s)
✔ [2934/3070] Built Mathlib.RingTheory.AlgebraicIndependent.TranscendenceBasis (6.7s)
✔ [2935/3070] Built Mathlib.Analysis.Complex.Basic (5.5s)
✔ [2936/3070] Built Mathlib.RingTheory.DiscreteValuationRing.TFAE (2.7s)
✔ [2937/3070] Built Mathlib.RingTheory.DedekindDomain.Ideal.Basic (3.7s)
✔ [2938/3070] Built Mathlib.Analysis.LocallyConvex.WithSeminorms (8.5s)
✔ [2939/3070] Built Mathlib.Analysis.Complex.Asymptotics (1.5s)
✔ [2940/3070] Built Mathlib.RingTheory.AdjoinRoot (15s)
✔ [2941/3070] Built Mathlib.RingTheory.DedekindDomain.Dvr (1.8s)
✔ [2942/3070] Built Mathlib.RingTheory.Valuation.ValuationSubring (6.1s)
✔ [2943/3070] Built Mathlib.FieldTheory.KummerPolynomial (2.1s)
✔ [2944/3070] Built Mathlib.Topology.Algebra.Module.Spaces.UniformConvergenceCLM (7.7s)
✔ [2945/3070] Built Mathlib.Analysis.SpecialFunctions.Exp (2.5s)
✔ [2946/3070] Built Mathlib.RingTheory.Adjoin.Field (2.0s)
✔ [2947/3070] Built Mathlib.Analysis.InnerProductSpace.Defs (4.2s)
✔ [2948/3070] Built Mathlib.RingTheory.Valuation.Discrete.Basic (4.5s)
✔ [2949/3070] Built Mathlib.FieldTheory.Perfect (3.6s)
✔ [2950/3070] Built Mathlib.FieldTheory.SplittingField.IsSplittingField (2.8s)
✔ [2951/3070] Built Mathlib.Analysis.SpecialFunctions.Log.Basic (4.2s)
✔ [2952/3070] Built Mathlib.Topology.Algebra.Valued.ValuationTopology (6.3s)
✔ [2953/3070] Built Mathlib.Analysis.SpecialFunctions.Trigonometric.Basic (5.1s)
✔ [2954/3070] Built Mathlib.RingTheory.DedekindDomain.Ideal.Lemmas (9.8s)
✔ [2955/3070] Built Mathlib.FieldTheory.SplittingField.Construction (4.8s)
✔ [2956/3070] Built Mathlib.FieldTheory.Finite.Basic (5.1s)
✔ [2957/3070] Built Mathlib.Analysis.SpecialFunctions.Trigonometric.Inverse (4.2s)
✔ [2958/3070] Built Mathlib.Topology.Algebra.ValuativeRel.ValuativeTopology (4.9s)
✔ [2959/3070] Built Mathlib.Analysis.InnerProductSpace.Basic (8.8s)
✔ [2960/3070] Built Mathlib.NumberTheory.LegendreSymbol.QuadraticChar.Basic (2.6s)
✔ [2961/3070] Built Mathlib.RingTheory.Polynomial.GaussLemma (3.1s)
✔ [2962/3070] Built Mathlib.FieldTheory.IntermediateField.Adjoin.Basic (8.3s)
✔ [2963/3070] Built Mathlib.Analysis.InnerProductSpace.Convex (1.8s)
✔ [2964/3070] Built Mathlib.Analysis.SpecialFunctions.Trigonometric.Angle (7.0s)
✔ [2965/3070] Built Mathlib.NumberTheory.LegendreSymbol.Basic (1.6s)
✔ [2966/3070] Built Mathlib.Topology.Algebra.Module.Spaces.ContinuousLinearMap (13s)
✔ [2967/3070] Built Mathlib.FieldTheory.Minpoly.IsIntegrallyClosed (3.0s)
✔ [2968/3070] Built Mathlib.Analysis.SpecialFunctions.Complex.Arg (2.2s)
✔ [2969/3070] Built Mathlib.FieldTheory.Extension (3.5s)
✔ [2970/3070] Built Mathlib.Topology.Algebra.Valued.ValuedField (10s)
✔ [2971/3070] Built Mathlib.Analysis.Complex.Arg (1.4s)
✔ [2972/3070] Built Mathlib.RingTheory.RootsOfUnity.Minpoly (1.8s)
✔ [2973/3070] Built Mathlib.Analysis.SpecialFunctions.Complex.Log (1.8s)
✔ [2974/3070] Built Mathlib.FieldTheory.Normal.Basic (2.6s)
✔ [2975/3070] Built Mathlib.RingTheory.RootsOfUnity.Complex (1.8s)
✔ [2976/3070] Built Mathlib.Analysis.SpecialFunctions.Pow.Complex (1.0s)
✔ [2977/3070] Built Mathlib.FieldTheory.IsAlgClosed.Basic (3.1s)
✔ [2978/3070] Built Mathlib.Analysis.Normed.Operator.Basic (5.3s)
✔ [2979/3070] Built Mathlib.NumberTheory.MulChar.Lemmas (1.9s)
✔ [2980/3070] Built Mathlib.FieldTheory.Normal.Closure (2.8s)
✔ [2981/3070] Built Mathlib.FieldTheory.PrimitiveElement (3.1s)
✔ [2982/3070] Built Mathlib.Analysis.SpecialFunctions.Pow.Real (3.6s)
✔ [2983/3070] Built Mathlib.FieldTheory.IsAlgClosed.AlgebraicClosure (3.5s)
✔ [2984/3070] Built Mathlib.FieldTheory.AlgebraicClosure (1.0s)
✔ [2985/3070] Built Mathlib.FieldTheory.Minpoly.MinpolyDiv (2.1s)
✔ [2986/3070] Built Mathlib.RingTheory.Norm.Basic (2.2s)
✔ [2987/3070] Built Mathlib.Topology.ContinuousMap.Bounded.Normed (5.5s)
✔ [2988/3070] Built Mathlib.Tactic.NormNum.Irrational (3.0s)
✔ [2989/3070] Built Mathlib.RingTheory.AlgebraicIndependent.AlgebraicClosure (2.5s)
✔ [2990/3070] Built Mathlib.Analysis.SpecialFunctions.Pow.NNReal (3.8s)
✔ [2991/3070] Built Mathlib.Topology.ContinuousMap.Bounded.Star (1.6s)
✔ [2992/3070] Built Mathlib.Analysis.SpecialFunctions.Pow.Asymptotics (1.5s)
✔ [2993/3070] Built Mathlib.FieldTheory.SeparableDegree (5.4s)
✔ [2994/3070] Built Mathlib.Topology.ContinuousMap.Compact (2.4s)
✔ [2995/3070] Built Mathlib.Tactic.ComputeAsymptotics.Multiseries.Majorized (1.2s)
✔ [2996/3070] Built Mathlib.Topology.MetricSpace.UniformConvergence (1.8s)
✔ [2997/3070] Built Mathlib.FieldTheory.SeparableClosure (4.0s)
✔ [2998/3070] Built Mathlib.Tactic.ComputeAsymptotics.Multiseries.Corecursion (1.7s)
✔ [2999/3070] Built Mathlib.Tactic.ComputeAsymptotics.Multiseries.Defs (2.4s)
✔ [3000/3070] Built Mathlib.FieldTheory.Galois.Basic (3.0s)
✔ [3001/3070] Built Mathlib.Tactic.ComputeAsymptotics.Multiseries.Trimming (1.4s)
✔ [3002/3070] Built Mathlib.Tactic.ComputeAsymptotics.Multiseries.Basis (1.6s)
✔ [3003/3070] Built Mathlib.FieldTheory.KrullTopology (2.3s)
✔ [3004/3070] Built Mathlib.FieldTheory.IsSepClosed (2.5s)
✔ [3005/3070] Built Mathlib.FieldTheory.Galois.GaloisClosure (2.6s)
✔ [3006/3070] Built Mathlib.RingTheory.Norm.Transitivity (2.7s)
✔ [3007/3070] Built Mathlib.Tactic.ComputeAsymptotics.Multiseries.Monomial.Basic (2.3s)
✔ [3008/3070] Built Mathlib.Tactic.ComputeAsymptotics.Multiseries.Basic (2.5s)
✔ [3009/3070] Built Mathlib.FieldTheory.Finite.GaloisField (2.0s)
✔ [3010/3070] Built Mathlib.FieldTheory.Galois.Infinite (2.5s)
✔ [3011/3070] Built Mathlib.FieldTheory.PurelyInseparable.Basic (3.1s)
✔ [3012/3070] Built Mathlib.FieldTheory.Galois.Abelian (1.1s)
✔ [3013/3070] Built Mathlib.RingTheory.Trace.Basic (2.1s)
✔ [3014/3070] Built Mathlib.FieldTheory.Finite.Trace (1.1s)
✔ [3015/3070] Built Mathlib.RingTheory.DedekindDomain.IntegralClosure (1.4s)
✔ [3016/3070] Built Mathlib.NumberTheory.NumberField.Basic (1.7s)
✔ [3017/3070] Built Mathlib.Topology.Algebra.Valued.WithVal (2.7s)
✔ [3018/3070] Built Mathlib.RingTheory.DedekindDomain.AdicValuation (6.0s)
✔ [3019/3070] Built Mathlib.FieldTheory.RatFunc.AsPolynomial (1.9s)
✔ [3020/3070] Built Mathlib.RingTheory.Polynomial.Cyclotomic.Basic (1.6s)
✔ [3021/3070] Built Mathlib.RingTheory.Polynomial.Cyclotomic.Roots (1.4s)
✔ [3022/3070] Built Mathlib.RingTheory.Polynomial.Cyclotomic.Expand (1.4s)
✔ [3023/3070] Built Mathlib.RingTheory.Polynomial.Cyclotomic.Eval (1.9s)
✔ [3024/3070] Built Mathlib.NumberTheory.Cyclotomic.Basic (3.6s)
✔ [3025/3070] Built Mathlib.NumberTheory.Cyclotomic.PrimitiveRoots (2.1s)
✔ [3026/3070] Built Mathlib.NumberTheory.LegendreSymbol.AddCharacter (1.4s)
✔ [3027/3070] Built Mathlib.NumberTheory.GaussSum (1.6s)
✔ [3028/3070] Built Mathlib.NumberTheory.LegendreSymbol.QuadraticChar.GaussSum (1.4s)
✔ [3029/3070] Built Mathlib.NumberTheory.LegendreSymbol.QuadraticReciprocity (1.2s)
✔ [3030/3070] Built Mathlib.NumberTheory.LegendreSymbol.JacobiSymbol (1.5s)
✔ [3031/3070] Built Mathlib.Tactic.NormNum.LegendreSymbol (1.5s)
✔ [3032/3070] Built Mathlib.Tactic (1.2s)
✔ [3033/3070] Built RNA.Color (1.2s)
✔ [3034/3070] Built RNA.Coloring (1.5s)
✔ [3035/3070] Built RNA.HelixTransfer (2.1s)
✔ [3036/3070] Built RNA.Endpoint (1.5s)
⚠ [3037/3070] Built RNA.SequenceAssignment (1.4s)
warning: RNA/SequenceAssignment.lean:33:0: `card_filter_eq_count_map` does not use the following hypothesis in its type:
  • [DecidableEq α] (#3)

Consider removing this hypothesis and using `classical` in the proof instead. For terms, consider using `open scoped Classical in` at the term level (not the command level).

Note: This linter can be disabled with `set_option linter.unusedDecidableInType false`
warning: RNA/SequenceAssignment.lean:171:41: Used `tac1 <;> tac2` where `(tac1; tac2)` would suffice

Note: This linter can be disabled with `set_option linter.unnecessarySeqFocus false`
warning: RNA/SequenceAssignment.lean:203:12: Variable name `hp` is not explicitly referenced.

Hint: The binding can be removed (if unused) or named `_` (if used implicitly). Alternatively, prefix the name with `_` to silence this warning:
  [apply] _hp

Note: This linter can be disabled with `set_option linter.unusedVariables false`
✔ [3038/3070] Built RNA.HelixTransferBridge (1.4s)
✔ [3039/3070] Built RNA.LocalAllocations (1.9s)
✔ [3040/3070] Built RNA.HelixSubtree (1.9s)
✔ [3041/3070] Built RNA.Milestone2Examples (1.0s)
✔ [3042/3070] Built RNA.Milestone3Local (2.1s)
✔ [3043/3070] Built RNA.SubtreeColoring (1.5s)
✔ [3044/3070] Built RNA.AtMostTwoShort.ShortCount (1.9s)
✔ [3045/3070] Built RNA.SubtreeConstruction (1.4s)
✔ [3046/3070] Built RNA.AtMostTwoShort.Interface (1.8s)
✔ [3047/3070] Built RNA.GlobalColoring (1.1s)
✔ [3048/3070] Built RNA.AtMostTwoShort.Transfers (1.6s)
⚠ [3049/3070] Built RNA.SequenceCertificate (1.6s)
warning: RNA/SequenceCertificate.lean:54:2: Try `simp at hvMem` instead of `simpa using hvMem`

Note: This linter can be disabled with `set_option linter.unnecessarySimpa false`
warning: RNA/SequenceCertificate.lean:122:24: try 'simp' instead of 'simpa'

Note: This linter can be disabled with `set_option linter.unnecessarySimpa false`
warning: RNA/SequenceCertificate.lean:130:24: try 'simp' instead of 'simpa'

Note: This linter can be disabled with `set_option linter.unnecessarySimpa false`
✔ [3050/3070] Built RNA.PrefixBalance (2.3s)
⚠ [3051/3070] Built RNA.PairingInventory (2.9s)
warning: RNA/PairingInventory.lean:892:6: Try `simp at hcomp` instead of `simpa using hcomp`

Note: This linter can be disabled with `set_option linter.unnecessarySimpa false`
warning: RNA/PairingInventory.lean:897:6: Try `simp at hcomp` instead of `simpa using hcomp`

Note: This linter can be disabled with `set_option linter.unnecessarySimpa false`
✔ [3052/3070] Built RNA.SaturatedUniqueness (3.0s)
✔ [3053/3070] Built RNA.LevelImbalance (1.6s)
✔ [3054/3070] Built RNA.AtMostTwoShort.ResourceAllocations (7.4s)
✔ [3055/3070] Built RNA.GlobalSequence (1.6s)
✔ [3056/3070] Built RNA.AtMostTwoShort.ResourceCertificate (1.0s)
✔ [3057/3070] Built RNA.TiedCompetitor (1.6s)
⚠ [3058/3070] Built RNA.PairedRestriction (1.8s)
warning: RNA/PairedRestriction.lean:214:6: try 'simp' instead of 'simpa'

Note: This linter can be disabled with `set_option linter.unnecessarySimpa false`
warning: RNA/PairedRestriction.lean:221:4: try 'simp' instead of 'simpa'

Note: This linter can be disabled with `set_option linter.unnecessarySimpa false`
warning: RNA/PairedRestriction.lean:521:4: try 'simp' instead of 'simpa'

Note: This linter can be disabled with `set_option linter.unnecessarySimpa false`
✔ [3059/3070] Built RNA.NoTie (1.4s)
✔ [3060/3070] Built RNA.OneShortHelixDesignability (1.5s)
✔ [3061/3070] Built RNA.AtMostTwoShort.ResourceRoot (8.9s)
✔ [3062/3070] Built RNA.AtMostTwoShort.SubtreeConstruction (9.2s)
✔ [3063/3070] Built RNA.AtMostTwoShort.GlobalColoring (1.0s)
✔ [3064/3070] Built RNA.AtMostTwoShort.Designability (1.2s)
✔ [3065/3070] Built RNA.Milestone3Examples (65s)
✔ [3066/3070] Built RNA.Milestone4Examples (2.0s)
✔ [3067/3070] Built RNA.Milestone5Examples (1.5s)
✔ [3068/3070] Built RNA.AtMostTwoShort.Examples (57s)
✔ [3069/3070] Built RNA (1.4s)
Build completed successfully (3070 jobs).
real 894.10
user 5405.09
sys 1355.88
EXIT_CODE 0
COMMAND lake build RNA.AtMostTwoShort.AxiomAudit
⚠ [3013/3056] Replayed RNA.SequenceAssignment
warning: RNA/SequenceAssignment.lean:33:0: `card_filter_eq_count_map` does not use the following hypothesis in its type:
  • [DecidableEq α] (#3)

Consider removing this hypothesis and using `classical` in the proof instead. For terms, consider using `open scoped Classical in` at the term level (not the command level).

Note: This linter can be disabled with `set_option linter.unusedDecidableInType false`
warning: RNA/SequenceAssignment.lean:171:41: Used `tac1 <;> tac2` where `(tac1; tac2)` would suffice

Note: This linter can be disabled with `set_option linter.unnecessarySeqFocus false`
warning: RNA/SequenceAssignment.lean:203:12: Variable name `hp` is not explicitly referenced.

Hint: The binding can be removed (if unused) or named `_` (if used implicitly). Alternatively, prefix the name with `_` to silence this warning:
  [apply] _hp

Note: This linter can be disabled with `set_option linter.unusedVariables false`
⚠ [3028/3056] Replayed RNA.SequenceCertificate
warning: RNA/SequenceCertificate.lean:54:2: Try `simp at hvMem` instead of `simpa using hvMem`

Note: This linter can be disabled with `set_option linter.unnecessarySimpa false`
warning: RNA/SequenceCertificate.lean:122:24: try 'simp' instead of 'simpa'

Note: This linter can be disabled with `set_option linter.unnecessarySimpa false`
warning: RNA/SequenceCertificate.lean:130:24: try 'simp' instead of 'simpa'

Note: This linter can be disabled with `set_option linter.unnecessarySimpa false`
⚠ [3029/3056] Replayed RNA.PairingInventory
warning: RNA/PairingInventory.lean:892:6: Try `simp at hcomp` instead of `simpa using hcomp`

Note: This linter can be disabled with `set_option linter.unnecessarySimpa false`
warning: RNA/PairingInventory.lean:897:6: Try `simp at hcomp` instead of `simpa using hcomp`

Note: This linter can be disabled with `set_option linter.unnecessarySimpa false`
⚠ [3035/3056] Replayed RNA.Word
warning: RNA/Word.lean:133:2: try 'simp' instead of 'simpa'

Note: This linter can be disabled with `set_option linter.unnecessarySimpa false`
⚠ [3037/3056] Replayed RNA.Saturable
warning: RNA/Saturable.lean:140:58: This simp argument is unused:
  List.map_nil

Hint: Omit it from the simp argument list.
  [apply] simp only [encodedWord, List.map_append, List.map_cons, nucleotideSignedGenerator_comp]

Note: This linter can be disabled with `set_option linter.unusedSimpArgs false`
warning: RNA/Saturable.lean:215:8: `if_pos` has been deprecated: Use `ite_eq_left` instead
warning: RNA/Saturable.lean:227:8: `if_neg` has been deprecated: Use `ite_eq_right` instead
warning: RNA/Saturable.lean:252:19: `dif_neg` has been deprecated: Use `dite_eq_right` instead
warning: RNA/Saturable.lean:254:19: `dif_neg` has been deprecated: Use `dite_eq_right` instead
warning: RNA/Saturable.lean:377:8: `if_neg` has been deprecated: Use `ite_eq_right` instead
warning: RNA/Saturable.lean:370:53: This simp argument is unused:
  List.length_nil

Hint: Omit it from the simp argument list.
  [apply] simp only [List.length_append, List.length_cons] at hpBound

Note: This linter can be disabled with `set_option linter.unusedSimpArgs false`
warning: RNA/Saturable.lean:485:55: Used `tac1 <;> tac2` where `(tac1; tac2)` would suffice

Note: This linter can be disabled with `set_option linter.unnecessarySeqFocus false`
warning: RNA/Saturable.lean:647:53: This simp argument is unused:
  List.length_nil

Hint: Omit it from the simp argument list.
  [apply] simp only [List.length_append, List.length_cons]

Note: This linter can be disabled with `set_option linter.unusedSimpArgs false`
warning: RNA/Saturable.lean:703:2: Try this: 
  letI̵

The goal is a proposition, so `let` is preferred over `letI`.
The difference between `let` and `letI` is that `letI` inlines the value.
But this is not relevant for proofs because of proof irrelevance.

Note: This linter can be disabled with `set_option linter.style.haveILetI false`
⚠ [3038/3056] Replayed RNA.PairedRestriction
warning: RNA/PairedRestriction.lean:214:6: try 'simp' instead of 'simpa'

Note: This linter can be disabled with `set_option linter.unnecessarySimpa false`
warning: RNA/PairedRestriction.lean:221:4: try 'simp' instead of 'simpa'

Note: This linter can be disabled with `set_option linter.unnecessarySimpa false`
warning: RNA/PairedRestriction.lean:521:4: try 'simp' instead of 'simpa'

Note: This linter can be disabled with `set_option linter.unnecessarySimpa false`
ℹ [3043/3056] Replayed RNA.Statement
info: RNA/Statement.lean:26:0: RNA.OneShortHelixDesignabilityStatement : Prop
ℹ [3054/3056] Replayed RNA.Examples
info: RNA/Examples.lean:136:0: RNA.energy_lt_iff_pairCount_gt {n : ℕ} (w : Sequence n) (S T : SecondaryStructure n) :
  energy w S < energy w T ↔ pairCount T < pairCount S
info: RNA/Examples.lean:137:0: RNA.uniqueDesigns_iff_maximum_and_unique_count {n : ℕ} (w : Sequence n) (T : SecondaryStructure n) :
  UniqueDesigns w T ↔ StructureCompatible w T ∧ IsMaximumCompatible w T ∧ IsUniqueMaximumPairCount w T
info: RNA/Examples.lean:138:0: RNA.uniqueDesigns_iff_uniqueMinimumEnergy {n : ℕ} (w : Sequence n) (T : SecondaryStructure n) :
  UniqueDesigns w T ↔ UniqueMinimumEnergy w T
info: RNA/Examples.lean:139:0: RNA.uniqueMinimumEnergy_iff_maximum_and_unique_count {n : ℕ} (w : Sequence n) (T : SecondaryStructure n) :
  UniqueMinimumEnergy w T ↔ StructureCompatible w T ∧ IsMaximumCompatible w T ∧ IsUniqueMaximumPairCount w T
ℹ [3056/3056] Built RNA.AtMostTwoShort.AxiomAudit (1.2s)
info: RNA/AtMostTwoShort/AxiomAudit.lean:22:0: RNA.shortHelixCount {n : ℕ} (T : SecondaryStructure n) : ℕ
info: RNA/AtMostTwoShort/AxiomAudit.lean:23:0: @[expose] def RNA.shortHelixCount : {n : ℕ} → SecondaryStructure n → ℕ :=
fun {n} T ↦ (lengthTwoHelices T).card
info: RNA/AtMostTwoShort/AxiomAudit.lean:25:0: RNA.InTargetClassKLeTwo {n : ℕ} (T : SecondaryStructure n) : Prop
info: RNA/AtMostTwoShort/AxiomAudit.lean:26:0: @[expose] def RNA.InTargetClassKLeTwo : {n : ℕ} → SecondaryStructure n → Prop :=
fun {n} T ↦
  shortHelixCount T ≤ 2 ∧
    (∀ (H : MaximalHelix T), H.length ≠ 1) ∧
      (∀ (H : MaximalHelix T), H.length ≠ 2 → 3 ≤ H.length) ∧ ¬HasM5 T ∧ ¬HasM3Dot T
info: RNA/AtMostTwoShort/AxiomAudit.lean:28:0: RNA.InTargetClassK2 {n : ℕ} (T : SecondaryStructure n) : Prop
info: RNA/AtMostTwoShort/AxiomAudit.lean:29:0: @[expose] def RNA.InTargetClassK2 : {n : ℕ} → SecondaryStructure n → Prop :=
fun {n} T ↦ InTargetClassKLeTwo T ∧ shortHelixCount T = 2
info: RNA/AtMostTwoShort/AxiomAudit.lean:31:0: RNA.UniqueDesigns {n : ℕ} (w : Sequence n) (T : SecondaryStructure n) : Prop
info: RNA/AtMostTwoShort/AxiomAudit.lean:32:0: @[expose] def RNA.UniqueDesigns : {n : ℕ} → Sequence n → SecondaryStructure n → Prop :=
fun {n} w T ↦
  StructureCompatible w T ∧ ∀ (S : SecondaryStructure n), StructureCompatible w S → S ≠ T → pairCount S < pairCount T
info: RNA/AtMostTwoShort/AxiomAudit.lean:36:0: RNA.shortHelixSubtreeCount_decomposition {n : ℕ} {T : SecondaryStructure n} (H : MaximalHelix T) :
  shortHelixSubtreeCount T H = (if H.length = 2 then 1 else 0) + ∑ i, shortHelixSubtreeCount T (outgoingHelix T H i)
info: RNA/AtMostTwoShort/AxiomAudit.lean:37:0: 'RNA.shortHelixSubtreeCount_decomposition' depends on axioms: [propext, Classical.choice, Quot.sound]
info: RNA/AtMostTwoShort/AxiomAudit.lean:39:0: RNA.loopShortSupport_card_le_two {n : ℕ} {T : SecondaryStructure n} (hK : InTargetClassKLeTwo T) (H : MaximalHelix T) :
  (loopShortSupport T H).card ≤ 2
info: RNA/AtMostTwoShort/AxiomAudit.lean:40:0: 'RNA.loopShortSupport_card_le_two' depends on axioms: [propext, Classical.choice, Quot.sound]
info: RNA/AtMostTwoShort/AxiomAudit.lean:42:0: RNA.rootShortSupport_card_le_two {n : ℕ} {T : SecondaryStructure n} (hK : InTargetClassKLeTwo T) :
  (rootShortSupport T).card ≤ 2
info: RNA/AtMostTwoShort/AxiomAudit.lean:43:0: 'RNA.rootShortSupport_card_le_two' depends on axioms: [propext, Classical.choice, Quot.sound]
info: RNA/AtMostTwoShort/AxiomAudit.lean:45:0: RNA.loopShortSupport_card_eq_two_length_at_least_three {n : ℕ} {T : SecondaryStructure n} (hK : InTargetClassKLeTwo T)
  (H : MaximalHelix T) (hcard : (loopShortSupport T H).card = 2) : 3 ≤ H.length
info: RNA/AtMostTwoShort/AxiomAudit.lean:46:0: 'RNA.loopShortSupport_card_eq_two_length_at_least_three' depends on axioms: [propext, Classical.choice, Quot.sound]
info: RNA/AtMostTwoShort/AxiomAudit.lean:50:0: RNA.longTransfer_eta_closesNonGrey_of_Q (h : ℕ) (xi entry : Parity) (first : Color) (hh : 3 ≤ h)
  (hQ : InQ xi entry first) : LongEtaTransfer h xi entry first
info: RNA/AtMostTwoShort/AxiomAudit.lean:51:0: 'RNA.longTransfer_eta_closesNonGrey_of_Q' depends on axioms: [propext, Classical.choice, Quot.sound]
info: RNA/AtMostTwoShort/AxiomAudit.lean:53:0: RNA.completeResourceLoopAllocation {n : ℕ} {T : SecondaryStructure n} (hK : InTargetClassKLeTwo T) (H : MaximalHelix T)
  (e : EndpointType) (he : HasEndpointType H.terminalNode e) (a : Color) (xi : Parity)
  (hLclosing : e = EndpointType.L → a.NonGrey)
  (hTwoClosing : e = EndpointType.M → (loopShortSupport T H).card = 2 → a.NonGrey) :
  ResourceLoopAllocation T hK H e a xi
info: RNA/AtMostTwoShort/AxiomAudit.lean:54:0: 'RNA.completeResourceLoopAllocation' depends on axioms: [propext, Classical.choice, Quot.sound]
info: RNA/AtMostTwoShort/AxiomAudit.lean:56:0: RNA.onePositiveMActualExposure_eq {n : ℕ} (T : SecondaryStructure n) (H : MaximalHelix T) (a : Color) (d : MArity)
  (hcount : pairedChildCount T (some H.terminalNode) = d.count)
  (positive : Fin (pairedChildCount T (some H.terminalNode))) :
  loopPortExposure a (onePositiveMActualPorts T H a d hcount positive) = designatedMExposure a d
info: RNA/AtMostTwoShort/AxiomAudit.lean:57:0: 'RNA.onePositiveMActualExposure_eq' depends on axioms: [propext, Classical.choice, Quot.sound]
info: RNA/AtMostTwoShort/AxiomAudit.lean:59:0: RNA.completeResourceLoopAllocation_twoSupportActualFacts {n : ℕ} {T : SecondaryStructure n} (hK : InTargetClassKLeTwo T)
  (H : MaximalHelix T) (e : EndpointType) (he : HasEndpointType H.terminalNode e) (a : Color) (xi : Parity)
  (hLclosing : e = EndpointType.L → a.NonGrey)
  (hTwoClosing : e = EndpointType.M → (loopShortSupport T H).card = 2 → a.NonGrey) (heM : e = EndpointType.M)
  (hcard : (loopShortSupport T H).card = 2) (chi : Coloring T) (hclosing : chi H.terminalNode = a)
  (hports :
    ChildPortsInstalled chi (some H.terminalNode)
      (completeResourceLoopAllocation hK H e he a xi hLclosing hTwoClosing).ports) :
  have A := completeResourceLoopAllocation hK H e he a xi hLclosing hTwoClosing;
  a.NonGrey ∧
    3 ≤ H.length ∧
      (pairedChildCount T (some H.terminalNode) = 2 ∧ loopPortExposure a A.ports = twoPositiveMExposure a MArity.two ∨
          pairedChildCount T (some H.terminalNode) = 3 ∧
            loopPortExposure a A.ports = twoPositiveMExposure a MArity.three) ∧
        ∃ i j,
          i ≠ j ∧
            loopShortSupport T H = {i, j} ∧
              A.ports i = Color.grey ∧
                A.ports j = Color.grey ∧
                  ProperExposure (exposedMultiset chi (some H.terminalNode)) ∧
                    (pairedChildCount T (some H.terminalNode) = 3 → ∀ k ∉ loopShortSupport T H, A.ports k = a)
info: RNA/AtMostTwoShort/AxiomAudit.lean:60:0: 'RNA.completeResourceLoopAllocation_twoSupportActualFacts' depends on axioms: [propext, Classical.choice, Quot.sound]
info: RNA/AtMostTwoShort/AxiomAudit.lean:62:0: RNA.completeResourceRootAllocation {n : ℕ} {T : SecondaryStructure n} (hK : InTargetClassKLeTwo T)
  (hpositive : 0 < pairedChildCount T none) : ResourceRootAllocation T hK
info: RNA/AtMostTwoShort/AxiomAudit.lean:63:0: 'RNA.completeResourceRootAllocation' depends on axioms: [propext, Classical.choice, Quot.sound]
info: RNA/AtMostTwoShort/AxiomAudit.lean:65:0: RNA.completeResourceRootAllocation_twoSupport_certificate {n : ℕ} {T : SecondaryStructure n}
  (hK : InTargetClassKLeTwo T) (hpositive : 0 < pairedChildCount T none) (hcard : (rootShortSupport T).card = 2)
  (hlarge : 3 ≤ pairedChildCount T none) :
  have A := completeResourceRootAllocation hK hpositive;
  (∀ i ∈ rootShortSupport T, A.ports i = Color.grey) ∧
    (pairedChildCount T none = 3 → ∀ i ∉ rootShortSupport T, A.ports i = Color.black)
info: RNA/AtMostTwoShort/AxiomAudit.lean:66:0: 'RNA.completeResourceRootAllocation_twoSupport_certificate' depends on axioms: [propext, Classical.choice, Quot.sound]
info: RNA/AtMostTwoShort/AxiomAudit.lean:70:0: RNA.constructResourceSubtree {n : ℕ} {T : SecondaryStructure n} (hK : InTargetClassKLeTwo T) (xi : Parity)
  (H : MaximalHelix T) (entry : Parity) (first : Color) (hrequired : RequiredInterface T H xi entry first) :
  CertifiedResourceSubtree hK H xi entry first
info: RNA/AtMostTwoShort/AxiomAudit.lean:71:0: 'RNA.constructResourceSubtree' depends on axioms: [propext, Classical.choice, Quot.sound]
info: RNA/AtMostTwoShort/AxiomAudit.lean:73:0: RNA.constructResourceSubtree_resourceInvariant {n : ℕ} {T : SecondaryStructure n} (hK : InTargetClassKLeTwo T)
  (H : MaximalHelix T) :
  (∀ (xi entry : Parity) (first : Color),
      shortHelixSubtreeCount T H = 0 → InF xi entry first → AcceptsInterface T H xi entry first) ∧
    ∀ (xi entry : Parity) (first : Color),
      1 ≤ shortHelixSubtreeCount T H →
        shortHelixSubtreeCount T H ≤ 2 → InQ xi entry first → AcceptsInterface T H xi entry first
info: RNA/AtMostTwoShort/AxiomAudit.lean:74:0: 'RNA.constructResourceSubtree_resourceInvariant' depends on axioms: [propext, Classical.choice, Quot.sound]
info: RNA/AtMostTwoShort/AxiomAudit.lean:76:0: RNA.globalColoringCertificateLeTwo {n : ℕ} {T : SecondaryStructure n} (hK : InTargetClassKLeTwo T) :
  GlobalColoringCertificateLeTwo T hK
info: RNA/AtMostTwoShort/AxiomAudit.lean:77:0: 'RNA.globalColoringCertificateLeTwo' depends on axioms: [propext, Classical.choice, Quot.sound]
info: RNA/AtMostTwoShort/AxiomAudit.lean:79:0: RNA.exists_proper_strongTwoSeparatedWith_leTwo {n : ℕ} {T : SecondaryStructure n} (hK : InTargetClassKLeTwo T) :
  ∃ xi chi, ProperColoring chi ∧ StrongTwoSeparatedWith chi xi
info: RNA/AtMostTwoShort/AxiomAudit.lean:80:0: 'RNA.exists_proper_strongTwoSeparatedWith_leTwo' depends on axioms: [propext, Classical.choice, Quot.sound]
info: RNA/AtMostTwoShort/AxiomAudit.lean:82:0: RNA.targetClassLeTwo_admits_proper_strongTwoSeparated {n : ℕ} {T : SecondaryStructure n} (hK : InTargetClassKLeTwo T) :
  ∃ chi, ProperColoring chi ∧ StrongTwoSeparated chi
info: RNA/AtMostTwoShort/AxiomAudit.lean:83:0: 'RNA.targetClassLeTwo_admits_proper_strongTwoSeparated' depends on axioms: [propext, Classical.choice, Quot.sound]
info: RNA/AtMostTwoShort/AxiomAudit.lean:87:0: RNA.atMostTwoShortHelices_uniqueDesigns {n : ℕ} {T : SecondaryStructure n} (hK : InTargetClassKLeTwo T) :
  UniqueDesigns (sequenceOfProperColoring (globalColoringCertificateLeTwo hK).coloring ⋯) T
info: RNA/AtMostTwoShort/AxiomAudit.lean:88:0: 'RNA.atMostTwoShortHelices_uniqueDesigns' depends on axioms: [propext, Classical.choice, Quot.sound]
info: RNA/AtMostTwoShort/AxiomAudit.lean:90:0: RNA.AtMostTwoShortHelixDesignabilityStatement : Prop
info: RNA/AtMostTwoShort/AxiomAudit.lean:91:0: @[expose] def RNA.AtMostTwoShortHelixDesignabilityStatement : Prop :=
∀ {n : ℕ} (T : SecondaryStructure n), InTargetClassKLeTwo T → ∃ w, UniqueDesigns w T
info: RNA/AtMostTwoShort/AxiomAudit.lean:93:0: RNA.atMostTwoShortHelixDesignability : AtMostTwoShortHelixDesignabilityStatement
info: RNA/AtMostTwoShort/AxiomAudit.lean:94:0: theorem RNA.atMostTwoShortHelixDesignability : AtMostTwoShortHelixDesignabilityStatement :=
<not imported>
info: RNA/AtMostTwoShort/AxiomAudit.lean:95:0: 'RNA.atMostTwoShortHelixDesignability' depends on axioms: [propext, Classical.choice, Quot.sound]
Build completed successfully (3056 jobs).
real 2.98
user 1.53
sys 2.82
EXIT_CODE 0
COMMAND lake build RNA.AtMostTwoShort.PublicationExamples
ℹ [755/1498] Replayed RNA.Statement
info: RNA/Statement.lean:26:0: RNA.OneShortHelixDesignabilityStatement : Prop
ℹ [757/1498] Replayed RNA.Examples
info: RNA/Examples.lean:136:0: RNA.energy_lt_iff_pairCount_gt {n : ℕ} (w : Sequence n) (S T : SecondaryStructure n) :
  energy w S < energy w T ↔ pairCount T < pairCount S
info: RNA/Examples.lean:137:0: RNA.uniqueDesigns_iff_maximum_and_unique_count {n : ℕ} (w : Sequence n) (T : SecondaryStructure n) :
  UniqueDesigns w T ↔ StructureCompatible w T ∧ IsMaximumCompatible w T ∧ IsUniqueMaximumPairCount w T
info: RNA/Examples.lean:138:0: RNA.uniqueDesigns_iff_uniqueMinimumEnergy {n : ℕ} (w : Sequence n) (T : SecondaryStructure n) :
  UniqueDesigns w T ↔ UniqueMinimumEnergy w T
info: RNA/Examples.lean:139:0: RNA.uniqueMinimumEnergy_iff_maximum_and_unique_count {n : ℕ} (w : Sequence n) (T : SecondaryStructure n) :
  UniqueMinimumEnergy w T ↔ StructureCompatible w T ∧ IsMaximumCompatible w T ∧ IsUniqueMaximumPairCount w T
⚠ [3036/3056] Replayed RNA.SequenceAssignment
warning: RNA/SequenceAssignment.lean:33:0: `card_filter_eq_count_map` does not use the following hypothesis in its type:
  • [DecidableEq α] (#3)

Consider removing this hypothesis and using `classical` in the proof instead. For terms, consider using `open scoped Classical in` at the term level (not the command level).

Note: This linter can be disabled with `set_option linter.unusedDecidableInType false`
warning: RNA/SequenceAssignment.lean:171:41: Used `tac1 <;> tac2` where `(tac1; tac2)` would suffice

Note: This linter can be disabled with `set_option linter.unnecessarySeqFocus false`
warning: RNA/SequenceAssignment.lean:203:12: Variable name `hp` is not explicitly referenced.

Hint: The binding can be removed (if unused) or named `_` (if used implicitly). Alternatively, prefix the name with `_` to silence this warning:
  [apply] _hp

Note: This linter can be disabled with `set_option linter.unusedVariables false`
⚠ [3038/3056] Replayed RNA.SequenceCertificate
warning: RNA/SequenceCertificate.lean:54:2: Try `simp at hvMem` instead of `simpa using hvMem`

Note: This linter can be disabled with `set_option linter.unnecessarySimpa false`
warning: RNA/SequenceCertificate.lean:122:24: try 'simp' instead of 'simpa'

Note: This linter can be disabled with `set_option linter.unnecessarySimpa false`
warning: RNA/SequenceCertificate.lean:130:24: try 'simp' instead of 'simpa'

Note: This linter can be disabled with `set_option linter.unnecessarySimpa false`
⚠ [3039/3056] Replayed RNA.PairingInventory
warning: RNA/PairingInventory.lean:892:6: Try `simp at hcomp` instead of `simpa using hcomp`

Note: This linter can be disabled with `set_option linter.unnecessarySimpa false`
warning: RNA/PairingInventory.lean:897:6: Try `simp at hcomp` instead of `simpa using hcomp`

Note: This linter can be disabled with `set_option linter.unnecessarySimpa false`
⚠ [3045/3056] Replayed RNA.Word
warning: RNA/Word.lean:133:2: try 'simp' instead of 'simpa'

Note: This linter can be disabled with `set_option linter.unnecessarySimpa false`
⚠ [3047/3056] Replayed RNA.Saturable
warning: RNA/Saturable.lean:140:58: This simp argument is unused:
  List.map_nil

Hint: Omit it from the simp argument list.
  [apply] simp only [encodedWord, List.map_append, List.map_cons, nucleotideSignedGenerator_comp]

Note: This linter can be disabled with `set_option linter.unusedSimpArgs false`
warning: RNA/Saturable.lean:215:8: `if_pos` has been deprecated: Use `ite_eq_left` instead
warning: RNA/Saturable.lean:227:8: `if_neg` has been deprecated: Use `ite_eq_right` instead
warning: RNA/Saturable.lean:252:19: `dif_neg` has been deprecated: Use `dite_eq_right` instead
warning: RNA/Saturable.lean:254:19: `dif_neg` has been deprecated: Use `dite_eq_right` instead
warning: RNA/Saturable.lean:377:8: `if_neg` has been deprecated: Use `ite_eq_right` instead
warning: RNA/Saturable.lean:370:53: This simp argument is unused:
  List.length_nil

Hint: Omit it from the simp argument list.
  [apply] simp only [List.length_append, List.length_cons] at hpBound

Note: This linter can be disabled with `set_option linter.unusedSimpArgs false`
warning: RNA/Saturable.lean:485:55: Used `tac1 <;> tac2` where `(tac1; tac2)` would suffice

Note: This linter can be disabled with `set_option linter.unnecessarySeqFocus false`
warning: RNA/Saturable.lean:647:53: This simp argument is unused:
  List.length_nil

Hint: Omit it from the simp argument list.
  [apply] simp only [List.length_append, List.length_cons]

Note: This linter can be disabled with `set_option linter.unusedSimpArgs false`
warning: RNA/Saturable.lean:703:2: Try this: 
  letI̵

The goal is a proposition, so `let` is preferred over `letI`.
The difference between `let` and `letI` is that `letI` inlines the value.
But this is not relevant for proofs because of proof irrelevance.

Note: This linter can be disabled with `set_option linter.style.haveILetI false`
⚠ [3048/3056] Replayed RNA.PairedRestriction
warning: RNA/PairedRestriction.lean:214:6: try 'simp' instead of 'simpa'

Note: This linter can be disabled with `set_option linter.unnecessarySimpa false`
warning: RNA/PairedRestriction.lean:221:4: try 'simp' instead of 'simpa'

Note: This linter can be disabled with `set_option linter.unnecessarySimpa false`
warning: RNA/PairedRestriction.lean:521:4: try 'simp' instead of 'simpa'

Note: This linter can be disabled with `set_option linter.unnecessarySimpa false`
✔ [3056/3056] Built RNA.AtMostTwoShort.PublicationExamples (5.5s)
Build completed successfully (3056 jobs).
real 6.59
user 8.17
sys 2.17
EXIT_CODE 0
COMMAND lake build RNA.AtMostTwoShort.PublicationExamplesAxiomAudit
ℹ [755/1380] Replayed RNA.Statement
info: RNA/Statement.lean:26:0: RNA.OneShortHelixDesignabilityStatement : Prop
ℹ [757/1380] Replayed RNA.Examples
info: RNA/Examples.lean:136:0: RNA.energy_lt_iff_pairCount_gt {n : ℕ} (w : Sequence n) (S T : SecondaryStructure n) :
  energy w S < energy w T ↔ pairCount T < pairCount S
info: RNA/Examples.lean:137:0: RNA.uniqueDesigns_iff_maximum_and_unique_count {n : ℕ} (w : Sequence n) (T : SecondaryStructure n) :
  UniqueDesigns w T ↔ StructureCompatible w T ∧ IsMaximumCompatible w T ∧ IsUniqueMaximumPairCount w T
info: RNA/Examples.lean:138:0: RNA.uniqueDesigns_iff_uniqueMinimumEnergy {n : ℕ} (w : Sequence n) (T : SecondaryStructure n) :
  UniqueDesigns w T ↔ UniqueMinimumEnergy w T
info: RNA/Examples.lean:139:0: RNA.uniqueMinimumEnergy_iff_maximum_and_unique_count {n : ℕ} (w : Sequence n) (T : SecondaryStructure n) :
  UniqueMinimumEnergy w T ↔ StructureCompatible w T ∧ IsMaximumCompatible w T ∧ IsUniqueMaximumPairCount w T
⚠ [3036/3057] Replayed RNA.SequenceAssignment
warning: RNA/SequenceAssignment.lean:33:0: `card_filter_eq_count_map` does not use the following hypothesis in its type:
  • [DecidableEq α] (#3)

Consider removing this hypothesis and using `classical` in the proof instead. For terms, consider using `open scoped Classical in` at the term level (not the command level).

Note: This linter can be disabled with `set_option linter.unusedDecidableInType false`
warning: RNA/SequenceAssignment.lean:171:41: Used `tac1 <;> tac2` where `(tac1; tac2)` would suffice

Note: This linter can be disabled with `set_option linter.unnecessarySeqFocus false`
warning: RNA/SequenceAssignment.lean:203:12: Variable name `hp` is not explicitly referenced.

Hint: The binding can be removed (if unused) or named `_` (if used implicitly). Alternatively, prefix the name with `_` to silence this warning:
  [apply] _hp

Note: This linter can be disabled with `set_option linter.unusedVariables false`
⚠ [3038/3057] Replayed RNA.SequenceCertificate
warning: RNA/SequenceCertificate.lean:54:2: Try `simp at hvMem` instead of `simpa using hvMem`

Note: This linter can be disabled with `set_option linter.unnecessarySimpa false`
warning: RNA/SequenceCertificate.lean:122:24: try 'simp' instead of 'simpa'

Note: This linter can be disabled with `set_option linter.unnecessarySimpa false`
warning: RNA/SequenceCertificate.lean:130:24: try 'simp' instead of 'simpa'

Note: This linter can be disabled with `set_option linter.unnecessarySimpa false`
⚠ [3039/3057] Replayed RNA.PairingInventory
warning: RNA/PairingInventory.lean:892:6: Try `simp at hcomp` instead of `simpa using hcomp`

Note: This linter can be disabled with `set_option linter.unnecessarySimpa false`
warning: RNA/PairingInventory.lean:897:6: Try `simp at hcomp` instead of `simpa using hcomp`

Note: This linter can be disabled with `set_option linter.unnecessarySimpa false`
⚠ [3045/3057] Replayed RNA.Word
warning: RNA/Word.lean:133:2: try 'simp' instead of 'simpa'

Note: This linter can be disabled with `set_option linter.unnecessarySimpa false`
⚠ [3047/3057] Replayed RNA.Saturable
warning: RNA/Saturable.lean:140:58: This simp argument is unused:
  List.map_nil

Hint: Omit it from the simp argument list.
  [apply] simp only [encodedWord, List.map_append, List.map_cons, nucleotideSignedGenerator_comp]

Note: This linter can be disabled with `set_option linter.unusedSimpArgs false`
warning: RNA/Saturable.lean:215:8: `if_pos` has been deprecated: Use `ite_eq_left` instead
warning: RNA/Saturable.lean:227:8: `if_neg` has been deprecated: Use `ite_eq_right` instead
warning: RNA/Saturable.lean:252:19: `dif_neg` has been deprecated: Use `dite_eq_right` instead
warning: RNA/Saturable.lean:254:19: `dif_neg` has been deprecated: Use `dite_eq_right` instead
warning: RNA/Saturable.lean:377:8: `if_neg` has been deprecated: Use `ite_eq_right` instead
warning: RNA/Saturable.lean:370:53: This simp argument is unused:
  List.length_nil

Hint: Omit it from the simp argument list.
  [apply] simp only [List.length_append, List.length_cons] at hpBound

Note: This linter can be disabled with `set_option linter.unusedSimpArgs false`
warning: RNA/Saturable.lean:485:55: Used `tac1 <;> tac2` where `(tac1; tac2)` would suffice

Note: This linter can be disabled with `set_option linter.unnecessarySeqFocus false`
warning: RNA/Saturable.lean:647:53: This simp argument is unused:
  List.length_nil

Hint: Omit it from the simp argument list.
  [apply] simp only [List.length_append, List.length_cons]

Note: This linter can be disabled with `set_option linter.unusedSimpArgs false`
warning: RNA/Saturable.lean:703:2: Try this: 
  letI̵

The goal is a proposition, so `let` is preferred over `letI`.
The difference between `let` and `letI` is that `letI` inlines the value.
But this is not relevant for proofs because of proof irrelevance.

Note: This linter can be disabled with `set_option linter.style.haveILetI false`
⚠ [3048/3057] Replayed RNA.PairedRestriction
warning: RNA/PairedRestriction.lean:214:6: try 'simp' instead of 'simpa'

Note: This linter can be disabled with `set_option linter.unnecessarySimpa false`
warning: RNA/PairedRestriction.lean:221:4: try 'simp' instead of 'simpa'

Note: This linter can be disabled with `set_option linter.unnecessarySimpa false`
warning: RNA/PairedRestriction.lean:521:4: try 'simp' instead of 'simpa'

Note: This linter can be disabled with `set_option linter.unnecessarySimpa false`
ℹ [3057/3057] Built RNA.AtMostTwoShort.PublicationExamplesAxiomAudit (1.5s)
info: RNA/AtMostTwoShort/PublicationExamplesAxiomAudit.lean:21:0: RNA.PublicationExamples.t1Target_inTargetClassKLeTwo : InTargetClassKLeTwo t1Target
info: RNA/AtMostTwoShort/PublicationExamplesAxiomAudit.lean:22:0: 'RNA.PublicationExamples.t1Target_inTargetClassKLeTwo' depends on axioms: [propext, Classical.choice, Quot.sound]
info: RNA/AtMostTwoShort/PublicationExamplesAxiomAudit.lean:24:0: RNA.PublicationExamples.t1Target_pairCount : pairCount t1Target = 7
info: RNA/AtMostTwoShort/PublicationExamplesAxiomAudit.lean:25:0: 'RNA.PublicationExamples.t1Target_pairCount' depends on axioms: [propext, Classical.choice, Quot.sound]
info: RNA/AtMostTwoShort/PublicationExamplesAxiomAudit.lean:27:0: RNA.PublicationExamples.t1Coloring_proper : ProperColoring t1Coloring
info: RNA/AtMostTwoShort/PublicationExamplesAxiomAudit.lean:28:0: 'RNA.PublicationExamples.t1Coloring_proper' depends on axioms: [propext, Classical.choice, Quot.sound]
info: RNA/AtMostTwoShort/PublicationExamplesAxiomAudit.lean:30:0: RNA.PublicationExamples.t1Coloring_strongTwoSeparated : StrongTwoSeparated t1Coloring
info: RNA/AtMostTwoShort/PublicationExamplesAxiomAudit.lean:31:0: 'RNA.PublicationExamples.t1Coloring_strongTwoSeparated' depends on axioms: [propext, Classical.choice, Quot.sound]
info: RNA/AtMostTwoShort/PublicationExamplesAxiomAudit.lean:33:0: RNA.PublicationExamples.t1AssignedSequence_eq_w1 : t1AssignedSequence = w1
info: RNA/AtMostTwoShort/PublicationExamplesAxiomAudit.lean:34:0: 'RNA.PublicationExamples.t1AssignedSequence_eq_w1' depends on axioms: [propext, Classical.choice, Quot.sound]
info: RNA/AtMostTwoShort/PublicationExamplesAxiomAudit.lean:36:0: RNA.PublicationExamples.w1_uniqueDesigns_t1Target : UniqueDesigns w1 t1Target
info: RNA/AtMostTwoShort/PublicationExamplesAxiomAudit.lean:37:0: theorem RNA.PublicationExamples.w1_uniqueDesigns_t1Target : UniqueDesigns w1 t1Target :=
<not imported>
info: RNA/AtMostTwoShort/PublicationExamplesAxiomAudit.lean:38:0: 'RNA.PublicationExamples.w1_uniqueDesigns_t1Target' depends on axioms: [propext, Classical.choice, Quot.sound]
info: RNA/AtMostTwoShort/PublicationExamplesAxiomAudit.lean:40:0: RNA.PublicationExamples.t2Target_inTargetClassKLeTwo : InTargetClassKLeTwo t2Target
info: RNA/AtMostTwoShort/PublicationExamplesAxiomAudit.lean:41:0: 'RNA.PublicationExamples.t2Target_inTargetClassKLeTwo' depends on axioms: [propext, Classical.choice, Quot.sound]
info: RNA/AtMostTwoShort/PublicationExamplesAxiomAudit.lean:43:0: RNA.PublicationExamples.t2Target_pairCount : pairCount t2Target = 13
info: RNA/AtMostTwoShort/PublicationExamplesAxiomAudit.lean:44:0: 'RNA.PublicationExamples.t2Target_pairCount' depends on axioms: [propext, Classical.choice, Quot.sound]
info: RNA/AtMostTwoShort/PublicationExamplesAxiomAudit.lean:46:0: RNA.PublicationExamples.t2Coloring_proper : ProperColoring t2Coloring
info: RNA/AtMostTwoShort/PublicationExamplesAxiomAudit.lean:47:0: 'RNA.PublicationExamples.t2Coloring_proper' depends on axioms: [propext, Classical.choice, Quot.sound]
info: RNA/AtMostTwoShort/PublicationExamplesAxiomAudit.lean:49:0: RNA.PublicationExamples.t2Coloring_strongTwoSeparated : StrongTwoSeparated t2Coloring
info: RNA/AtMostTwoShort/PublicationExamplesAxiomAudit.lean:50:0: 'RNA.PublicationExamples.t2Coloring_strongTwoSeparated' depends on axioms: [propext, Classical.choice, Quot.sound]
info: RNA/AtMostTwoShort/PublicationExamplesAxiomAudit.lean:52:0: RNA.PublicationExamples.t2Coloring_strongTwoSeparatedWith_zero : StrongTwoSeparatedWith t2Coloring 0
info: RNA/AtMostTwoShort/PublicationExamplesAxiomAudit.lean:53:0: 'RNA.PublicationExamples.t2Coloring_strongTwoSeparatedWith_zero' depends on axioms: [propext,
 Classical.choice,
 Quot.sound]
info: RNA/AtMostTwoShort/PublicationExamplesAxiomAudit.lean:55:0: RNA.PublicationExamples.t2AssignedSequence_eq_w2 : t2AssignedSequence = w2
info: RNA/AtMostTwoShort/PublicationExamplesAxiomAudit.lean:56:0: 'RNA.PublicationExamples.t2AssignedSequence_eq_w2' depends on axioms: [propext, Classical.choice, Quot.sound]
info: RNA/AtMostTwoShort/PublicationExamplesAxiomAudit.lean:58:0: RNA.PublicationExamples.w2_uniqueDesigns_t2Target : UniqueDesigns w2 t2Target
info: RNA/AtMostTwoShort/PublicationExamplesAxiomAudit.lean:59:0: theorem RNA.PublicationExamples.w2_uniqueDesigns_t2Target : UniqueDesigns w2 t2Target :=
<not imported>
info: RNA/AtMostTwoShort/PublicationExamplesAxiomAudit.lean:60:0: 'RNA.PublicationExamples.w2_uniqueDesigns_t2Target' depends on axioms: [propext, Classical.choice, Quot.sound]
info: RNA/AtMostTwoShort/PublicationExamplesAxiomAudit.lean:64:0: RNA.PublicationExamples.threeShortTarget_shortHelixCount : shortHelixCount threeShortTarget = 3
info: RNA/AtMostTwoShort/PublicationExamplesAxiomAudit.lean:65:0: 'RNA.PublicationExamples.threeShortTarget_shortHelixCount' depends on axioms: [propext, Classical.choice, Quot.sound]
info: RNA/AtMostTwoShort/PublicationExamplesAxiomAudit.lean:67:0: RNA.PublicationExamples.threeShortTarget_not_inTargetClassKLeTwo : ¬InTargetClassKLeTwo threeShortTarget
info: RNA/AtMostTwoShort/PublicationExamplesAxiomAudit.lean:68:0: 'RNA.PublicationExamples.threeShortTarget_not_inTargetClassKLeTwo' depends on axioms: [propext,
 Classical.choice,
 Quot.sound]
info: RNA/AtMostTwoShort/PublicationExamplesAxiomAudit.lean:70:0: RNA.PublicationExamples.threeShortTarget_no_proper_modTwoSeparated : ¬∃ χ, ProperColoring χ ∧ StrongTwoSeparated χ
info: RNA/AtMostTwoShort/PublicationExamplesAxiomAudit.lean:71:0: 'RNA.PublicationExamples.threeShortTarget_no_proper_modTwoSeparated' depends on axioms: [propext,
 Classical.choice,
 Quot.sound]
info: RNA/AtMostTwoShort/PublicationExamplesAxiomAudit.lean:73:0: RNA.PublicationExamples.lengthOneHelixTarget_not_inTargetClassKLeTwo : ¬InTargetClassKLeTwo lengthOneHelixTarget
info: RNA/AtMostTwoShort/PublicationExamplesAxiomAudit.lean:74:0: 'RNA.PublicationExamples.lengthOneHelixTarget_not_inTargetClassKLeTwo' depends on axioms: [propext,
 Classical.choice,
 Quot.sound]
info: RNA/AtMostTwoShort/PublicationExamplesAxiomAudit.lean:76:0: RNA.PublicationExamples.auau_not_uniqueDesigns_nested : ¬UniqueDesigns auau Examples.nestedTarget
info: RNA/AtMostTwoShort/PublicationExamplesAxiomAudit.lean:77:0: 'RNA.PublicationExamples.auau_not_uniqueDesigns_nested' depends on axioms: [propext, Classical.choice, Quot.sound]
Build completed successfully (3057 jobs).
real 2.71
user 1.48
sys 2.20
EXIT_CODE 0
RUN_END_LOCAL 2026-08-22T21:55:40-0700
