PUBLICATION RELEASE BUILD QUALIFICATION RAW LOG
TIMESTAMP_LOCAL
2026-08-22T21:01:14-0700
WORKDIR
/Users/ashujo/Documents/Science/rna_at_most_two_short_helices_lean
BRANCH
final-publication-release
COMMIT
28070dd0032f417b1eed03a1fa23f81a260eaff7
COMMIT_DESCRIPTION
28070dd (HEAD -> final-publication-release, at-most-two-short-helices) Record at-most-two source archive checksum
STATUS_BEFORE
?? RNA/AtMostTwoShort/PublicationExamples.lean
?? RNA/AtMostTwoShort/PublicationExamplesAxiomAudit.lean
?? docs/PUBLICATION_RELEASE_BUILD.log
?? docs/THEOREM_CLOSURE_IDENTITY_REPORT.md
LEAN_VERSION
Lean (version 4.34.0-rc1, arm64-apple-darwin24.6.0, commit 3447a668783dbce1a8fdb97101dd067687b2b418, Release)
LAKE_VERSION
Lake version 5.0.0-src+3447a66 (Lean version 4.34.0-rc1)
MATHLIB_REVISION
de5ce8a9a66a4aa68a9bdbb35b63a06d34d9ca11
PINNED_FILE_SHA256
cdbc6c372a2b37ad94430a6cec69cedfa4d36f255bfd968773fd91bf7a1746bf  lean-toolchain
4375055260da09d0942728731fbc7cf8ea128eb341137363d5902344b72a661d  lakefile.toml
46d8242f5e4baa7fda3b9a0283f996cde8926d10c721513fc1e95f6a50653e25  lake-manifest.json
SYSTEM
Darwin Mac.attlocal.net 25.5.0 Darwin Kernel Version 25.5.0: Tue Jun  9 22:28:17 PDT 2026; root:xnu-12377.121.10~1/RELEASE_ARM64_T8142 arm64
ProductName:		macOS
ProductVersion:		26.5.2
BuildVersion:		25F84
LOGICAL_CPUS
10
COMMAND lake clean
real 9.05
user 0.20
sys 3.12
EXIT_CODE lake clean 0
COMMAND lake build RNA.AtMostTwoShort.Designability
✔ [5/43] Built Mathlib.Tactic.Linter.DirectoryDependency (752ms)
✔ [6/43] Built Batteries.Lean.Position (439ms)
✔ [7/43] Built Batteries.Tactic.Unreachable (508ms)
✔ [8/43] Built Batteries.Lean.Meta.Inaccessible (487ms)
✔ [21/107] Built Batteries.Tactic.Lint.Basic (802ms)
✔ [22/107] Built Batteries.Lean.Syntax (458ms)
✔ [23/107] Built Batteries.Lean.NameMapAttribute (581ms)
✔ [24/107] Built Batteries.Control.Lemmas (523ms)
✔ [25/107] Built Mathlib.Tactic.Linter.Header (789ms)
✔ [26/107] Built Batteries.Util.LibraryNote (671ms)
✔ [27/107] Built Batteries.Util.ExtendedBinder (782ms)
✔ [28/107] Built Batteries.Tactic.OpenPrivate (963ms)
✔ [29/107] Built Batteries.Tactic.Lint.TypeClass (492ms)
✔ [30/107] Built Batteries.CodeAction.Deprecated (1.0s)
✔ [31/107] Built Batteries.Control.LawfulMonadState (802ms)
✔ [32/107] Built Mathlib.Util.CodeActions.BinderPlicity (566ms)
✔ [33/107] Built Batteries.Tactic.Lint.Misc (725ms)
✔ [34/107] Built Mathlib.Tactic.TypeStar (493ms)
✔ [35/107] Built Mathlib.Tactic.DeclarationNames (465ms)
✔ [36/107] Built Mathlib.Tactic.MinImports (872ms)
✔ [37/107] Built Mathlib.Util.ParseCommand (558ms)
✔ [38/107] Built Mathlib.Tactic.Linter.UnusedTacticExtension (567ms)
✔ [39/107] Built Batteries.Tactic.Trans (1.6s)
✔ [40/107] Built Mathlib.Tactic.Linter.TacticDocumentation (510ms)
✔ [41/107] Built Mathlib.Lean.Environment (480ms)
✔ [42/107] Built Mathlib.Tactic.Linter.PrivateModule (566ms)
✔ [43/107] Built Batteries.Tactic.Lint.Frontend (1.3s)
✔ [44/107] Built Mathlib.Tactic.Linter.Whitespace (909ms)
✔ [45/107] Built Mathlib.Tactic.Linter.OldObtain (558ms)
✔ [46/107] Built Mathlib.Lean.Elab.Tactic.Meta (685ms)
✔ [47/107] Built Mathlib.Tactic.Linter.Multigoal (728ms)
✔ [48/107] Built Mathlib.Tactic.Linter.GlobalAttributeIn (664ms)
✔ [49/107] Built Mathlib.Tactic.Linter.HaveILetI (731ms)
✔ [50/107] Built Mathlib.Lean.Expr.Basic (892ms)
✔ [51/109] Built Mathlib.Tactic.Linter.EmptyLine (681ms)
✔ [52/109] Built Mathlib.Tactic.Linter.HashCommandLinter (777ms)
✔ [53/109] Built Mathlib.Tactic.Lemma (487ms)
✔ [54/109] Built Mathlib.Tactic.Linter.DocString (936ms)
✔ [55/109] Built Mathlib.Lean.Linter (485ms)
✔ [56/109] Built Mathlib.Tactic.Linter.AuxLemma (561ms)
✔ [57/109] Built Mathlib.Tactic.Linter.DeprecatedSyntaxLinter (805ms)
✔ [58/109] Built Mathlib.Tactic.Linter.DocPrime (998ms)
✔ [59/109] Built Mathlib.Tactic.Linter.FlexibleLinter (1.4s)
✔ [60/109] Built Mathlib.Tactic.AdaptationNote (731ms)
✔ [61/109] Built Batteries.Control.OptionT (432ms)
✔ [62/111] Built Batteries.Tactic.Lint.Simp (905ms)
✔ [63/111] Built Mathlib.Util.CodeActions (527ms)
✔ [64/122] Built Mathlib.Lean.Elab.InfoTree (625ms)
✔ [65/122] Built Mathlib.Tactic.Linter.UnusedTactic (685ms)
✔ [66/122] Built Mathlib.Tactic.ExtractGoal (753ms)
✔ [67/122] Built Batteries.Tactic.HelpCmd (1.3s)
✔ [68/122] Built Mathlib.Lean.ContextInfo (587ms)
✔ [69/122] Built Batteries.Tactic.Lint (469ms)
✔ [70/122] Built Batteries.Tactic.Alias (1.3s)
✔ [71/122] Built Batteries.Control.AlternativeMonad (693ms)
✔ [72/123] Built Mathlib.Tactic.Linter.Style (1.4s)
✔ [75/151] Built Mathlib.Tactic.Linter.Lint (588ms)
✔ [76/151] Built Batteries.Tactic.Init (785ms)
✔ [86/177] Built Mathlib.Tactic.Linter.UnusedInstancesInType (818ms)
✔ [87/177] Built Batteries.Logic (460ms)
✔ [93/181] Built Mathlib.Tactic.TacticAnalysis (904ms)
✔ [94/181] Built Batteries.Lean.MonadBacktrack (319ms)
✔ [96/183] Built Batteries.Lean.Meta.Basic (442ms)
✔ [99/183] Built Batteries.Lean.TagAttribute (398ms)
✔ [101/193] Built Batteries.Tactic.PermuteGoals (624ms)
✔ [106/205] Built Batteries.Lean.Meta.SavedState (355ms)
✔ [107/205] Built Batteries.Tactic.SeqFocus (600ms)
✔ [110/208] Built Batteries.Data.Array.Merge (846ms)
✔ [112/208] Built Batteries.Linter.UnreachableTactic (810ms)
✔ [113/220] Built Batteries.Util.ProofWanted (2.5s)
✔ [131/220] Built Batteries.Lean.AttributeExtra (416ms)
✔ [142/252] Built Batteries.Lean.Meta.UnusedNames (401ms)
✔ [143/252] Built Batteries.Lean.Meta.Expr (322ms)
✔ [144/252] Built Batteries.Lean.PersistentHashMap (312ms)
✔ [152/281] Built Batteries.Lean.Meta.InstantiateMVars (361ms)
✔ [153/281] Built Batteries.Lean.PersistentHashSet (311ms)
✔ [158/297] Built Batteries.Lean.HashSet (312ms)
✔ [175/319] Built Batteries.Lean.Meta.DiscrTree (321ms)
✔ [177/319] Built Batteries.Control.ForInStep.Basic (303ms)
✔ [193/348] Built Mathlib.Tactic.Linter.OverlappingInstances (1.2s)
✔ [194/348] Built Batteries.Lean.Expr (440ms)
✔ [207/428] Built Batteries.Linter.UnnecessarySeqFocus (801ms)
✔ [220/435] Built Batteries.Data.List.Basic (2.5s)
✔ [221/435] Built Batteries.CodeAction.Attr (683ms)
✔ [222/435] Built Batteries.Lean.Except (430ms)
✔ [223/456] Built Mathlib.Tactic.TacticAnalysis.Declarations (1.9s)
✔ [224/456] Built Batteries.Linter (506ms)
✔ [225/456] Built Batteries.Tactic.Exact (554ms)
✔ [226/456] Built Batteries.Util.Cache (481ms)
✔ [227/482] Built Batteries.Data.MLList.Basic (815ms)
✔ [228/486] Built Batteries.Tactic.Case (1.2s)
✔ [229/489] Built Batteries.Tactic.Basic (583ms)
✔ [230/500] Built Mathlib.Init (762ms)
✔ [231/500] Built Batteries.CodeAction.Basic (803ms)
✔ [232/500] Built Batteries.Control.Nondet.Basic (400ms)
✔ [233/500] Built Batteries.Control.ForInStep.Lemmas (245ms)
✔ [234/501] Built Mathlib.Tactic.Lift (978ms)
✔ [235/501] Built Mathlib.Tactic.Linter.MinImports (903ms)
✔ [236/501] Built Mathlib.Util.PrintSorries (765ms)
✔ [237/501] Built Batteries.Data.Nat.Basic (439ms)
✔ [238/501] Built Batteries.Classes.Order (680ms)
✔ [239/501] Built Batteries.Tactic.GeneralizeProofs (2.1s)
✔ [240/501] Built Mathlib.Data.Int.Notation (680ms)
✔ [241/501] Built Batteries.CodeAction.Misc (1.6s)
✔ [242/501] Built Mathlib.Util.TransImports (807ms)
✔ [243/501] Built Mathlib.Util.WhatsNew (899ms)
✔ [244/501] Built Mathlib.Tactic.UnsetOption (776ms)
✔ [245/501] Built Mathlib.Tactic.Trace (748ms)
✔ [246/501] Built Mathlib.Util.CountHeartbeats (1.3s)
✔ [247/501] Built Mathlib.Tactic.SwapVar (857ms)
✔ [248/501] Built Mathlib.Tactic.Use (1.1s)
✔ [249/501] Built Mathlib.Tactic.SudoSetOption (891ms)
✔ [250/501] Built Mathlib.Tactic.Substs (855ms)
✔ [251/501] Built Mathlib.Tactic.SuccessIfFailWithMsg (917ms)
✔ [252/501] Built Mathlib.Tactic.Variable (1.0s)
✔ [253/501] Built Mathlib.Tactic.Spread (996ms)
✔ [254/501] Built Mathlib.Util.WithWeakNamespace (676ms)
✔ [255/501] Built Mathlib.Tactic.Simps.NotationClass (950ms)
✔ [256/501] Built Mathlib.Util.Tactic (690ms)
✔ [257/501] Built Mathlib.Tactic.SimpIntro (949ms)
✔ [258/501] Built Mathlib.Tactic.Rename (776ms)
✔ [259/501] Built Mathlib.Tactic.Set (1.0s)
✔ [260/501] Built Mathlib.Tactic.Relation.Rfl (654ms)
✔ [261/501] Built Mathlib.Tactic.OfNat (761ms)
✔ [262/501] Built Mathlib.Tactic.Recover (857ms)
✔ [263/501] Built Mathlib.Tactic.Simproc.ExistsAndEq (1.7s)
✔ [264/501] Built Mathlib.Tactic.RSuffices (867ms)
✔ [265/501] Built Mathlib.Lean.Meta (1.1s)
✔ [266/501] Built Mathlib.Tactic.Linter.PPRoundtrip (1.1s)
✔ [267/501] Built Mathlib.Tactic.Linter.UpstreamableDecl (1.1s)
✔ [268/501] Built Mathlib.Tactic.Linter.HaveLetLinter (1.0s)
✔ [269/501] Built Mathlib.Tactic.Observe (1.2s)
✔ [270/501] Built Mathlib.Tactic.InferParam (755ms)
✔ [271/501] Built Mathlib.Tactic.GuardHypNums (709ms)
✔ [272/501] Built Mathlib.Util.TermReduce (888ms)
✔ [273/501] Built Mathlib.Tactic.GuardGoalNums (589ms)
✔ [274/501] Built Mathlib.Tactic.HigherOrder (1.1s)
✔ [275/501] Built Mathlib.Tactic.FunProp.Mor (853ms)
✔ [276/501] Built Mathlib.Tactic.GrindAttrs (884ms)
✔ [277/501] Built Mathlib.Tactic.ExistsI (733ms)
✔ [278/501] Built Mathlib.Tactic.Find (839ms)
✔ [279/501] Built Mathlib.Tactic.FailIfNoProgress (929ms)
✔ [280/501] Built Mathlib.Tactic.FunProp.Decl (1.1s)
✔ [281/501] Built Batteries.Data.List.Lemmas (4.9s)
✔ [282/501] Built Mathlib.Tactic.DSimpPercent (748ms)
✔ [283/501] Built Mathlib.Tactic.FunProp.ToBatteries (1.4s)
✔ [284/501] Built Mathlib.Tactic.ErwQuestion (1.1s)
✔ [285/501] Built Mathlib.Tactic.Constructor (698ms)
✔ [286/501] Built Mathlib.Lean.MessageData.Trace (733ms)
✔ [287/501] Built Mathlib.Tactic.DeprecateTo (1.0s)
✔ [288/501] Built Mathlib.Lean.Meta.KAbstractPositions (745ms)
✔ [289/501] Built Mathlib.Lean.Name (830ms)
✔ [290/501] Built Mathlib.Tactic.Coe (769ms)
✔ [291/501] Built Mathlib.Lean.GoalsLocation (741ms)
✔ [292/501] Built Mathlib.Tactic.Widget.SelectInsertParamsClass (773ms)
✔ [293/501] Built Mathlib.Tactic.DefEqTransformations (1.3s)
✔ [294/501] Built Mathlib.Lean.FoldEnvironment (678ms)
✔ [295/501] Built Mathlib.Control.Combinators (662ms)
✔ [296/501] Built Mathlib.Lean.Meta.RefinedDiscrTree.Basic (1.0s)
✔ [297/501] Built Mathlib.Tactic.NthRewrite (827ms)
✔ [298/501] Built Mathlib.Tactic.GCongr.ForwardAttr (754ms)
✔ [299/501] Built Mathlib.Tactic.SimpRw (907ms)
✔ [300/501] Built Mathlib.Tactic.ClearExcept (757ms)
✔ [301/501] Built Mathlib.Tactic.Clear_ (849ms)
✔ [302/501] Built Mathlib.Tactic.ClearExclamation (654ms)
✔ [303/501] Built Mathlib.Tactic.Check (936ms)
✔ [304/501] Built Mathlib.Tactic.Core (1.4s)
✔ [305/501] Built Mathlib.Tactic.PPWithUniv (876ms)
✔ [306/501] Built Mathlib.Tactic.CasesM (1.1s)
✔ [307/501] Built Mathlib.Lean.Meta.Basic (782ms)
✔ [308/501] Built Mathlib.Tactic.ApplyWith (833ms)
✔ [309/501] Built Mathlib.Util.AtLocation (991ms)
✔ [310/501] Built Mathlib.Tactic.ApplyCongr (755ms)
✔ [311/501] Built Mathlib.Tactic.Inhabit (715ms)
✔ [312/501] Built Mathlib.Logic.IsEmpty.Defs (740ms)
✔ [313/501] Built Mathlib.Tactic.Conv (1.4s)
✔ [314/501] Built Mathlib.Tactic.ExtendDoc (747ms)
✔ [315/501] Built Mathlib.Data.List.Monad (675ms)
✔ [316/501] Built Mathlib.Logic.OpClass (748ms)
✔ [317/501] Built Mathlib.Logic.Nonempty (838ms)
✔ [318/501] Built Mathlib.Tactic.Push.Attr (956ms)
✔ [319/501] Built Mathlib.Tactic.DepRewrite (2.8s)
✔ [320/501] Built Mathlib.Logic.ExistsUnique (1.0s)
✔ [321/501] Built Mathlib.Tactic.ToExpr (760ms)
✔ [322/501] Built Mathlib.Tactic.Attr.Register (1.1s)
✔ [323/504] Built Mathlib.Tactic.Eqns (756ms)
✔ [324/504] Built Mathlib.Tactic.Translate.Attributes (807ms)
✔ [325/504] Built Mathlib.Util.CompileInductive (1.3s)
✔ [326/504] Built Mathlib.Tactic.Translate.UnfoldBoundary (1.2s)
✔ [327/504] Built Mathlib.Data.String.Defs (873ms)
✔ [328/504] Built Mathlib.Lean.Meta.Simp (995ms)
✔ [329/504] Built Mathlib.Lean.PrettyPrinter.Delaborator (851ms)
✔ [330/504] Built Mathlib.Data.Nat.Notation (640ms)
✔ [331/504] Built Mathlib.Util.AddRelatedDecl (1.3s)
✔ [332/504] Built Mathlib.Data.Ordering.Basic (663ms)
✔ [333/504] Built Batteries.Data.Nat.Lemmas (734ms)
✔ [334/504] Built Batteries.Data.UInt (740ms)
✔ [335/504] Built Mathlib.Tactic.Linter (608ms)
✔ [336/504] Built Mathlib.Tactic.RenameBVar (722ms)
✔ [337/504] Built Mathlib.Tactic.Translate.Reorder (2.1s)
✔ [338/504] Built Batteries.CodeAction.Match (917ms)
✔ [339/504] Built Mathlib.Tactic.FunProp.FunctionData (1.0s)
✔ [340/504] Built Batteries.Data.List.Count (1.1s)
✔ [341/504] Built Mathlib.Tactic.Widget.SelectPanelUtils (877ms)
✔ [342/504] Built Mathlib.Tactic.DefEqAbuse (1.4s)
✔ [343/504] Built Mathlib.Lean.Meta.RefinedDiscrTree.Encode (1.1s)
✔ [344/504] Built Mathlib.Tactic.SplitIfs (1.0s)
✔ [345/504] Built Mathlib.Tactic.MkIffOfInductiveProp (1.4s)
✔ [346/504] Built Mathlib.Tactic.ScopedNS (2.0s)
✔ [347/504] Built Mathlib.Tactic.ToLevel (817ms)
✔ [348/507] Built Mathlib.Tactic.ApplyAt (851ms)
✔ [349/507] Built Mathlib.Lean.Meta.RefinedDiscrTree.Initialize (1.6s)
✔ [350/507] Built Mathlib.Tactic.Basic (880ms)
✔ [351/507] Built Mathlib.Logic.Nontrivial.Defs (768ms)
✔ [352/507] Built Mathlib.Tactic.Attr.Core (684ms)
✔ [353/507] Built Mathlib.Lean.Meta.CongrTheorems (1.2s)
✔ [354/507] Built Mathlib.Logic.Function.Defs (953ms)
✔ [355/507] Built Mathlib.Tactic.Translate.GuessName (1.0s)
✔ [356/507] Built Mathlib.Tactic.FBinop (1.3s)
✔ [357/507] Built Mathlib.Tactic.IrreducibleDef (1.2s)
✔ [358/507] Built Batteries.Data.BinomialHeap.Basic (3.9s)
✔ [359/507] Built Batteries.CodeAction (652ms)
✔ [360/507] Built Mathlib.Tactic.FunProp.Types (980ms)
✔ [361/507] Built Mathlib.Logic.Basic (1.7s)
✔ [362/507] Built Mathlib.Tactic.Widget.CongrM (914ms)
✔ [363/507] Built Mathlib.Data.Nat.Init (1.7s)
✔ [364/507] Built Mathlib.Lean.Elab.Term (771ms)
✔ [365/507] Built Mathlib.Lean.Meta.RefinedDiscrTree.Lookup (1.3s)
✔ [366/507] Built Batteries.Data.List.Perm (1.5s)
✔ [367/507] Built Mathlib.Tactic.Hint (964ms)
✔ [368/507] Built Mathlib.Tactic.Widget.Calc (1.9s)
✔ [369/508] Built Mathlib.Control.Basic (771ms)
✔ [370/508] Built Mathlib.Tactic.Says (814ms)
✔ [371/508] Built Mathlib.Data.SProd (742ms)
✔ [372/508] Built Mathlib.Tactic.Widget.Conv (2.3s)
✔ [373/508] Built Mathlib.Logic.Relator (866ms)
✔ [374/509] Built Batteries.Data.Array.Basic (3.0s)
✔ [375/511] Built Mathlib.Tactic.SetNotationForOrder (1.4s)
✔ [377/511] Built Mathlib.Tactic.Simps.Basic (3.7s)
✔ [382/516] Built Mathlib.Tactic.Subsingleton (1.2s)
✔ [383/516] Built Mathlib.Tactic.Tauto (1.6s)
✔ [390/523] Built Mathlib.Lean.Meta.RefinedDiscrTree (815ms)
✔ [391/523] Built Mathlib.Tactic.TermCongr (2.5s)
✔ [392/523] Built Mathlib.Tactic.FunProp.Theorems (1.5s)
✔ [393/525] Built Mathlib.Tactic.Simps (858ms)
✔ [398/525] Built Mathlib.Tactic.CongrExclamation (2.2s)
✔ [399/525] Built Mathlib.Tactic.Push (1.9s)
✔ [410/526] Built Mathlib.Tactic.CrossRefAttribute (1.1s)
✔ [411/526] Built Mathlib.Tactic.CongrM (797ms)
✔ [412/526] Built Mathlib.Tactic.FunProp.Attr (827ms)
✔ [413/526] Built Mathlib.Tactic.FastInstance (1.4s)
✔ [414/526] Built Mathlib.Tactic.Monotonicity.Attr (820ms)
✔ [429/532] Built Mathlib.Tactic.ToFun (779ms)
✔ [452/532] Built Mathlib.Tactic.ByCases (828ms)
✔ [453/532] Built Mathlib.Tactic.Contrapose (992ms)
✔ [454/532] Built Mathlib.Tactic.WLOG (1.0s)
✔ [462/556] Built Mathlib.Tactic.ByContra (1.0s)
✔ [463/584] Built Mathlib.Tactic.Convert (1.7s)
✔ [464/584] Built Mathlib.Logic.Function.ULift (720ms)
✔ [465/614] Built Mathlib.Tactic.Widget.LibraryRewrite (2.3s)
✔ [466/615] Built Mathlib.Tactic.Finiteness.Attr (749ms)
✔ [467/615] Built Mathlib.Data.Option.Defs (618ms)
✔ [468/646] Built Mathlib.Data.Nat.BinaryRec (856ms)
✔ [469/648] Built Mathlib.Util.AtomM (750ms)
✔ [470/648] Built Mathlib.Data.List.TFAE (683ms)
✔ [471/689] Built Mathlib.Data.Int.DivMod (710ms)
✔ [472/696] Built Mathlib.Tactic.FunProp.Core (3.2s)
✔ [473/696] Built Mathlib.Data.Int.Init (1.4s)
✔ [474/696] Built Mathlib.Util.PPOptions (636ms)
✔ [475/709] Built Batteries.Data.Fin.Basic (862ms)
✔ [476/709] Built Batteries.Tactic.Congr (808ms)
✔ [477/743] Built Mathlib.Data.Prod.PProd (620ms)
✔ [478/743] Built Mathlib.Data.Bracket (572ms)
✔ [479/776] Built Mathlib.Util.Notation3 (5.3s)
✔ [480/800] Built Mathlib.Tactic.Translate.Core (6.1s)
✔ [481/813] Built Mathlib.Control.ULift (840ms)
✔ [482/813] Built Batteries.Data.List.Pairwise (648ms)
✔ [483/991] Built Mathlib.Tactic.SetLike (850ms)
✔ [484/991] Built Mathlib.Data.Finset.Attr (796ms)
✔ [485/1006] Built Mathlib.Tactic.FunProp.Elab (1.1s)
✔ [486/1139] Built Mathlib.Data.Option.NAry (878ms)
✔ [487/1141] Built Mathlib.Tactic.TFAE (1.0s)
✔ [488/1141] Built Batteries.Data.Fin.Lemmas (1.2s)
✔ [489/1146] Built Mathlib.Tactic.FunProp (685ms)
✔ [490/1146] Built Mathlib.Tactic.Translate.ToAdditive (969ms)
✔ [491/1151] Built Mathlib.Tactic.Bound.Init (863ms)
✔ [492/1151] Built Mathlib.Data.PNat.Notation (825ms)
✔ [493/1151] Built Mathlib.Tactic.Translate.TagUnfoldBoundary (1.1s)
✔ [494/1151] Built Mathlib.Logic.Function.CompTypeclasses (838ms)
✔ [495/1230] Built Mathlib.Lean.Expr.Rat (612ms)
✔ [496/1230] Built Batteries.Classes.RatCast (340ms)
✔ [497/1261] Built Mathlib.Util.AtomM.Recurse (779ms)
✔ [498/1261] Built Mathlib.Tactic.HaveI (747ms)
✔ [499/1261] Built Mathlib.Tactic.ToAdditive (783ms)
✔ [500/1261] Built Mathlib.Tactic.TryThis (714ms)
✔ [501/1265] Built Mathlib.Util.Delaborators (2.6s)
✔ [502/1265] Built Mathlib.Util.Qq (789ms)
✔ [503/1270] Built Mathlib.Data.Int.Cast.Pi (725ms)
✔ [504/1275] Built Mathlib.Tactic.Bound.Attribute (1.2s)
✔ [505/1275] Built Mathlib.Data.Rat.Init (834ms)
✔ [506/1280] Built Mathlib.Tactic.ArithMult.Init (834ms)
✔ [507/1280] Built Mathlib.Data.Ineq (470ms)
✔ [508/1286] Built Mathlib.Tactic.Translate.ToDual (1.2s)
✔ [509/1286] Built Mathlib.Tactic.Assume (889ms)
✔ [510/1287] Built Mathlib.Tactic.BDSimp (761ms)
✔ [511/1300] Built Mathlib.Util.SynthesizeUsing (667ms)
✔ [512/1304] Built Mathlib.Lean.Meta.Tactic.Rewrite (705ms)
✔ [513/1308] Built Mathlib.Algebra.Notation.Defs (1.2s)
✔ [514/1308] Built Mathlib.Tactic.Linarith.Oracle.SimplexAlgorithm.Datatypes (878ms)
✔ [515/1308] Built Mathlib.Util.ElabWithoutMVars (775ms)
✔ [516/1323] Built Mathlib.Tactic.ToDual (897ms)
✔ [517/1323] Built Mathlib.Tactic.ArithMult (880ms)
✔ [518/1323] Built Mathlib.Data.Tree.Basic (990ms)
✔ [519/1323] Built Mathlib.CategoryTheory.Category.Init (797ms)
✔ [520/1323] Built Mathlib.Tactic.CategoryTheory.CategoryStar (689ms)
✔ [521/1323] Built Mathlib.Tactic.Cases (1.3s)
✔ [522/1323] Built Mathlib.Algebra.Regular.Defs (734ms)
✔ [523/1330] Built Mathlib.Algebra.Notation.Pi.Defs (1.0s)
✔ [524/1330] Built Mathlib.Tactic.CategoryTheory.Coherence.Datatypes (1.1s)
✔ [525/1330] Built Mathlib.CategoryTheory.ConcreteCategory.Bundled (779ms)
✔ [526/1368] Built Mathlib.Tactic.Linarith.Oracle.SimplexAlgorithm.Gauss (897ms)
✔ [527/1368] Built Mathlib.Tactic.Linarith.Oracle.SimplexAlgorithm.SimplexAlgorithm (967ms)
✔ [528/1368] Built Mathlib.Order.Defs.Prop (644ms)
✔ [529/1368] Built Mathlib.Order.Defs.PartialOrder (1.3s)
✔ [530/1368] Built Mathlib.Order.Notation (1.4s)
✔ [531/1368] Built Mathlib.Data.Set.Defs (1.4s)
✔ [532/1368] Built Mathlib.Tactic.Linarith.Oracle.SimplexAlgorithm.PositiveVector (745ms)
✔ [533/1368] Built Mathlib.Logic.Lemmas (939ms)
✔ [534/1368] Built Mathlib.Tactic.Change (887ms)
✔ [535/1368] Built Mathlib.Tactic.Clean (780ms)
✔ [536/1368] Built Mathlib.Algebra.NeZero (829ms)
✔ [537/1369] Built Mathlib.Order.TypeTags (813ms)
✔ [538/1372] Built Mathlib.Data.Set.CoeSort (664ms)
✔ [539/1435] Built Mathlib.Order.Bounds.Defs (816ms)
✔ [540/1440] Built Mathlib.Order.Defs.LinearOrder (1.3s)
✔ [541/1440] Built Mathlib.Order.Interval.Set.Defs (1.1s)
✔ [542/1440] Built Mathlib.Data.ENat.Defs (783ms)
✔ [543/1520] Built Mathlib.Lean.Expr.ExtraRecognizers (642ms)
✔ [544/1525] Built Mathlib.Control.Functor (1.1s)
✔ [545/1525] Built Mathlib.Order.Defs.Unbundled (1.3s)
✔ [546/1525] Built Mathlib.Tactic.Continuity.Init (770ms)
✔ [547/1525] Built Mathlib.Util.DelabNonCanonical (769ms)
✔ [548/1525] Built Mathlib.Data.Int.Order.Basic (947ms)
✔ [549/1525] Built Mathlib.Tactic.FieldSimp.Attr (617ms)
✔ [550/1525] Built Mathlib.Tactic.CategoryTheory.Coherence.PureCoherence (3.1s)
✔ [551/1525] Built Mathlib.Util.DischargerAsTactic (738ms)
✔ [552/1552] Built Mathlib.Data.Bool.Basic (960ms)
✔ [553/1806] Built Mathlib.Tactic.CategoryTheory.Coherence.Normalize (3.4s)
✔ [554/1834] Built Mathlib.Data.Sigma.Lex (895ms)
✔ [555/2089] Built Mathlib.Control.Traversable.Basic (1.1s)
✔ [556/2090] Built Mathlib.Algebra.Group.Defs (4.5s)
✔ [557/2090] Built Mathlib.Tactic.Continuity (1.2s)
✔ [558/2094] Built Mathlib.Logic.Relation (1.9s)
✔ [559/2094] Built Mathlib.Logic.Function.Basic (2.0s)
✔ [560/2094] Built Mathlib.Algebra.Notation (1.3s)
✔ [561/2094] Built Mathlib.Data.Stream.Defs (1.3s)
✔ [562/2094] Built Mathlib.Tactic.ContinuousFunctionalCalculus (1.1s)
✔ [563/2094] Built Mathlib.Data.List.Defs (1.8s)
✔ [564/2094] Built Mathlib.Algebra.Notation.Lemmas (741ms)
✔ [565/2094] Built Mathlib.Algebra.Group.PUnit (832ms)
✔ [566/2094] Built Mathlib.Algebra.Group.Commutator (761ms)
✔ [567/2095] Built Mathlib.Algebra.BigOperators.Group.List.Defs (832ms)
✔ [568/2095] Built Mathlib.Control.Applicative (973ms)
✔ [569/2095] Built Mathlib.Algebra.Group.Int.Defs (840ms)
✔ [570/2095] Built Mathlib.Algebra.Group.Invertible.Defs (1.1s)
✔ [571/2095] Built Mathlib.Algebra.Group.Nat.Defs (993ms)
✔ [572/2095] Built Mathlib.Data.Nat.Cast.Defs (1.2s)
✔ [573/2095] Built Mathlib.Algebra.Group.Semiconj.Defs (1.1s)
✔ [574/2095] Built Mathlib.Data.Nat.MaxPowDiv (1.1s)
✔ [575/2095] Built Mathlib.Algebra.GroupWithZero.Defs (1.5s)
✔ [576/2095] Built Mathlib.Logic.Pairwise (843ms)
✔ [577/2095] Built Mathlib.Tactic.GCongr.Core (3.7s)
✔ [578/2099] Built Mathlib.Algebra.Notation.Pi.Basic (1.2s)
✔ [579/2099] Built Mathlib.Logic.IsEmpty.Basic (964ms)
✔ [580/2099] Built Mathlib.Data.Sum.Basic (1.3s)
✔ [581/2099] Built Mathlib.Logic.Function.Conjugate (980ms)
✔ [582/2099] Built Mathlib.Data.Sigma.Basic (1.3s)
✔ [583/2099] Built Mathlib.Logic.Unique (960ms)
✔ [584/2099] Built Mathlib.Data.Subtype (1.2s)
✔ [585/2099] Built Mathlib.Data.Nat.Cast.NeZero (789ms)
✔ [586/2099] Built Mathlib.Data.Nat.Bits (1.0s)
✔ [587/2099] Built Mathlib.Data.Int.Cast.Defs (886ms)
✔ [588/2101] Built Mathlib.Tactic.Choose (1.5s)
✔ [589/2101] Built Mathlib.Algebra.Group.InjSurj (2.5s)
✔ [590/2101] Built Mathlib.Algebra.Group.Commute.Defs (1.1s)
✔ [591/2101] Built Mathlib.Algebra.GroupWithZero.Nat (887ms)
✔ [592/2101] Built Mathlib.Algebra.GroupWithZero.NeZero (896ms)
✔ [593/2101] Built Mathlib.Tactic.GCongr.CoreAttrs (762ms)
✔ [594/2101] Built Mathlib.Algebra.GroupWithZero.Regular (995ms)
✔ [595/2101] Built Mathlib.Data.Nat.Basic (1.1s)
✔ [596/2101] Built Mathlib.Data.List.Flatten (1.2s)
✔ [597/2106] Built Mathlib.Logic.Function.Iterate (1.1s)
✔ [598/2106] Built Mathlib.Data.Option.Basic (1.2s)
✔ [599/2106] Built Mathlib.Data.FunLike.Basic (975ms)
✔ [600/2106] Built Mathlib.Algebra.Group.Pi.Basic (1.7s)
✔ [601/2106] Built Mathlib.Data.Set.Operations (1.5s)
✔ [602/2106] Built Mathlib.Data.List.Pairwise (2.0s)
✔ [603/2106] Built Mathlib.Data.Quot (1.8s)
✔ [604/2106] Built Mathlib.Algebra.CharZero.Defs (1.1s)
✔ [605/2106] Built Mathlib.Tactic.GCongr (837ms)
✔ [606/2107] Built Mathlib.Algebra.GroupWithZero.InjSurj (1.3s)
✔ [607/2109] Built Mathlib.Algebra.Ring.Defs (2.1s)
✔ [608/2109] Built Mathlib.Data.Int.Basic (954ms)
✔ [609/2109] Built Mathlib.Data.Nat.Sqrt (910ms)
✔ [610/2109] Built Mathlib.Data.Nat.Find (1.1s)
✔ [611/2109] Built Mathlib.Tactic.GRewrite.Core (3.7s)
✔ [612/2111] Built Mathlib.Data.Prod.Basic (1.1s)
✔ [613/2111] Built Mathlib.Data.FunLike.Embedding (953ms)
✔ [614/2111] Built Mathlib.Order.Basic (3.4s)
✔ [615/2111] Built Mathlib.Dynamics.FixedPoints.Defs (867ms)
✔ [616/2114] Built Mathlib.Algebra.Group.Units.Defs (3.1s)
✔ [617/2114] Built Mathlib.Data.Set.Notation (1.2s)
✔ [618/2114] Built Mathlib.Data.FunLike.IsApply (1.4s)
✔ [619/2116] Built Mathlib.Algebra.Ring.Nat (904ms)
✔ [620/2116] Built Mathlib.Algebra.Ring.Semiconj (765ms)
✔ [621/2116] Built Mathlib.Algebra.Ring.PUnit (825ms)
✔ [622/2116] Built Mathlib.Logic.Nontrivial.Basic (949ms)
✔ [623/2116] Built Mathlib.Data.FunLike.Equiv (849ms)
✔ [624/2116] Built Mathlib.Algebra.Notation.Prod (1.3s)
✔ [625/2116] Built Mathlib.Algebra.Field.Defs (1.4s)
✔ [626/2116] Built Mathlib.Tactic.GRewrite.Elab (1.6s)
✔ [627/2116] Built Mathlib.Data.PNat.Defs (1.3s)
✔ [628/2116] Built Mathlib.Order.SetNotation (2.7s)
✔ [629/2121] Built Mathlib.Order.ULift (1.2s)
✔ [630/2121] Built Mathlib.Algebra.Group.Nat.Units (1.1s)
✔ [631/2196] Built Mathlib.Data.Nat.NthRoot.Defs (1.1s)
✔ [632/2217] Built Mathlib.Algebra.Group.Irreducible.Defs (1.3s)
✔ [633/2222] Built Mathlib.Order.Monotone.Defs (2.4s)
✔ [634/2222] Built Mathlib.Algebra.Group.Basic (5.3s)
✔ [635/2223] Built Mathlib.Tactic.GRewrite (1.1s)
✔ [636/2223] Built Mathlib.Tactic.Nontriviality.Core (1.7s)
✔ [637/2223] Built Mathlib.Algebra.Order.ZeroLEOne (1.3s)
✔ [638/2223] Built Mathlib.Topology.Defs.Basic (1.3s)
✔ [639/2223] Built Mathlib.Control.Traversable.Lemmas (1.1s)
✔ [640/2223] Built Mathlib.Algebra.Group.Hom.Defs (5.2s)
✔ [641/2223] Built Mathlib.Tactic.SuppressCompilation (1.6s)
✔ [642/2223] Built Mathlib.Tactic.Eval (815ms)
✔ [643/2223] Built Mathlib.Tactic.DuplicateDecls (1.5s)
✔ [644/2225] Built Mathlib.Data.Int.Cast.Basic (1.2s)
✔ [645/2225] Built Mathlib.Algebra.Group.Int.Units (1.1s)
✔ [646/2225] Built Mathlib.Algebra.Group.Semiconj.Basic (1.2s)
✔ [647/2225] Built Mathlib.Algebra.Ring.Regular (1.1s)
✔ [648/2225] Built Mathlib.Logic.Equiv.Defs (3.3s)
✔ [649/2225] Built Mathlib.Algebra.Regular.Basic (1.5s)
✔ [650/2225] Built Mathlib.Algebra.Order.Monoid.Unbundled.Defs (1.7s)
✔ [651/2225] Built Mathlib.Tactic.Explode.Datatypes (878ms)
✔ [652/2225] Built Mathlib.Algebra.Group.Torsion (1.3s)
✔ [653/2225] Built Mathlib.Tactic.Nontriviality (1.1s)
✔ [654/2225] Built Mathlib.Algebra.GroupWithZero.Basic (1.8s)
✔ [655/2227] Built Mathlib.Topology.ContinuousMap.Defs (1.3s)
✔ [656/2227] Built Mathlib.Algebra.Group.Units.Basic (2.4s)
✔ [657/2227] Built Mathlib.Algebra.Group.Idempotent (1.2s)
✔ [658/2227] Built Mathlib.Algebra.Group.Commute.Hom (1.0s)
✔ [659/2227] Built Mathlib.Algebra.GroupWithZero.Pi (1.1s)
✔ [660/2227] Built Mathlib.Tactic.ClickSuggestions.Util (2.3s)
✔ [661/2227] Built Mathlib.Algebra.Group.Hom.CompTypeclasses (1.1s)
✔ [662/2227] Built Mathlib.Algebra.Ring.Int.Defs (1.2s)
✔ [663/2227] Built Mathlib.Algebra.Group.Hom.Basic (2.2s)
✔ [664/2227] Built Mathlib.Data.FunLike.Group (1.0s)
✔ [665/2227] Built Mathlib.Tactic.DeriveTraversable (2.4s)
✔ [666/2227] Built Mathlib.Tactic.Zify (1.1s)
✔ [667/2227] Built Mathlib.Algebra.Ring.GrindInstances (1.2s)
✔ [668/2227] Built Mathlib.Data.PNat.Equiv (886ms)
✔ [669/2227] Built Mathlib.Algebra.Group.Commute.Basic (1.2s)
✔ [670/2227] Built Mathlib.Algebra.Opposites (1.3s)
✔ [671/2227] Built Mathlib.Data.Finite.Defs (1.1s)
✔ [672/2227] Built Mathlib.Control.Monad.Basic (1.0s)
✔ [673/2227] Built Mathlib.Logic.Small.Defs (961ms)
✔ [674/2228] Built Mathlib.Control.EquivFunctor (1.1s)
✔ [675/2228] Built Mathlib.Order.Lex (1.2s)
✔ [676/2229] Built Mathlib.Order.OrderDual (1.4s)
✔ [677/2229] Built Mathlib.Tactic.Explode.Pretty (867ms)
✔ [678/2229] Built Mathlib.Tactic.ProxyType (2.1s)
✔ [679/2229] Built Mathlib.Tactic.Ext (658ms)
✔ [680/2229] Built Mathlib.Algebra.Group.Equiv.Defs (2.0s)
✔ [681/2229] Built Mathlib.Tactic.FindSyntax (939ms)
✔ [682/2229] Built Mathlib.Algebra.Group.ModEq (1.6s)
✔ [683/2229] Built Mathlib.Algebra.Order.GroupWithZero.Defs (1.0s)
✔ [684/2229] Built Mathlib.Algebra.Group.Semiconj.Units (1.3s)
✔ [685/2229] Built Mathlib.Algebra.GroupWithZero.Idempotent (1.2s)
✔ [686/2229] Built Mathlib.Tactic.ClickSuggestions.SectionState (1.0s)
✔ [687/2229] Built Mathlib.Tactic.ClickSuggestions.Unfold (1.2s)
✔ [688/2229] Built Mathlib.Algebra.Group.TypeTags.Basic (2.4s)
✔ [689/2229] Built Mathlib.Data.Int.Cast.Field (1.1s)
✔ [690/2229] Built Mathlib.Algebra.GroupWithZero.Units.Basic (2.0s)
✔ [691/2229] Built Mathlib.Algebra.Regular.Opposite (942ms)
✔ [692/2229] Built Mathlib.Data.Opposite (788ms)
✔ [693/2230] Built Mathlib.Data.Countable.Defs (916ms)
✔ [694/2230] Built Mathlib.Algebra.GroupWithZero.Hom (1.8s)
✔ [695/2230] Built Mathlib.Logic.UnivLE (868ms)
✔ [696/2230] Built Mathlib.Tactic.Generalize (685ms)
✔ [697/2230] Built Mathlib.Algebra.Group.Opposite (1.9s)
✔ [698/2230] Built Mathlib.Algebra.Group.Hom.Instances (2.8s)
✔ [699/2231] Built Mathlib.Logic.Equiv.Option (1.2s)
✔ [700/2231] Built Mathlib.Order.Compare (1.1s)
✔ [701/2231] Built Mathlib.Algebra.Group.Action.Defs (2.5s)
✔ [702/2231] Built Mathlib.Order.RelClasses (1.7s)
✔ [703/2231] Built Mathlib.Tactic.Have (1.0s)
✔ [704/2231] Built Mathlib.Order.Max (1.5s)
✔ [705/2231] Built Mathlib.Tactic.Explode (1.0s)
✔ [706/2231] Built Mathlib.Tactic.ClickSuggestions.ApplyAt (765ms)
✔ [707/2231] Built Mathlib.Algebra.Group.Commute.Units (1.1s)
✔ [708/2231] Built Mathlib.Algebra.Ring.InjSurj (3.8s)
✔ [709/2231] Built Mathlib.Algebra.Ring.Idempotent (1.1s)
✔ [710/2232] Built Mathlib.Tactic.ClickSuggestions.Apply (991ms)
✔ [711/2232] Built Mathlib.Algebra.Group.ULift (1.6s)
✔ [712/2232] Built Mathlib.Algebra.Group.Units.Hom (2.1s)
✔ [713/2232] Built Mathlib.Algebra.Order.Group.Synonym (2.0s)
✔ [714/2232] Built Mathlib.Algebra.GroupWithZero.Semiconj (1.0s)
✔ [715/2232] Built Mathlib.Tactic.ClickSuggestions.GRewrite (1.6s)
✔ [716/2232] Built Mathlib.Combinatorics.Quiver.Basic (939ms)
✔ [717/2232] Built Mathlib.Tactic.ClickSuggestions.Rewrite (1.4s)
✔ [718/2232] Built Mathlib.Algebra.Group.TypeTags.Hom (1.4s)
✔ [719/2232] Built Mathlib.Algebra.GroupWithZero.Equiv (1.0s)
✔ [720/2232] Built Mathlib.Algebra.Ring.Hom.InjSurj (1.1s)
✔ [721/2232] Built Mathlib.Algebra.Group.Units.Opposite (1.2s)
✔ [722/2232] Built Mathlib.Algebra.GroupWithZero.Opposite (1.2s)
✔ [723/2232] Built Mathlib.Algebra.Group.Hom.End (1.0s)
✔ [724/2232] Built Mathlib.Algebra.Group.Action.TypeTags (993ms)
✔ [725/2234] Built Mathlib.Algebra.Ring.Basic (1.5s)
✔ [726/2234] Built Mathlib.Algebra.Group.Action.Faithful (1.0s)
✔ [727/2234] Built Mathlib.Algebra.Torsor.Defs (1.4s)
✔ [728/2234] Built Mathlib.Tactic.ITauto (2.3s)
✔ [729/2234] Built Mathlib.Logic.Equiv.Prod (9.6s)
✔ [730/2234] Built Mathlib.Algebra.Group.Action.Opposite (1.5s)
✔ [731/2234] Built Mathlib.Algebra.GroupWithZero.ULift (954ms)
✔ [732/2234] Built Mathlib.Algebra.Group.Invertible.Basic (1.3s)
✔ [733/2234] Built Mathlib.Algebra.Order.Group.Action.Synonym (1.2s)
✔ [734/2234] Built Mathlib.Algebra.Order.GroupWithZero.Synonym (1.2s)
✔ [735/2235] Built Mathlib.Order.Monotone.Basic (2.1s)
✔ [736/2235] Built Mathlib.Algebra.Order.Monoid.Unbundled.OrderDual (1.3s)
✔ [737/2235] Built Mathlib.Algebra.Order.Ring.Synonym (1.4s)
✔ [738/2236] Built Mathlib.Algebra.GroupWithZero.Commute (1.3s)
✔ [739/2236] Built Mathlib.Combinatorics.Quiver.Prefunctor (1.1s)
✔ [740/2236] Built Mathlib.Order.BoundedOrder.Basic (2.3s)
✔ [741/2236] Built Batteries.Lean.HashMap (440ms)
✔ [742/2236] Built Mathlib.Algebra.Group.Nat.Hom (1.1s)
✔ [743/2236] Built Mathlib.Tactic.ClickSuggestions.FindPremises (1.4s)
✔ [744/2236] Built Mathlib.Algebra.Group.Action.Pretransitive (1.2s)
✔ [745/2236] Built Mathlib.LinearAlgebra.AffineSpace.Defs (774ms)
✔ [746/2237] Built Mathlib.Algebra.Group.Action.Units (1.4s)
✔ [747/2237] Built Mathlib.Algebra.Group.Equiv.TypeTags (1.9s)
✔ [748/2237] Built Mathlib.Algebra.GroupWithZero.Invertible (1.1s)
✔ [749/2237] Built Mathlib.Logic.Equiv.Sum (1.5s)
✔ [750/2237] Built Mathlib.Order.Iterate (1.2s)
✔ [751/2237] Built Mathlib.Tactic.Linter.CommandRanges (856ms)
✔ [752/2237] Built Mathlib.Algebra.GroupWithZero.Action.Defs (2.2s)
✔ [753/2237] Built Mathlib.Data.Nat.Log (1.5s)
✔ [754/2237] Built Mathlib.Algebra.Ring.Hom.Defs (2.6s)
✔ [755/2238] Built Mathlib.Algebra.GroupWithZero.Units.Lemmas (1.4s)
✔ [756/2238] Built Mathlib.Combinatorics.Quiver.Push (1.2s)
✔ [757/2239] Built Mathlib.Order.Nat (1.1s)
✔ [758/2239] Built Mathlib.Order.BoundedOrder.Monotone (1.1s)
✔ [759/2239] Built Mathlib.Tactic.Linter.CommandStart (515ms)
✔ [760/2239] Built Mathlib.Combinatorics.Quiver.Path (1.8s)
✔ [761/2239] Built Mathlib.Algebra.Group.Action.Hom (1.3s)
✔ [762/2239] Built Mathlib.Tactic.ClickSuggestions.TryPremises (1.8s)
✔ [763/2239] Built Mathlib.Algebra.Group.Prod (4.1s)
✔ [764/2239] Built Mathlib.Algebra.Ring.Invertible (1.4s)
✔ [765/2239] Built Mathlib.Order.GaloisConnection.Defs (1.0s)
✔ [766/2239] Built Mathlib.Algebra.GroupWithZero.Action.Units (1.4s)
✔ [767/2239] Built Mathlib.Algebra.GroupWithZero.Action.Opposite (1.2s)
✔ [768/2239] Built Mathlib.Algebra.Ring.Action.Rat (1.1s)
✔ [769/2239] Built Mathlib.Order.Lattice (4.4s)
✔ [770/2239] Built Mathlib.Tactic.NormNum.Result (2.4s)
✔ [771/2239] Built Mathlib.Algebra.Regular.SMul (1.3s)
✔ [772/2239] Built Mathlib.GroupTheory.GroupAction.Ring (1.2s)
✔ [773/2239] Built Mathlib.Tactic.Linter.DeprecatedModule (713ms)
✔ [774/2240] Built Mathlib.Algebra.GroupWithZero.Action.Hom (1.4s)
✔ [775/2240] Built Mathlib.Algebra.Module.Defs (1.5s)
✔ [776/2240] Built Mathlib.Algebra.Ring.Units (1.4s)
✔ [777/2240] Built Mathlib.Tactic.Linter.FindDeprecations (1.2s)
✔ [778/2242] Built Mathlib.Tactic.ClickSuggestions (1.4s)
✔ [779/2242] Built Mathlib.Logic.Equiv.Basic (3.4s)
✔ [780/2242] Built Mathlib.Combinatorics.Quiver.Symmetric (1.4s)
✔ [781/2244] Built Mathlib.Data.Nat.Cast.Prod (1.2s)
✔ [782/2244] Built Mathlib.Algebra.GroupWithZero.Action.End (1.3s)
✔ [783/2244] Built Mathlib.Order.BoundedOrder.Lattice (1.2s)
✔ [784/2244] Built Mathlib.Algebra.Group.Action.Prod (1.6s)
✔ [785/2244] Built Batteries.Data.Array.Match (810ms)
✔ [786/2244] Built Mathlib.Algebra.Module.MinimalAxioms (1.1s)
✔ [787/2244] Built Batteries.Data.String.Basic (313ms)
✔ [788/2245] Built Mathlib.Algebra.Ring.Int.Units (1.1s)
✔ [789/2245] Built Mathlib.Tactic.Order.CollectFacts (2.0s)
✔ [790/2245] Built Mathlib.Order.MinMax (1.6s)
✔ [791/2245] Built Mathlib.Tactic.Common (1.2s)
✔ [792/2245] Built Mathlib.Data.Prod.Lex (2.3s)
✔ [793/2245] Built Mathlib.Algebra.Ring.Commute (1.5s)
✔ [794/2245] Built Mathlib.Tactic.NormNum.Core (1.0s)
✔ [795/2245] Built Mathlib.Data.ULift (1.1s)
✔ [796/2245] Built Mathlib.Data.Int.Cast.Prod (1.0s)
✔ [797/2245] Built Batteries.Data.String.Matcher (317ms)
✔ [798/2245] Built Mathlib.Logic.Embedding.Basic (1.7s)
✔ [799/2247] Built Mathlib.Algebra.Module.RingHom (1.2s)
✔ [800/2247] Built Mathlib.Algebra.Order.IsBotOne (1.3s)
✔ [801/2247] Built Mathlib.Tactic.Linter.TextBased.UnicodeLinter (1.5s)
✔ [802/2247] Built Mathlib.Algebra.Group.Equiv.Basic (2.2s)
✔ [803/2247] Built Mathlib.Algebra.GroupWithZero.Action.Prod (1.3s)
✔ [804/2247] Built Mathlib.Tactic.Order.Graph.Basic (1.1s)
✔ [805/2247] Built Mathlib.Tactic.Order.Preprocessing (1.2s)
✔ [806/2247] Built Mathlib.Tactic.Order.ToInt (1.4s)
✔ [807/2247] Built Mathlib.Order.Disjoint (2.3s)
✔ [808/2247] Built Mathlib.Algebra.Order.GroupWithZero.Action.Synonym (1.3s)
✔ [809/2247] Built Mathlib.Data.Fin.Basic (1.8s)
✔ [810/2247] Built Mathlib.Algebra.Divisibility.Basic (1.7s)
✔ [811/2247] Built Mathlib.Algebra.Field.IsField (1.7s)
✔ [812/2247] Built Mathlib.Data.Int.Sqrt (1.3s)
✔ [813/2247] Built Mathlib.Data.Rat.Defs (1.6s)
✔ [814/2247] Built Mathlib.CategoryTheory.Category.Basic (2.5s)
✔ [815/2247] Built Mathlib.Algebra.Group.WithOne.Defs (2.1s)
✔ [816/2247] Built Mathlib.Data.Nat.Factorial.Basic (2.3s)
✔ [817/2247] Built Mathlib.Data.Stream.Init (2.1s)
✔ [818/2248] Built Mathlib.Data.List.ProdSigma (1.9s)
✔ [819/2248] Built Mathlib.Order.WithBot (7.5s)
✔ [820/2248] Built Mathlib.Algebra.Quotient (1.7s)
✔ [821/2248] Built Mathlib.Data.Vector.Defs (2.2s)
✔ [822/2248] Built Mathlib.Data.List.Count (1.9s)
✔ [823/2248] Built Mathlib.Data.List.TakeDrop (2.9s)
✔ [824/2248] Built Mathlib.Data.List.Induction (2.3s)
✔ [825/2248] Built Mathlib.Data.Nat.Cast.Commute (1.5s)
✔ [826/2248] Built Mathlib.Data.List.InsertIdx (1.9s)
✔ [827/2248] Built Mathlib.Algebra.Ring.Torsion (1.2s)
✔ [828/2248] Built Mathlib.SetTheory.Cardinal.Defs (1.6s)
✔ [829/2248] Built Mathlib.Algebra.Group.Action.Basic (1.4s)
✔ [830/2248] Built Mathlib.Tactic.Measurability.Init (880ms)
✔ [831/2248] Built Mathlib.Data.List.Basic (4.0s)
✔ [832/2248] Built Mathlib.Algebra.Group.Embedding (1.1s)
✔ [833/2248] Built Mathlib.Tactic.Linter.ValidatePRTitle (1.1s)
✔ [834/2248] Built Mathlib.Algebra.Field.Basic (2.9s)
✔ [835/2248] Built Mathlib.Algebra.Module.Prod (1.1s)
✔ [836/2248] Built Mathlib.Tactic.Order.Graph.Tarjan (1.1s)
✔ [837/2248] Built Mathlib.Order.PropInstances (1.2s)
✔ [838/2248] Built Mathlib.Tactic.Linter.TextBased (2.1s)
✔ [839/2248] Built Mathlib.Algebra.Group.Units.Equiv (1.7s)
✔ [840/2248] Built Mathlib.Algebra.Order.Module.Synonym (1.3s)
✔ [841/2248] Built Mathlib.Algebra.Group.Equiv.Opposite (2.1s)
✔ [842/2248] Built Mathlib.Order.RelIso.Basic (3.1s)
✔ [843/2248] Built Mathlib.Algebra.Divisibility.Hom (1.2s)
✔ [844/2248] Built Mathlib.Algebra.Divisibility.Units (1.6s)
✔ [845/2248] Built Mathlib.Algebra.Ring.Rat (1.3s)
✔ [846/2249] Built Mathlib.Data.Int.GCD (1.8s)
✔ [847/2249] Built Mathlib.Tactic.CategoryTheory.Coherence.Basic (1.5s)
✔ [848/2249] Built Mathlib.Tactic.CategoryTheory.CheckCompositions (1.4s)
✔ [849/2251] Built Mathlib.Algebra.Order.Monoid.Unbundled.Basic (4.2s)
✔ [850/2251] Built Mathlib.Tactic.CategoryTheory.Slice (1.5s)
✔ [851/2251] Built Mathlib.Algebra.Group.WithOne.Map (1.3s)
✔ [852/2251] Built Mathlib.CategoryTheory.Functor.Basic (1.8s)
✔ [853/2251] Built Mathlib.Algebra.Ring.Action.Basic (1.1s)
✔ [854/2251] Built Mathlib.Tactic.Measurability (1.0s)
✔ [855/2251] Built Mathlib.Data.Nat.Choose.Basic (1.8s)
✔ [856/2251] Built Mathlib.Data.List.Infix (1.7s)
✔ [857/2251] Built Mathlib.Data.Seq.Computation (2.3s)
✔ [858/2251] Built Mathlib.Data.List.Enum (1.6s)
✔ [859/2251] Built Mathlib.Algebra.GroupWithZero.WithZero (3.1s)
✔ [860/2251] Built Mathlib.Data.List.Forall2 (1.7s)
✔ [861/2251] Built Mathlib.Data.List.Lattice (1.9s)
✔ [862/2251] Built Mathlib.Data.List.Lex (2.0s)
✔ [863/2251] Built Mathlib.Tactic.Order (1.9s)
✔ [864/2251] Built Mathlib.Algebra.GroupWithZero.Units.Equiv (1.4s)
✔ [865/2252] Built Mathlib.Data.List.MinMax (3.3s)
✔ [866/2252] Built Mathlib.Algebra.Group.Even (1.7s)
✔ [867/2252] Built Mathlib.Algebra.FreeMonoid.Basic (3.8s)
✔ [868/2252] Built Mathlib.Tactic.Monotonicity.Basic (875ms)
✔ [869/2252] Built Mathlib.Data.Set.Basic (2.5s)
✔ [870/2252] Built Mathlib.Algebra.Ring.Divisibility.Basic (1.7s)
✔ [871/2252] Built Mathlib.Algebra.GroupWithZero.Divisibility (1.5s)
✔ [872/2252] Built Mathlib.Algebra.Order.Monoid.NatCast (1.1s)
✔ [873/2252] Built Mathlib.Algebra.Order.Sub.Defs (1.6s)
✔ [874/2252] Built Mathlib.Algebra.Order.Monoid.Unbundled.MinMax (1.3s)
✔ [875/2252] Built Mathlib.Algebra.Ring.Opposite (2.0s)
✔ [876/2252] Built Mathlib.Algebra.Order.Monoid.Unbundled.ExistsOfLE (1.2s)
✔ [877/2252] Built Mathlib.Algebra.Order.Monoid.Defs (1.3s)
✔ [878/2252] Built Mathlib.Tactic.CategoryTheory.Reassoc (1.4s)
✔ [879/2252] Built Mathlib.Algebra.Module.PUnit (1.2s)
✔ [880/2252] Built Mathlib.Algebra.Order.Monoid.Unbundled.Pow (1.0s)
✔ [881/2252] Built Mathlib.Order.Heyting.Basic (4.9s)
✔ [882/2252] Built Mathlib.Data.Seq.Defs (1.8s)
✔ [883/2252] Built Mathlib.Data.List.Zip (1.5s)
✔ [884/2252] Built Mathlib.Algebra.GroupWithZero.Prod (1.6s)
✔ [885/2252] Built Mathlib.Data.List.Perm.Basic (1.8s)
✔ [886/2252] Built Mathlib.Tactic.MoveAdd (1.5s)
✔ [887/2252] Built Mathlib.Order.Hom.Basic (5.6s)
✔ [888/2252] Built Mathlib.Order.Circular (1.9s)
✔ [889/2252] Built Mathlib.Data.Nat.Cast.Basic (1.6s)
✔ [890/2252] Built Mathlib.Algebra.Group.Nat.Even (1.5s)
✔ [891/2252] Built Mathlib.Algebra.Group.Irreducible.Lemmas (1.6s)
✔ [892/2252] Built Mathlib.Data.List.Chain (2.6s)
✔ [893/2252] Built Mathlib.Data.List.Nodup (2.8s)
✔ [894/2252] Built Mathlib.Data.Nat.Order.Lemmas (1.0s)
✔ [895/2252] Built Mathlib.Data.Set.Order (1.5s)
✔ [896/2252] Built Mathlib.Data.Set.Inclusion (978ms)
✔ [897/2252] Built Mathlib.Data.Set.Disjoint (1.1s)
✔ [898/2252] Built Mathlib.Data.SetLike.Basic (1.3s)
✔ [899/2252] Built Mathlib.Algebra.Prime.Defs (1.5s)
✔ [900/2252] Built Mathlib.Data.Nat.GCD.Basic (1.7s)
✔ [901/2252] Built Mathlib.Algebra.Order.Monoid.OrderDual (1.0s)
✔ [902/2252] Built Mathlib.Algebra.Order.Group.Int (1.1s)
✔ [903/2252] Built Mathlib.Algebra.Order.AddTorsor (1.2s)
✔ [904/2252] Built Mathlib.Algebra.Order.Group.Opposite (1.2s)
✔ [905/2252] Built Mathlib.Algebra.Group.End (3.8s)
✔ [906/2252] Built Mathlib.Algebra.Module.Opposite (1.0s)
✔ [907/2252] Built Mathlib.Algebra.Order.Sub.Unbundled.Basic (1.3s)
✔ [908/2252] Built Mathlib.Algebra.Order.Monoid.Canonical.Defs (1.3s)
✔ [909/2252] Built Mathlib.Algebra.Order.Monoid.Unbundled.TypeTags (1.3s)
✔ [910/2252] Built Mathlib.Algebra.Order.Group.Unbundled.Basic (3.1s)
✔ [911/2252] Built Mathlib.Algebra.Group.Center (4.2s)
✔ [912/2252] Built Mathlib.Order.BooleanAlgebra.Defs (1.3s)
✔ [913/2252] Built Mathlib.CategoryTheory.NatTrans (1.5s)
✔ [914/2252] Built Mathlib.Data.List.Perm.Subperm (1.3s)
✔ [915/2252] Built Mathlib.Algebra.Order.Monoid.Basic (1.1s)
✔ [916/2252] Built Mathlib.CategoryTheory.Iso (2.9s)
✔ [917/2252] Built Mathlib.Order.Antisymmetrization (1.7s)
✔ [918/2252] Built Mathlib.Tactic.ApplyFun (1.6s)
✔ [919/2252] Built Mathlib.Algebra.Order.Monoid.Units (1.3s)
✔ [920/2252] Built Mathlib.Algebra.BigOperators.Group.List.Basic (2.9s)
✔ [921/2252] Built Mathlib.Algebra.Order.Monoid.Unbundled.WithTop (3.9s)
✔ [922/2252] Built Mathlib.GroupTheory.GroupAction.Hom (10s)
✔ [923/2252] Built Mathlib.Data.Nat.Cast.Field (1.4s)
✔ [924/2252] Built Mathlib.Data.Nat.Cast.Order.Basic (1.8s)
✔ [925/2252] Built Mathlib.Order.Hom.Lattice (3.0s)
✔ [926/2252] Built Mathlib.Algebra.Group.Int.Even (1.4s)
✔ [927/2252] Built Mathlib.Data.List.Range (1.3s)
✔ [928/2252] Built Mathlib.Data.Sum.Order (3.8s)
✔ [929/2252] Built Mathlib.Order.Hom.Bounded (2.9s)
✔ [930/2252] Built Mathlib.Data.List.Perm.Lattice (1.6s)
✔ [931/2252] Built Mathlib.Data.List.OffDiag (1.6s)
✔ [932/2252] Built Mathlib.Data.List.NatAntidiagonal (1.3s)
✔ [933/2252] Built Mathlib.Data.List.Duplicate (1.3s)
✔ [934/2252] Built Mathlib.Data.List.Dedup (1.5s)
✔ [935/2252] Built Mathlib.Data.List.Rotate (1.8s)
✔ [936/2252] Built Mathlib.Algebra.Prime.Lemmas (1.8s)
✔ [937/2252] Built Mathlib.Data.Set.Insert (2.1s)
✔ [938/2252] Built Mathlib.Data.Nat.Prime.Defs (2.1s)
✔ [939/2252] Built Mathlib.Algebra.Order.Sub.Basic (1.6s)
✔ [940/2252] Built Mathlib.Tactic.NormNum.Basic (4.6s)
✔ [941/2252] Built Mathlib.Algebra.Group.Subsemigroup.Defs (2.6s)
✔ [942/2252] Built Mathlib.Algebra.Order.Monoid.TypeTags (1.3s)
✔ [943/2252] Built Mathlib.Algebra.Group.Action.End (2.1s)
✔ [944/2252] Built Mathlib.Algebra.Order.Group.Nat (1.4s)
✔ [945/2252] Built Mathlib.Algebra.Group.Conj (2.5s)
✔ [946/2252] Built Mathlib.Algebra.Order.Group.OrderIso (1.5s)
✔ [947/2252] Built Mathlib.Algebra.Ring.Centralizer (1.1s)
✔ [948/2252] Built Mathlib.Algebra.GroupWithZero.Center (1.3s)
✔ [949/2252] Built Mathlib.Algebra.Order.Group.Basic (1.5s)
✔ [950/2252] Built Mathlib.Algebra.Order.Group.Defs (1.5s)
✔ [951/2252] Built Mathlib.Data.List.Sublists (2.2s)
✔ [952/2252] Built Mathlib.Data.Multiset.Defs (2.3s)
✔ [953/2252] Built Mathlib.Algebra.Order.Group.Units (1.6s)
✔ [954/2252] Built Mathlib.CategoryTheory.ObjectProperty.Basic (2.2s)
✔ [955/2252] Built Mathlib.Algebra.Order.Sub.WithTop (1.7s)
✔ [956/2252] Built Mathlib.Tactic.CategoryTheory.IsoReassoc (2.1s)
✔ [957/2253] Built Mathlib.Tactic.CategoryTheory.CancelIso (2.3s)
✔ [958/2253] Built Mathlib.Data.Nat.Cast.WithTop (1.3s)
✔ [959/2253] Built Mathlib.Order.BooleanAlgebra.Basic (3.7s)
✔ [960/2253] Built Mathlib.Algebra.Order.Monoid.WithTop (1.4s)
✔ [961/2253] Built Mathlib.Algebra.Order.Hom.Monoid (5.1s)
✔ [962/2253] Built Mathlib.Algebra.BigOperators.Ring.List (1.8s)
✔ [963/2253] Built Mathlib.CategoryTheory.Functor.Category (4.3s)
✔ [964/2253] Built Mathlib.Data.Bool.Set (1.6s)
✔ [965/2253] Built Mathlib.Algebra.BigOperators.Group.List.Lemmas (2.4s)
✔ [966/2253] Built Mathlib.Algebra.Order.BigOperators.Group.List (2.8s)
✔ [967/2253] Built Mathlib.Data.List.Permutation (2.7s)
✔ [968/2253] Built Mathlib.Data.Set.Subsingleton (2.2s)
✔ [969/2253] Built Mathlib.Algebra.Ring.Parity (3.5s)
✔ [970/2253] Built Mathlib.GroupTheory.Subsemigroup.Center (1.8s)
✔ [971/2253] Built Mathlib.Algebra.GroupWithZero.Associated (3.4s)
✔ [972/2253] Built Mathlib.Algebra.CharP.Defs (2.6s)
✔ [973/2253] Built Mathlib.Data.Int.LeastGreatest (1.8s)
✔ [974/2253] Built Mathlib.Algebra.Order.Group.Lattice (1.7s)
✔ [975/2253] Built Mathlib.Algebra.GroupWithZero.Action.Basic (2.1s)
✔ [976/2253] Built Mathlib.CategoryTheory.ObjectProperty.ClosedUnderIsomorphisms (1.5s)
✔ [977/2253] Built Mathlib.Data.Nat.WithBot (1.3s)
✔ [978/2253] Built Mathlib.Data.Multiset.ZeroCons (2.4s)
✔ [979/2253] Built Mathlib.Algebra.Group.Submonoid.Defs (3.4s)
✔ [980/2253] Built Mathlib.Order.Heyting.Boundary (1.7s)
✔ [981/2256] Built Mathlib.Tactic.Abel (4.4s)
✔ [982/2256] Built Mathlib.Data.List.Find (1.2s)
✔ [983/2256] Built Mathlib.Algebra.Order.AddGroupWithTop (1.9s)
✔ [984/2256] Built Mathlib.Order.BooleanAlgebra.Set (2.7s)
✔ [985/2256] Built Mathlib.Order.SymmDiff (2.7s)
✔ [986/2256] Built Mathlib.Algebra.Ring.Int.Parity (2.1s)
✔ [987/2256] Built Mathlib.Data.List.Prime (1.8s)
✔ [988/2256] Built Mathlib.Data.Int.Cast.Lemmas (2.4s)
✔ [989/2256] Built Mathlib.Data.Part (2.5s)
✔ [990/2256] Built Mathlib.Algebra.Ring.Associated (1.7s)
✔ [991/2256] Built Mathlib.Data.Nat.Prime.Basic (2.2s)
✔ [992/2256] Built Mathlib.CategoryTheory.Functor.Trifunctor (3.8s)
✔ [993/2256] Built Mathlib.Algebra.CharP.Invertible (1.8s)
✔ [994/2256] Built Mathlib.CategoryTheory.NatIso (3.0s)
✔ [995/2256] Built Mathlib.Algebra.Ring.AddAut (1.4s)
✔ [996/2256] Built Mathlib.Data.Multiset.Count (1.6s)
✔ [997/2256] Built Mathlib.Data.Multiset.Basic (1.6s)
✔ [998/2256] Built Mathlib.Algebra.Order.Monoid.Submonoid (1.4s)
✔ [999/2256] Built Mathlib.Algebra.Order.Group.Unbundled.Abs (2.9s)
✔ [1000/2256] Built Mathlib.Algebra.Group.Submonoid.MulAction (1.7s)
✔ [1001/2256] Built Mathlib.Tactic.NoncommRing (1.9s)
✔ [1002/2256] Built Mathlib.RingTheory.NonUnitalSubsemiring.Defs (2.3s)
✔ [1003/2256] Built Mathlib.Data.Set.SymmDiff (1.1s)
✔ [1004/2256] Built Mathlib.Data.Set.BoolIndicator (1.2s)
✔ [1005/2256] Built Mathlib.Order.Part (1.2s)
✔ [1006/2256] Built Mathlib.Order.Filter.Defs (2.2s)
✔ [1007/2256] Built Mathlib.Data.Rat.Lemmas (1.6s)
✔ [1008/2256] Built Mathlib.Algebra.Ring.Center (1.6s)
✔ [1009/2256] Built Mathlib.Algebra.Field.Opposite (1.9s)
✔ [1010/2263] Built Mathlib.Algebra.Group.Subgroup.Defs (4.2s)
✔ [1011/2263] Built Mathlib.Data.Nat.Prime.Pow (1.3s)
✔ [1012/2263] Built Mathlib.Algebra.Module.NatInt (2.0s)
✔ [1013/2263] Built Mathlib.Order.Interval.Set.Basic (4.1s)
✔ [1014/2263] Built Mathlib.Order.Hom.BoundedLattice (3.3s)
✔ [1015/2263] Built Mathlib.Algebra.Group.Submonoid.DistribMulAction (1.3s)
✔ [1016/2265] Built Mathlib.Data.Multiset.AddSub (1.8s)
✔ [1017/2265] Built Mathlib.Tactic.NormNum.Pow (3.3s)
✔ [1018/2265] Built Mathlib.CategoryTheory.Functor.FullyFaithful (2.4s)
✔ [1019/2265] Built Mathlib.Algebra.Order.Group.Unbundled.Int (1.5s)
✔ [1020/2265] Built Mathlib.Algebra.Order.Group.Abs (2.1s)
✔ [1021/2265] Built Mathlib.Data.Sym.Sym2.Init (865ms)
✔ [1022/2265] Built Mathlib.Algebra.Order.Group.PosPart (2.5s)
✔ [1023/2265] Built Mathlib.Tactic.TautoSet (1.3s)
✔ [1024/2265] Built Mathlib.Algebra.Ring.Subsemiring.Defs (2.6s)
✔ [1025/2265] Built Mathlib.Algebra.Module.End (1.5s)
✔ [1026/2265] Built Mathlib.RingTheory.NonUnitalSubring.Defs (2.2s)
✔ [1027/2265] Built Mathlib.Algebra.Module.Torsion.Free (1.9s)
✔ [1028/2265] Built Mathlib.Algebra.Ring.Action.Subobjects (1.6s)
✔ [1029/2265] Built Mathlib.CategoryTheory.Bicategory.Basic (5.1s)
✔ [1030/2265] Built Mathlib.Algebra.GCDMonoid.Basic (5.9s)
✔ [1031/2266] Built Mathlib.Data.Set.Image (3.7s)
✔ [1032/2266] Built Mathlib.Data.Multiset.Find (1.6s)
✔ [1033/2266] Built Mathlib.Data.Multiset.Replicate (1.6s)
✔ [1034/2266] Built Mathlib.Order.Hom.WithTopBot (2.7s)
✔ [1035/2266] Built Mathlib.Order.Interval.Set.LinearOrder (3.3s)
✔ [1036/2266] Built Mathlib.CategoryTheory.InducedCategory (1.5s)
✔ [1037/2266] Built Mathlib.Algebra.Order.Group.MinMax (1.4s)
✔ [1038/2266] Built Mathlib.Algebra.Module.Torsion.Field (1.5s)
✔ [1039/2266] Built Mathlib.Algebra.Order.Hom.Basic (1.8s)
✔ [1040/2266] Built Mathlib.Data.Nat.ModEq (2.3s)
✔ [1041/2266] Built Mathlib.Algebra.NoZeroSMulDivisors.Defs (1.5s)
✔ [1042/2266] Built Mathlib.Algebra.Order.Ring.Unbundled.Rat (2.6s)
✔ [1043/2266] Built Mathlib.Algebra.GCDMonoid.Nat (1.6s)
✔ [1044/2266] Built Mathlib.Tactic.CategoryTheory.BicategoricalComp (1.7s)
✔ [1045/2267] Built Mathlib.Algebra.Ring.Subring.Defs (2.9s)
✔ [1046/2267] Built Mathlib.Logic.Embedding.Set (1.7s)
✔ [1047/2267] Built Mathlib.Data.Nat.Set (1.3s)
✔ [1048/2267] Built Mathlib.Order.Interval.Set.WithBotTop (1.6s)
✔ [1049/2267] Built Mathlib.Data.Set.List (1.2s)
✔ [1050/2267] Built Mathlib.Algebra.Notation.Support (2.0s)
✔ [1051/2270] Built Mathlib.Order.Directed (1.8s)
✔ [1052/2270] Built Mathlib.Data.Set.Restrict (1.7s)
✔ [1053/2270] Built Mathlib.Algebra.NoZeroSMulDivisors.Basic (1.4s)
✔ [1054/2271] Built Mathlib.Data.Int.ModEq (2.0s)
✔ [1055/2271] Built Mathlib.CategoryTheory.ObjectProperty.FullSubcategory (2.2s)
✔ [1056/2271] Built Mathlib.Algebra.Ring.CharZero (1.7s)
✔ [1057/2271] Built Mathlib.Algebra.Group.Support (1.5s)
✔ [1058/2271] Built Mathlib.Data.Multiset.MapFold (2.3s)
✔ [1059/2271] Built Mathlib.Data.Set.Prod (3.6s)
✔ [1060/2275] Built Mathlib.Data.Int.CharZero (1.7s)
✔ [1061/2275] Built Mathlib.Algebra.Field.Subfield.Defs (2.8s)
✔ [1062/2275] Built Mathlib.Order.ConditionallyCompletePartialOrder.Defs (1.2s)
✔ [1063/2275] Built Mathlib.Logic.Function.DependsOn (995ms)
✔ [1064/2276] Built Mathlib.Tactic.CategoryTheory.Bicategory.Datatypes (3.8s)
✔ [1065/2277] Built Mathlib.CategoryTheory.EssentialImage (1.6s)
✔ [1066/2277] Built Mathlib.CategoryTheory.Whiskering (8.7s)
✔ [1067/2280] Built Mathlib.Data.Multiset.NatAntidiagonal (1.5s)
✔ [1068/2280] Built Mathlib.CategoryTheory.ConcreteCategory.Basic (1.8s)
✔ [1069/2282] Built Mathlib.Tactic.ModCases (1.8s)
✔ [1070/2284] Built Mathlib.Data.Set.NAry (1.7s)
✔ [1071/2284] Built Mathlib.Data.List.Iterate (1.7s)
✔ [1072/2284] Built Mathlib.Order.Bounds.Basic (4.7s)
✔ [1073/2284] Built Mathlib.CategoryTheory.Functor.ReflectsIso.Basic (2.2s)
✔ [1074/2284] Built Mathlib.Data.Rel (3.0s)
✔ [1075/2284] Built Mathlib.Tactic.CategoryTheory.Elementwise (2.4s)
✔ [1076/2284] Built Mathlib.Data.Set.Function (3.0s)
✔ [1077/2284] Built Mathlib.Data.Nat.Prime.Infinite (1.1s)
✔ [1078/2284] Built Mathlib.Tactic.CategoryTheory.Bicategory.PureCoherence (4.5s)
✔ [1079/2284] Built Mathlib.Algebra.Group.Pointwise.Set.Scalar (2.4s)
✔ [1080/2284] Built Mathlib.Order.Bounds.Image (2.0s)
✔ [1081/2284] Built Mathlib.Order.LatticeIntervals (1.7s)
✔ [1082/2284] Built Mathlib.CategoryTheory.Elementwise (1.3s)
✔ [1083/2284] Built Mathlib.Tactic.CategoryTheory.Bicategory.Normalize (4.8s)
✔ [1084/2284] Built Mathlib.Order.CompleteLattice.Defs (1.0s)
✔ [1085/2284] Built Mathlib.Dynamics.FixedPoints.Basic (1.3s)
✔ [1086/2290] Built Mathlib.Data.Set.Monotone (1.3s)
✔ [1087/2290] Built Mathlib.Algebra.Order.Interval.Set.Monoid (1.4s)
✔ [1088/2292] Built Mathlib.Data.Multiset.Filter (2.1s)
✔ [1089/2292] Built Mathlib.Order.Interval.Set.Image (1.0s)
✔ [1090/2294] Built Mathlib.Data.Set.Piecewise (1.5s)
✔ [1091/2294] Built Mathlib.Order.WellFounded (1.7s)
✔ [1092/2294] Built Mathlib.CategoryTheory.Equivalence (6.9s)
✔ [1093/2294] Built Mathlib.Data.Set.Pairwise.Basic (2.0s)
✔ [1094/2294] Built Mathlib.GroupTheory.GroupAction.Pointwise (1.8s)
✔ [1095/2294] Built Mathlib.Order.ScottContinuity (1.8s)
✔ [1096/2294] Built Mathlib.Algebra.BigOperators.Group.Multiset.Defs (1.8s)
✔ [1097/2295] Built Mathlib.Logic.Equiv.Set (2.8s)
✔ [1098/2295] Built Mathlib.Data.Multiset.UnionInter (2.1s)
✔ [1099/2295] Built Mathlib.Algebra.Group.Pointwise.Set.Basic (8.1s)
✔ [1100/2295] Built Mathlib.Algebra.Group.Action.Pi (1.6s)
✔ [1101/2295] Built Mathlib.Algebra.Order.GroupWithZero.Basic (4.8s)
✔ [1102/2295] Built Mathlib.Algebra.Notation.Indicator (2.0s)
✔ [1103/2295] Built Mathlib.Order.ConditionallyCompleteLattice.Defs (1.4s)
✔ [1104/2296] Built Mathlib.Order.Interval.Set.UnorderedInterval (2.9s)
✔ [1105/2296] Built Mathlib.Tactic.CategoryTheory.Bicategory.Basic (4.5s)
✔ [1106/2296] Built Mathlib.Data.Set.Pairwise.List (1.4s)
✔ [1107/2296] Built Mathlib.Order.PiLex (2.0s)
✔ [1108/2296] Built Mathlib.Logic.Equiv.PartialEquiv (2.9s)
✔ [1109/2296] Built Mathlib.Order.RelIso.Set (1.2s)
✔ [1110/2296] Built Mathlib.Algebra.Group.Pi.Lemmas (3.7s)
✔ [1111/2296] Built Mathlib.Data.Rel.Separated (1.2s)
✔ [1112/2296] Built Mathlib.Data.Finset.Defs (1.8s)
✔ [1113/2296] Built Mathlib.Order.Minimal (3.0s)
✔ [1114/2296] Built Mathlib.Logic.Small.Basic (1.0s)
✔ [1115/2296] Built Mathlib.GroupTheory.Perm.Basic (1.4s)
✔ [1116/2296] Built Mathlib.Algebra.GroupWithZero.Pointwise.Set.Basic (1.3s)
✔ [1117/2296] Built Mathlib.Data.Nat.Prime.Int (1.5s)
✔ [1118/2296] Built Mathlib.Data.Multiset.Dedup (1.6s)
✔ [1119/2296] Built Mathlib.Data.Multiset.Range (1.6s)
✔ [1120/2296] Built Mathlib.Algebra.GroupWithZero.Action.Pi (1.6s)
✔ [1121/2296] Built Mathlib.Order.Hom.Set (2.6s)
✔ [1122/2296] Built Mathlib.Algebra.Order.GroupWithZero.Submonoid (1.2s)
✔ [1123/2296] Built Mathlib.Data.Fin.SuccPred (3.2s)
✔ [1124/2296] Built Mathlib.Algebra.Order.BigOperators.GroupWithZero.List (1.3s)
✔ [1125/2296] Built Mathlib.Algebra.Ring.Equiv (4.5s)
✔ [1126/2296] Built Mathlib.Algebra.Order.GroupWithZero.OrderIso (1.3s)
✔ [1127/2296] Built Mathlib.Tactic.FieldSimp.Lemmas (2.5s)
✔ [1128/2296] Built Mathlib.Algebra.Torsor.Basic (3.6s)
✔ [1129/2296] Built Mathlib.Algebra.Module.Basic (1.8s)
✔ [1130/2296] Built Mathlib.Algebra.GroupWithZero.Indicator (1.3s)
✔ [1131/2296] Built Mathlib.CategoryTheory.Opposites (7.0s)
✔ [1132/2296] Built Mathlib.Algebra.Order.Ring.Unbundled.Basic (3.0s)
✔ [1133/2296] Built Mathlib.Algebra.Order.Nonneg.Basic (2.5s)
✔ [1134/2296] Built Mathlib.Data.Int.ConditionallyCompleteOrder (1.3s)
✔ [1135/2296] Built Mathlib.Data.Rel.Cover (1.3s)
✔ [1136/2296] Built Mathlib.Order.Interval.Set.OrderEmbedding (1.5s)
✔ [1137/2296] Built Mathlib.Algebra.Group.Indicator (1.9s)
✔ [1138/2296] Built Mathlib.Data.Finset.Order (1.2s)
✔ [1139/2296] Built Mathlib.Data.Finset.Erase (1.3s)
✔ [1140/2296] Built Mathlib.Data.Countable.Small (987ms)
✔ [1141/2296] Built Mathlib.Data.Finset.Attach (1.2s)
✔ [1142/2296] Built Mathlib.Data.Finset.Empty (1.4s)
✔ [1143/2296] Built Mathlib.Data.Finset.Dedup (1.3s)
✔ [1144/2296] Built Mathlib.Algebra.Order.GroupWithZero.Canonical (5.6s)
✔ [1145/2296] Built Mathlib.GroupTheory.GroupAction.DomAct.Basic (2.3s)
✔ [1146/2296] Built Mathlib.Data.Multiset.FinsetOps (1.6s)
✔ [1147/2296] Built Mathlib.Data.Multiset.Fold (1.6s)
✔ [1148/2296] Built Mathlib.Order.Bounds.OrderIso (1.3s)
✔ [1149/2296] Built Mathlib.Order.Preorder.Chain (1.6s)
✔ [1150/2296] Built Mathlib.Order.Interval.Set.OrderIso (1.5s)
✔ [1151/2296] Built Mathlib.Data.Fin.Rev (1.3s)
✔ [1152/2296] Built Mathlib.Data.Fin.Embedding (1.4s)
✔ [1153/2296] Built Mathlib.Algebra.Order.BigOperators.GroupWithZero.Multiset (1.4s)
✔ [1154/2296] Built Mathlib.Algebra.Ring.Aut (1.5s)
✔ [1155/2296] Built Mathlib.Algebra.Ring.CompTypeclasses (1.3s)
✔ [1156/2296] Built Mathlib.Data.Vector.Basic (2.3s)
✔ [1157/2296] Built Mathlib.Order.Hom.Lex (2.6s)
✔ [1158/2296] Built Mathlib.Algebra.Ring.ULift (2.3s)
✔ [1159/2296] Built Mathlib.CategoryTheory.Functor.Const (1.9s)
✔ [1160/2296] Built Mathlib.Algebra.Order.Ring.Defs (1.3s)
✔ [1161/2296] Built Mathlib.Data.NNRat.Defs (1.0s)
✔ [1162/2296] Built Mathlib.Data.Finset.Filter (1.5s)
✔ [1163/2296] Built Mathlib.CategoryTheory.EqToHom (2.5s)
✔ [1164/2296] Built Mathlib.Order.CompleteLattice.Basic (4.7s)
✔ [1165/2296] Built Mathlib.Algebra.Module.Hom (1.9s)
✔ [1166/2296] Built Mathlib.Algebra.Order.Group.Multiset (1.6s)
✔ [1167/2296] Built Mathlib.Algebra.Order.BigOperators.Group.Multiset (1.9s)
✔ [1168/2296] Built Mathlib.Algebra.Order.Hom.MonoidWithZero (2.7s)
✔ [1169/2296] Built Mathlib.Data.Multiset.Lattice (1.4s)
✔ [1170/2296] Built Mathlib.Data.Finset.Lattice.Basic (1.7s)
✔ [1171/2296] Built Mathlib.Order.UpperLower.Basic (3.2s)
✔ [1172/2297] Built Mathlib.Data.Finset.Insert (2.7s)
✔ [1173/2297] Built Mathlib.Order.Antichain (1.9s)
✔ [1174/2297] Built Mathlib.Algebra.Group.Fin.Basic (1.8s)
✔ [1175/2297] Built Mathlib.Algebra.Ring.Action.Group (1.6s)
✔ [1176/2297] Built Mathlib.Order.Fin.Basic (2.2s)
✔ [1177/2297] Built Mathlib.Algebra.Order.Ring.Nat (1.3s)
✔ [1178/2297] Built Mathlib.Algebra.Ring.Pi (2.4s)
✔ [1179/2297] Built Mathlib.Algebra.Order.Ring.InjSurj (1.2s)
✔ [1180/2297] Built Mathlib.Algebra.Star.Basic (2.7s)
✔ [1181/2297] Built Mathlib.Algebra.Order.Interval.Set.Group (1.8s)
✔ [1182/2297] Built Mathlib.Algebra.Order.Ring.Int (1.8s)
✔ [1183/2297] Built Mathlib.Algebra.Order.Ring.Canonical (1.6s)
✔ [1184/2297] Built Mathlib.Algebra.Ring.Prod (3.1s)
✔ [1185/2297] Built Mathlib.Algebra.Order.Archimedean.Defs (1.2s)
✔ [1186/2297] Built Mathlib.Algebra.Order.Ring.Rat (1.3s)
✔ [1187/2297] Built Mathlib.Algebra.Order.Positive.Ring (1.4s)
✔ [1188/2297] Built Mathlib.Data.Nat.Choose.Bounds (1.7s)
✔ [1189/2297] Built Mathlib.Tactic.CancelDenoms.Core (2.6s)
✔ [1190/2297] Built Mathlib.Algebra.Order.Interval.Set.Instances (2.2s)
✔ [1191/2297] Built Mathlib.Algebra.Field.Rat (1.4s)
✔ [1192/2297] Built Mathlib.Algebra.Order.Ring.Basic (1.8s)
✔ [1193/2297] Built Mathlib.CategoryTheory.Bicategory.Strict.Basic (1.4s)
✔ [1194/2298] Built Mathlib.Data.Fintype.Defs (1.9s)
✔ [1195/2298] Built Mathlib.CategoryTheory.Bicategory.Functor.Prelax (2.1s)
✔ [1196/2298] Built Mathlib.Order.CompleteLattice.Group (1.2s)
✔ [1197/2298] Built Mathlib.Order.CompleteLattice.Lemmas (1.6s)
✔ [1198/2298] Built Mathlib.Algebra.Order.Module.Defs (6.2s)
✔ [1199/2298] Built Mathlib.Order.GaloisConnection.Basic (2.5s)
✔ [1200/2298] Built Mathlib.Data.Setoid.Basic (1.8s)
✔ [1201/2298] Built Mathlib.Data.Multiset.OrderedMonoid (1.3s)
✔ [1202/2298] Built Mathlib.Order.OmegaCompletePartialOrder (3.2s)
✔ [1203/2298] Built Mathlib.Data.Multiset.Sum (1.4s)
✔ [1204/2298] Built Mathlib.Algebra.BigOperators.Group.Multiset.Basic (2.1s)
✔ [1205/2298] Built Mathlib.Algebra.GCDMonoid.Multiset (1.9s)
✔ [1206/2298] Built Mathlib.Order.UpperLower.Fibration (1.3s)
✔ [1207/2298] Built Mathlib.Data.Finset.Lattice.Lemmas (1.5s)
✔ [1208/2298] Built Mathlib.Algebra.Module.LinearMap.Defs (8.7s)
✔ [1209/2298] Built Mathlib.CategoryTheory.Products.Basic (4.8s)
✔ [1210/2298] Built Mathlib.Data.Finset.Range (1.5s)
✔ [1211/2298] Built Mathlib.Data.Finset.SDiff (1.9s)
✔ [1212/2298] Built Mathlib.Data.Finset.Disjoint (1.7s)
✔ [1213/2298] Built Mathlib.Order.Interval.Set.OrdConnected (1.8s)
✔ [1214/2298] Built Mathlib.Algebra.Order.Hom.Ring (2.8s)
✔ [1215/2298] Built Mathlib.Order.InitialSeg (3.0s)
✔ [1216/2298] Built Mathlib.Algebra.CharP.Basic (1.8s)
✔ [1217/2298] Built Mathlib.Data.Nat.Cast.Order.Ring (1.5s)
✔ [1218/2298] Built Mathlib.Algebra.IsPrimePow (1.6s)
✔ [1219/2298] Built Mathlib.Algebra.Order.Pi (1.5s)
✔ [1220/2298] Built Mathlib.Algebra.Module.Pi (1.5s)
✔ [1221/2298] Built Mathlib.Data.FunLike.Ring (1.7s)
✔ [1222/2298] Built Mathlib.Order.Interval.Set.Fin (3.1s)
✔ [1223/2298] Built Mathlib.Algebra.Order.Field.Canonical (1.8s)
✔ [1224/2298] Built Mathlib.Algebra.Star.Pi (1.9s)
✔ [1225/2304] Built Mathlib.Algebra.Order.BigOperators.Ring.List (1.6s)
✔ [1226/2304] Built Mathlib.Algebra.Star.StarRingHom (2.8s)
✔ [1227/2304] Built Mathlib.Data.Fin.Tuple.Basic (3.0s)
✔ [1228/2304] Built Mathlib.Algebra.Star.Prod (1.5s)
✔ [1229/2304] Built Mathlib.Algebra.Star.MonoidHom (2.7s)
✔ [1230/2304] Built Mathlib.Algebra.Order.Kleene (2.6s)
✔ [1231/2304] Built Mathlib.Data.PNat.Basic (1.0s)
✔ [1232/2304] Built Mathlib.Algebra.Module.Rat (1.7s)
✔ [1233/2304] Built Mathlib.Tactic.FinCases (1.5s)
✔ [1234/2304] Built Mathlib.Data.Rat.Cast.Defs (1.9s)
✔ [1235/2304] Built Mathlib.Algebra.Order.Group.Pointwise.Bounds (1.7s)
✔ [1236/2305] Built Mathlib.Algebra.Order.Nonneg.Module (2.0s)
✔ [1237/2305] Built Mathlib.Tactic.LinearCombination.Lemmas (1.9s)
✔ [1238/2305] Built Mathlib.Algebra.Order.Ring.WithTop (3.9s)
✔ [1239/2305] Built Mathlib.Order.Hom.Order (1.7s)
✔ [1240/2305] Built Mathlib.Topology.Defs.Filter (1.9s)
✔ [1241/2305] Built Mathlib.Algebra.Module.LinearMap.Prod (1.4s)
✔ [1242/2305] Built Mathlib.Data.Multiset.Bind (1.8s)
✔ [1243/2305] Built Mathlib.Data.Sym.Basic (2.4s)
✔ [1244/2305] Built Mathlib.Algebra.Algebra.Defs (2.2s)
✔ [1245/2305] Built Mathlib.GroupTheory.Congruence.Defs (3.3s)
✔ [1246/2305] Built Mathlib.Order.Interval.Set.ProjIcc (1.8s)
✔ [1247/2305] Built Mathlib.Order.CompleteBooleanAlgebra (4.0s)
✔ [1248/2305] Built Mathlib.Data.Finset.Basic (2.6s)
✔ [1249/2305] Built Mathlib.Data.Finset.Image (2.0s)
✔ [1250/2305] Built Mathlib.Algebra.Order.Ring.Cast (2.1s)
✔ [1251/2305] Built Mathlib.Algebra.Order.Ring.Abs (2.6s)
✔ [1252/2305] Built Mathlib.Algebra.Order.Invertible (1.7s)
✔ [1253/2305] Built Mathlib.Order.Cover (3.5s)
✔ [1254/2305] Built Mathlib.Algebra.Order.Ring.Pow (2.1s)
✔ [1255/2305] Built Mathlib.Tactic.NormNum.Abs (1.7s)
✔ [1256/2305] Built Mathlib.Tactic.Linarith.Lemmas (1.4s)
✔ [1257/2305] Built Mathlib.CategoryTheory.Pi.Basic (5.4s)
✔ [1258/2305] Built Mathlib.Algebra.Module.Torsion.Pi (1.4s)
✔ [1259/2305] Built Mathlib.Data.FunLike.Module (1.4s)
✔ [1260/2305] Built Mathlib.Algebra.Order.BigOperators.Ring.Multiset (1.4s)
✔ [1261/2305] Built Mathlib.Algebra.Ring.Fin (1.3s)
✔ [1262/2305] Built Mathlib.Algebra.Star.Rat (1.2s)
✔ [1263/2305] Built Mathlib.Data.List.OfFn (1.4s)
✔ [1264/2305] Built Mathlib.LinearAlgebra.Matrix.Defs (2.6s)
✔ [1265/2305] Built Mathlib.Data.Rat.Cast.CharZero (1.5s)
✔ [1266/2305] Built Mathlib.Data.Multiset.Powerset (1.6s)
✔ [1267/2305] Built Mathlib.Data.Multiset.Sections (1.6s)
✔ [1268/2305] Built Mathlib.Data.Fin.VecNotation (2.6s)
✔ [1269/2305] Built Mathlib.GroupTheory.Congruence.Opposite (1.3s)
✔ [1270/2305] Built Mathlib.Data.Multiset.Pi (1.8s)
✔ [1271/2305] Built Mathlib.Algebra.Module.Equiv.Defs (8.9s)
✔ [1272/2305] Built Mathlib.Data.Set.BooleanAlgebra (1.4s)
✔ [1273/2305] Built Mathlib.CategoryTheory.Monoidal.Category (8.6s)
✔ [1274/2305] Built Mathlib.Data.Fintype.Inv (1.6s)
✔ [1275/2305] Built Mathlib.Data.Finset.Fold (1.8s)
✔ [1276/2305] Built Mathlib.GroupTheory.Congruence.Hom (2.6s)
✔ [1277/2305] Built Mathlib.Data.Finset.BooleanAlgebra (1.8s)
✔ [1278/2305] Built Mathlib.Data.Fintype.OfMap (1.7s)
✔ [1279/2307] Built Mathlib.RingTheory.Congruence.Defs (3.6s)
✔ [1280/2307] Built Mathlib.Algebra.Group.Nat.Range (1.8s)
✔ [1281/2307] Built Mathlib.Data.Finset.SymmDiff (1.7s)
✔ [1282/2307] Built Mathlib.Tactic.Qify (1.8s)
✔ [1283/2307] Built Mathlib.Data.Rat.Sqrt (1.7s)
✔ [1284/2307] Built Mathlib.Data.Int.Order.Units (1.7s)
✔ [1285/2307] Built Mathlib.Algebra.Order.Floor.Defs (2.6s)
✔ [1286/2307] Built Mathlib.Tactic.Linarith.Datatypes (1.9s)
✔ [1287/2307] Built Mathlib.Data.Finset.Card (4.5s)
✔ [1288/2307] Built Mathlib.Order.ModularLattice (2.8s)
✔ [1289/2307] Built Mathlib.Algebra.Module.LinearMap.Basic (2.3s)
✔ [1290/2307] Built Mathlib.Algebra.Group.Pointwise.Set.ListOfFn (1.5s)
✔ [1291/2307] Built Mathlib.Data.List.FinRange (1.4s)
✔ [1292/2307] Built Mathlib.CategoryTheory.Discrete.Basic (3.3s)
✔ [1293/2307] Built Mathlib.Tactic.Positivity.Core (4.5s)
✔ [1294/2307] Built Mathlib.Data.Multiset.Antidiagonal (1.7s)
✔ [1295/2307] Built Mathlib.Data.Matrix.Diagonal (2.1s)
✔ [1296/2307] Built Mathlib.Data.List.Sort (2.9s)
✔ [1297/2307] Built Mathlib.Algebra.Group.Fin.Tuple (1.8s)
✔ [1298/2307] Built Mathlib.Data.List.Pi (1.7s)
✔ [1299/2307] Built Mathlib.Algebra.Star.SelfAdjoint (3.9s)
✔ [1300/2307] Built Mathlib.Tactic.NormNum.Inv (2.7s)
✔ [1301/2307] Built Mathlib.Algebra.Algebra.Rat (1.7s)
✔ [1302/2307] Built Mathlib.Logic.Equiv.Fin.Basic (2.4s)
✔ [1303/2307] Built Mathlib.Algebra.Module.LinearMap.Star (1.4s)
✔ [1304/2307] Built Mathlib.Algebra.Module.Equiv.Opposite (1.6s)
✔ [1305/2307] Built Mathlib.Algebra.Module.ULift (2.0s)
✔ [1306/2307] Built Mathlib.Data.Set.Semiring (2.2s)
✔ [1307/2307] Built Mathlib.Order.Interval.Set.Pi (2.0s)
✔ [1308/2307] Built Mathlib.Data.Set.Sigma (2.2s)
✔ [1309/2311] Built Mathlib.Tactic.CategoryTheory.MonoidalComp (1.8s)
✔ [1310/2311] Built Mathlib.Order.Closure (2.3s)
✔ [1311/2311] Built Mathlib.Algebra.GCDMonoid.Finset (2.0s)
✔ [1312/2311] Built Mathlib.GroupTheory.GroupAction.Defs (3.3s)
✔ [1313/2311] Built Mathlib.Data.Finset.Piecewise (1.8s)
✔ [1314/2311] Built Mathlib.Data.Finset.Union (2.6s)
✔ [1315/2311] Built Mathlib.Tactic.DeriveFintype (2.2s)
✔ [1316/2311] Built Mathlib.Algebra.Order.Nonneg.Floor (1.9s)
✔ [1317/2311] Built Mathlib.Data.Fintype.Sets (2.3s)
✔ [1318/2311] Built Mathlib.Tactic.Linarith.Oracle.FourierMotzkin (1.9s)
✔ [1319/2311] Built Mathlib.Data.Set.Lattice (4.4s)
✔ [1320/2311] Built Mathlib.Tactic.Linarith.Parsing (1.7s)
✔ [1321/2311] Built Mathlib.Tactic.Linarith.Oracle.SimplexAlgorithm (1.9s)
✔ [1322/2311] Built Mathlib.Algebra.Order.Floor.Semiring (2.0s)
✔ [1323/2311] Built Mathlib.Data.Finset.Fin (1.5s)
✔ [1324/2311] Built Mathlib.Tactic.Linarith.Preprocessing (2.4s)
✔ [1325/2311] Built Mathlib.CategoryTheory.Products.Unitor (1.5s)
✔ [1326/2311] Built Mathlib.Data.Finset.Sum (2.2s)
✔ [1327/2311] Built Mathlib.Algebra.Order.Field.Power (2.6s)
✔ [1328/2311] Built Mathlib.Tactic.Finiteness (2.0s)
✔ [1329/2311] Built Mathlib.Algebra.Order.Module.Field (2.2s)
✔ [1330/2311] Built Mathlib.Algebra.BigOperators.Ring.Multiset (2.0s)
✔ [1331/2311] Built Mathlib.Algebra.Order.Algebra (2.8s)
✔ [1332/2311] Built Mathlib.Algebra.Order.AbsoluteValue.Basic (3.3s)
✔ [1333/2311] Built Mathlib.Tactic.FieldSimp.Discharger (2.9s)
✔ [1334/2311] Built Mathlib.Data.Nat.Factors (2.3s)
✔ [1335/2311] Built Mathlib.Data.List.NodupEquivFin (2.4s)
✔ [1336/2311] Built Mathlib.Data.Multiset.Sort (2.1s)
✔ [1337/2311] Built Mathlib.Algebra.Star.StarProjection (2.4s)
✔ [1338/2311] Built Mathlib.Data.Fintype.Quotient (2.5s)
✔ [1339/2311] Built Mathlib.Tactic.NormNum.Eq (3.1s)
✔ [1340/2311] Built Mathlib.Logic.Equiv.Fin.Rotate (2.2s)
✔ [1341/2311] Built Mathlib.Order.Fin.Tuple (2.5s)
✔ [1342/2311] Built Mathlib.Algebra.Order.Field.Basic (6.3s)
✔ [1343/2311] Built Mathlib.Algebra.Ring.Action.Submonoid (1.8s)
✔ [1344/2311] Built Mathlib.Data.Finset.Option (1.0s)
✔ [1345/2311] Built Mathlib.Data.Finset.Prod (2.8s)
✔ [1346/2311] Built Mathlib.Data.Finset.Pi (2.4s)
✔ [1347/2311] Built Mathlib.Data.Fintype.Basic (2.6s)
✔ [1348/2311] Built Mathlib.Data.Sign.Defs (2.9s)
✔ [1349/2311] Built Mathlib.Tactic.CategoryTheory.Monoidal.Datatypes (4.7s)
✔ [1350/2311] Built Mathlib.Tactic.Monotonicity.Lemmas (1.3s)
✔ [1351/2311] Built Mathlib.Algebra.Module.LinearMap.End (5.1s)
✔ [1352/2311] Built Mathlib.Order.BourbakiWitt (1.0s)
✔ [1353/2311] Built Mathlib.Data.Set.Constructions (2.1s)
✔ [1354/2311] Built Mathlib.Order.ConditionallyCompletePartialOrder.Basic (1.4s)
✔ [1355/2311] Built Mathlib.Data.Set.UnionLift (1.5s)
✔ [1356/2311] Built Mathlib.Order.CompleteLattice.Chain (1.4s)
✔ [1357/2311] Built Mathlib.Logic.Small.Set (1.6s)
✔ [1358/2311] Built Mathlib.Data.Set.Pairwise.Lattice (2.4s)
✔ [1359/2311] Built Mathlib.Algebra.BigOperators.Group.Finset.Defs (5.7s)
✔ [1360/2311] Built Mathlib.Order.Filter.Basic (4.2s)
✔ [1361/2311] Built Mathlib.Tactic.Positivity.Basic (12s)
✔ [1362/2311] Built Mathlib.Data.Set.Lattice.Image (3.9s)
✔ [1363/2311] Built Mathlib.Tactic.Linarith.Verification (3.4s)
✔ [1364/2311] Built Mathlib.Algebra.Order.Module.Pointwise (2.7s)
✔ [1365/2311] Built Mathlib.Data.Nat.Cast.Order.Field (1.6s)
✔ [1366/2311] Built Mathlib.Tactic.Ring.Common (12s)
✔ [1367/2311] Built Mathlib.Data.Fintype.Card (2.1s)
✔ [1368/2311] Built Mathlib.Data.Finset.Lattice.Fold (5.6s)
✔ [1369/2311] Built Mathlib.Tactic.NormNum.Ineq (4.6s)
✔ [1370/2311] Built Mathlib.Algebra.Group.TransferInstance (2.5s)
✔ [1371/2311] Built Mathlib.Tactic.Monotonicity (1.5s)
✔ [1372/2311] Built Mathlib.Algebra.Order.CauSeq.Basic (5.9s)
✔ [1373/2311] Built Mathlib.Data.Sym.Sym2 (6.0s)
✔ [1374/2311] Built Mathlib.Tactic.CategoryTheory.Monoidal.PureCoherence (4.5s)
✔ [1375/2311] Built Mathlib.Algebra.Order.Group.Pointwise.Interval (6.5s)
✔ [1376/2311] Built Mathlib.Order.FixedPoints (2.5s)
✔ [1377/2311] Built Mathlib.Order.ConditionallyCompletePartialOrder.Indexed (1.7s)
✔ [1378/2311] Built Mathlib.Order.Zorn (1.3s)
✔ [1379/2311] Built Mathlib.Tactic.CategoryTheory.Monoidal.Normalize (5.3s)
✔ [1380/2311] Built Mathlib.Data.Rat.BigOperators (1.5s)
✔ [1381/2311] Built Mathlib.Algebra.BigOperators.RingEquiv (1.4s)
✔ [1382/2311] Built Mathlib.Data.Nat.GCD.BigOperators (1.4s)
✔ [1383/2311] Built Mathlib.Order.ConditionallyCompleteLattice.Basic (3.9s)
✔ [1384/2311] Built Mathlib.Algebra.CharP.Two (1.6s)
✔ [1385/2311] Built Mathlib.Order.Filter.AtTopBot.Defs (1.4s)
✔ [1386/2311] Built Mathlib.Tactic.Peel (1.4s)
✔ [1387/2311] Built Mathlib.CategoryTheory.Comma.Basic (12s)
✔ [1388/2311] Built Mathlib.Order.Interval.Set.OrdConnectedComponent (1.4s)
✔ [1389/2311] Built Mathlib.Order.CompleteLattice.Finset (1.9s)
✔ [1390/2311] Built Mathlib.Algebra.Group.Pointwise.Set.Lattice (1.9s)
✔ [1391/2311] Built Mathlib.Tactic.FieldSimp (11s)
✔ [1392/2311] Built Mathlib.Data.Nat.Pairing (1.4s)
✔ [1393/2311] Built Mathlib.Algebra.Group.Subsemigroup.Basic (1.8s)
✔ [1394/2311] Built Mathlib.Data.Set.Functor (1.5s)
✔ [1395/2311] Built Mathlib.Algebra.Group.Action.Pointwise.Set.Basic (2.6s)
✔ [1396/2311] Built Mathlib.Order.Interval.Set.Disjoint (2.2s)
✔ [1397/2311] Built Mathlib.Order.UpperLower.CompleteLattice (3.2s)
✔ [1398/2311] Built Mathlib.Algebra.Group.TypeTags.Finite (1.7s)
✔ [1399/2312] Built Mathlib.GroupTheory.DedekindFinite (1.7s)
✔ [1400/2312] Built Mathlib.Order.Filter.Map (2.7s)
✔ [1401/2312] Built Mathlib.Algebra.BigOperators.Group.Finset.Basic (5.9s)
✔ [1402/2312] Built Mathlib.Data.Fintype.EquivFin (2.1s)
✔ [1403/2312] Built Mathlib.Order.Hom.CompleteLattice (3.3s)
✔ [1404/2312] Built Mathlib.Data.Finset.Lattice.Union (1.3s)
✔ [1405/2312] Built Mathlib.Algebra.Order.GroupWithZero.Finset (1.4s)
✔ [1406/2313] Built Mathlib.Data.Finset.Lattice.Prod (1.7s)
✔ [1407/2313] Built Mathlib.Tactic.CancelDenoms (1.4s)
✔ [1408/2313] Built Mathlib.Data.Finset.Max (2.8s)
✔ [1409/2313] Built Mathlib.Tactic.Ring.Basic (4.3s)
✔ [1410/2313] Built Mathlib.Algebra.Module.Equiv.Basic (11s)
✔ [1411/2313] Built Mathlib.Algebra.Group.Action.TransferInstance (1.6s)
✔ [1412/2313] Built Mathlib.Tactic.NormNum.DivMod (2.0s)
✔ [1413/2313] Built Mathlib.Algebra.Order.Group.Action (994ms)
✔ [1414/2313] Built Mathlib.SetTheory.Cardinal.SchroederBernstein (1.7s)
✔ [1415/2313] Built Mathlib.Order.OrdContinuous (1.4s)
✔ [1416/2313] Built Mathlib.Topology.Defs.Sequences (1.1s)
✔ [1417/2313] Built Mathlib.Algebra.Order.CauSeq.Completion (3.1s)
✔ [1418/2313] Built Mathlib.Data.List.Sym (2.6s)
✔ [1419/2313] Built Mathlib.Order.Copy (2.0s)
✔ [1420/2313] Built Mathlib.Order.ConditionallyCompleteLattice.Indexed (2.5s)
✔ [1421/2313] Built Mathlib.Logic.Equiv.Nat (1.3s)
✔ [1422/2313] Built Mathlib.Order.CompleteLatticeIntervals (2.9s)
✔ [1423/2313] Built Mathlib.Data.Finset.Sigma (1.9s)
✔ [1424/2313] Built Mathlib.GroupTheory.Subsemigroup.Centralizer (1.5s)
✔ [1425/2313] Built Mathlib.Tactic.DeriveCountable (1.0s)
✔ [1426/2313] Built Mathlib.Tactic.CategoryTheory.Monoidal.Basic (4.3s)
✔ [1427/2313] Built Mathlib.Algebra.Group.Submonoid.Basic (2.4s)
✔ [1428/2313] Built Mathlib.CategoryTheory.Comma.Arrow (3.4s)
✔ [1429/2316] Built Mathlib.Algebra.Group.Subsemigroup.Membership (1.6s)
✔ [1430/2316] Built Mathlib.Data.Set.Subset (1.5s)
✔ [1431/2316] Built Mathlib.Order.SuccPred.Basic (4.4s)
✔ [1432/2316] Built Mathlib.Algebra.Group.Subsemigroup.MulOpposite (1.7s)
✔ [1433/2316] Built Mathlib.Order.Filter.AtTopBot.Disjoint (1.3s)
✔ [1434/2316] Built Mathlib.Algebra.GroupWithZero.Action.Pointwise.Set (1.9s)
✔ [1435/2316] Built Mathlib.Algebra.Order.Group.PiLex (1.3s)
✔ [1436/2316] Built Mathlib.Order.UpperLower.Principal (1.8s)
✔ [1437/2316] Built Mathlib.Order.Filter.Tendsto (1.4s)
✔ [1438/2316] Built Mathlib.Order.Filter.Ker (1.4s)
✔ [1439/2316] Built Mathlib.Algebra.BigOperators.Option (1.5s)
✔ [1440/2316] Built Mathlib.Algebra.Group.EvenFunction (1.6s)
✔ [1441/2316] Built Mathlib.Algebra.BigOperators.Group.Finset.Indicator (1.7s)
✔ [1442/2316] Built Mathlib.Algebra.Group.Subsemigroup.Operations (4.2s)
✔ [1443/2316] Built Mathlib.Order.Filter.Bases.Basic (2.4s)
✔ [1444/2316] Built Mathlib.Algebra.BigOperators.Group.Finset.Lemmas (1.6s)
✔ [1445/2316] Built Mathlib.Algebra.BigOperators.GroupWithZero.Finset (1.7s)
✔ [1446/2316] Built Mathlib.Data.Fintype.Prod (1.6s)
✔ [1447/2316] Built Mathlib.Data.Fintype.Sum (1.5s)
✔ [1448/2316] Built Mathlib.Data.Fintype.Pigeonhole (1.5s)
✔ [1449/2316] Built Mathlib.Tactic.NormNum.BigOperators (3.6s)
✔ [1450/2316] Built Mathlib.Data.ZMod.Defs (1.7s)
✔ [1451/2316] Built Mathlib.Data.Finset.NoncommProd (2.9s)
✔ [1452/2316] Built Mathlib.Data.Finite.Set (1.5s)
✔ [1453/2316] Built Mathlib.Algebra.BigOperators.Group.Finset.Piecewise (2.8s)
✔ [1454/2316] Built Mathlib.Logic.Equiv.Fintype (2.2s)
✔ [1455/2316] Built Mathlib.Data.Set.Finite.Range (1.5s)
✔ [1456/2316] Built Mathlib.Data.Fintype.Perm (2.3s)
✔ [1457/2316] Built Mathlib.Data.Fintype.Option (1.3s)
✔ [1458/2316] Built Mathlib.Data.Fintype.Lattice (1.5s)
✔ [1459/2316] Built Mathlib.Algebra.Order.Group.Finset (1.8s)
✔ [1460/2316] Built Mathlib.Data.Finset.Powerset (2.1s)
✔ [1461/2316] Built Mathlib.Tactic.Field (1.8s)
✔ [1462/2316] Built Mathlib.Data.Set.Finite.Basic (2.7s)
✔ [1463/2316] Built Mathlib.Tactic.Ring.PNat (1.5s)
✔ [1464/2316] Built Mathlib.Algebra.GroupWithZero.Action.TransferInstance (1.2s)
✔ [1465/2316] Built Mathlib.Tactic.Ring.RingNF (2.5s)
✔ [1466/2316] Built Mathlib.Tactic.Ring.Compare (2.6s)
✔ [1467/2316] Built Mathlib.Algebra.Group.Shrink (1.7s)
✔ [1468/2316] Built Mathlib.Data.Finset.Sort (3.5s)
✔ [1469/2316] Built Mathlib.Tactic.Linarith.Frontend (2.0s)
✔ [1470/2316] Built Mathlib.Data.Multiset.Sym (1.6s)
✔ [1471/2316] Built Mathlib.LinearAlgebra.GeneralLinearGroup.Basic (1.0s)
✔ [1472/2316] Built Mathlib.Algebra.Order.Group.Indicator (1.7s)
✔ [1473/2316] Built Mathlib.Order.ConditionallyCompleteLattice.Group (1.3s)
✔ [1474/2316] Built Mathlib.Algebra.Order.Nonneg.Lattice (1.5s)
✔ [1475/2316] Built Mathlib.Data.Countable.Basic (1.6s)
✔ [1476/2316] Built Mathlib.Data.Real.Basic (3.3s)
✔ [1477/2316] Built Mathlib.Algebra.BigOperators.Group.Finset.Sigma (1.8s)
✔ [1478/2316] Built Mathlib.Logic.Encodable.Basic (2.1s)
✔ [1479/2316] Built Mathlib.Algebra.Ring.Submonoid.Basic (1.3s)
✔ [1480/2316] Built Mathlib.Data.Fintype.Sigma (2.2s)
✔ [1481/2316] Built Mathlib.Algebra.Group.Submonoid.MulOpposite (1.7s)
✔ [1482/2316] Built Mathlib.CategoryTheory.CommSq (2.4s)
✔ [1483/2316] Built Mathlib.Algebra.Order.Group.Pointwise.CompleteLattice (4.5s)
✔ [1484/2316] Built Mathlib.Order.SuccPred.WithBot (1.7s)
✔ [1485/2316] Built Mathlib.Order.Interval.Set.SuccPred (2.0s)
✔ [1486/2316] Built Mathlib.CategoryTheory.MorphismProperty.Basic (2.9s)
✔ [1487/2316] Built Mathlib.Algebra.Ring.Action.Pointwise.Set (1.9s)
✔ [1488/2316] Built Mathlib.Order.SuccPred.Archimedean (2.6s)
✔ [1489/2316] Built Mathlib.Order.Filter.AtTopBot.Map (1.3s)
✔ [1490/2316] Built Mathlib.Order.Filter.AtTopBot.Tendsto (1.6s)
✔ [1491/2316] Built Mathlib.Order.UpperLower.Closure (2.5s)
✔ [1492/2316] Built Mathlib.Data.Finite.Sum (1.7s)
✔ [1493/2316] Built Mathlib.Algebra.BigOperators.WithTop (1.0s)
✔ [1494/2316] Built Mathlib.Order.Filter.Extr (2.5s)
✔ [1495/2316] Built Mathlib.Order.Atoms (4.6s)
✔ [1496/2316] Built Mathlib.Order.Filter.Prod (2.8s)
✔ [1497/2316] Built Mathlib.Algebra.Group.Submonoid.BigOperators (2.3s)
✔ [1498/2316] Built Mathlib.Algebra.Group.Submonoid.Operations (7.1s)
✔ [1499/2316] Built Mathlib.GroupTheory.Perm.Support (2.6s)
✔ [1500/2316] Built Mathlib.Algebra.BigOperators.Group.Finset.Powerset (1.7s)
✔ [1501/2316] Built Mathlib.Data.Fintype.List (1.7s)
✔ [1502/2316] Built Mathlib.Algebra.BigOperators.Pi (2.9s)
✔ [1503/2316] Built Mathlib.Data.Fintype.Powerset (1.6s)
✔ [1504/2316] Built Mathlib.Data.Set.Finite.Powerset (1.5s)
✔ [1505/2316] Built Mathlib.Algebra.Group.Pointwise.Set.BigOperators (2.3s)
✔ [1506/2316] Built Mathlib.Data.Finset.Preimage (1.9s)
✔ [1507/2316] Built Mathlib.Data.Nat.Count (1.4s)
✔ [1508/2316] Built Mathlib.Data.Fintype.Pi (1.8s)
✔ [1509/2316] Built Mathlib.Algebra.Star.Pointwise (1.6s)
✔ [1510/2316] Built Mathlib.Algebra.FiniteSupport.Defs (1.7s)
✔ [1511/2316] Built Mathlib.Order.Interval.Set.Infinite (1.7s)
✔ [1512/2316] Built Mathlib.Topology.Basic (1.9s)
✔ [1513/2316] Built Mathlib.Order.Preorder.Finite (2.1s)
✔ [1514/2316] Built Mathlib.Order.SupIndep (3.3s)
✔ [1515/2316] Built Mathlib.Algebra.Module.TransferInstance (1.8s)
✔ [1516/2316] Built Mathlib.Tactic.Ring (1.5s)
✔ [1517/2316] Built Mathlib.Tactic.LinearCombination (2.2s)
✔ [1518/2316] Built Mathlib.Data.Real.Star (1.5s)
✔ [1519/2316] Built Mathlib.Algebra.Order.Nonneg.Ring (1.8s)
✔ [1520/2316] Built Mathlib.Tactic.Bound (2.1s)
✔ [1521/2316] Built Mathlib.Tactic.ComputeAsymptotics.Multiseries.Monomial.Predicates (1.6s)
✔ [1522/2316] Built Mathlib.Data.Rat.Encodable (1.4s)
✔ [1523/2317] Built Mathlib.Logic.Denumerable (1.9s)
✔ [1524/2317] Built Mathlib.Data.Finite.Sigma (1.6s)
✔ [1525/2317] Built Mathlib.Logic.Encodable.Lattice (1.7s)
✔ [1526/2317] Built Mathlib.Order.SuccPred.Relation (1.6s)
✔ [1527/2317] Built Mathlib.Data.DFinsupp.Defs (5.3s)
✔ [1528/2317] Built Mathlib.Algebra.Group.Subgroup.MulOpposite (1.9s)
✔ [1529/2317] Built Mathlib.Tactic.DeriveEncodable (2.8s)
✔ [1530/2317] Built Mathlib.CategoryTheory.Groupoid (2.1s)
✔ [1531/2317] Built Mathlib.Algebra.Order.BigOperators.Group.Finset (3.7s)
✔ [1532/2317] Built Mathlib.Order.Filter.AtTopBot.CompleteLattice (1.2s)
✔ [1533/2317] Built Mathlib.Order.Filter.AtTopBot.Monoid (1.4s)
✔ [1534/2317] Built Mathlib.Order.Filter.AtTopBot.Basic (2.1s)
✔ [1535/2317] Built Mathlib.Order.Filter.NAry (1.5s)
✔ [1536/2317] Built Mathlib.Order.ZornAtoms (1.6s)
✔ [1537/2317] Built Mathlib.Order.Filter.Curry (1.4s)
✔ [1538/2317] Built Mathlib.Order.Filter.Lift (1.6s)
✔ [1539/2317] Built Mathlib.GroupTheory.Perm.List (2.1s)
✔ [1540/2317] Built Mathlib.Order.SuccPred.Limit (3.6s)
✔ [1541/2317] Built Mathlib.Algebra.Group.Submonoid.Finite (1.7s)
✔ [1542/2317] Built Mathlib.Data.Set.Finite.Lemmas (1.7s)
✔ [1543/2317] Built Mathlib.GroupTheory.Submonoid.Center (2.1s)
✔ [1544/2317] Built Mathlib.GroupTheory.Congruence.Basic (2.8s)
✔ [1545/2317] Built Mathlib.Algebra.BigOperators.Group.Finset.Preimage (1.7s)
✔ [1546/2317] Built Mathlib.Algebra.Group.Submonoid.Membership (3.6s)
✔ [1547/2318] Built Mathlib.Data.Set.Finite.Lattice (2.8s)
✔ [1548/2318] Built Mathlib.Algebra.Star.Center (1.8s)
✔ [1549/2318] Built Mathlib.Algebra.Notation.FiniteSupport (1.4s)
✔ [1550/2318] Built Mathlib.Algebra.BigOperators.Group.Finset.Pi (1.5s)
✔ [1551/2318] Built Mathlib.Data.Finite.Prod (1.8s)
✔ [1552/2318] Built Mathlib.Algebra.Group.Subgroup.Lattice (4.1s)
✔ [1553/2318] Built Mathlib.Topology.Defs.Induced (1.4s)
✔ [1554/2318] Built Mathlib.Algebra.Module.Shrink (1.5s)
✔ [1555/2318] Built Mathlib.Data.List.Cycle (4.9s)
✔ [1556/2318] Built Mathlib.Data.Finsupp.Defs (2.4s)
✔ [1557/2325] Built Mathlib.Tactic.Group (1.9s)
✔ [1558/2325] Built Mathlib.Algebra.Order.BigOperators.GroupWithZero.Finset (2.3s)
✔ [1559/2325] Built Mathlib.Algebra.Order.Ring.NNRat (1.6s)
✔ [1560/2325] Built Mathlib.RingTheory.Coprime.Basic (2.7s)
✔ [1561/2325] Built Mathlib.Algebra.Order.Nonneg.Field (2.4s)
✔ [1562/2325] Built Mathlib.Tactic.LinearCombinationPrime (2.6s)
✔ [1563/2325] Built Mathlib.Logic.Equiv.List (1.9s)
✔ [1564/2325] Built Mathlib.Algebra.Regular.Pow (1.8s)
✔ [1565/2325] Built Mathlib.Order.Interval.Finset.Defs (6.1s)
✔ [1566/2325] Built Mathlib.Data.DFinsupp.NeLocus (1.0s)
✔ [1567/2325] Built Mathlib.Data.DFinsupp.Ext (1.8s)
✔ [1568/2325] Built Mathlib.Data.Complex.Basic (4.8s)
✔ [1569/2325] Built Mathlib.Data.DFinsupp.Module (2.2s)
✔ [1570/2325] Built Mathlib.Order.Filter.AtTopBot.Prod (1.9s)
✔ [1571/2325] Built Mathlib.GroupTheory.Coset.Defs (2.5s)
✔ [1572/2325] Built Mathlib.Order.Filter.AtTopBot.ModEq (1.8s)
✔ [1573/2325] Built Mathlib.Order.Filter.AtTopBot.Group (1.0s)
✔ [1574/2325] Built Mathlib.Order.Filter.SmallSets (1.6s)
✔ [1575/2325] Built Mathlib.CategoryTheory.EpiMono (2.8s)
✔ [1576/2325] Built Mathlib.Order.Filter.Ultrafilter.Defs (2.5s)
✔ [1577/2325] Built Mathlib.Topology.Closure (2.4s)
✔ [1578/2325] Built Mathlib.Order.SuccPred.CompleteLinearOrder (2.2s)
✔ [1579/2325] Built Mathlib.GroupTheory.Submonoid.Centralizer (1.9s)
✔ [1580/2325] Built Mathlib.Order.Filter.AtTopBot.BigOperators (2.0s)
✔ [1581/2325] Built Mathlib.Algebra.Order.SuccPred (3.3s)
✔ [1582/2325] Built Mathlib.Algebra.FiniteSupport.Basic (2.5s)
✔ [1583/2325] Built Mathlib.Data.Nat.PrimeFin (2.2s)
✔ [1584/2325] Built Mathlib.Algebra.GroupWithZero.NonZeroDivisors (3.5s)
✔ [1585/2325] Built Mathlib.Order.ConditionallyCompleteLattice.Finset (2.7s)
✔ [1586/2325] Built Mathlib.Order.Filter.Finite (2.4s)
✔ [1587/2325] Built Mathlib.Algebra.Order.Star.Basic (4.5s)
✔ [1588/2325] Built Mathlib.Algebra.BigOperators.Ring.Finset (2.9s)
✔ [1589/2325] Built Mathlib.RingTheory.NonUnitalSubsemiring.Basic (4.6s)
✔ [1590/2325] Built Mathlib.Data.Fintype.Vector (1.7s)
✔ [1591/2325] Built Mathlib.Data.Finset.NAry (3.4s)
✔ [1592/2325] Built Mathlib.Algebra.Group.Pointwise.Set.Finite (2.5s)
✔ [1593/2325] Built Mathlib.Topology.WithTopology (1.0s)
✔ [1594/2325] Built Mathlib.Tactic.Polynomial.Core (813ms)
✔ [1595/2325] Built Mathlib.Dynamics.PeriodicPts.Defs (2.5s)
✔ [1596/2325] Built Mathlib.Order.Preorder.Finsupp (1.8s)
✔ [1597/2325] Built Mathlib.GroupTheory.Perm.Sign (3.1s)
✔ [1598/2325] Built Mathlib.Data.Finsupp.Single (2.4s)
✔ [1599/2325] Built Mathlib.Tactic.AddGroup (2.1s)
✔ [1600/2325] Built Mathlib.Algebra.Order.Field.Rat (1.8s)
✔ [1601/2325] Built Mathlib.Data.Rat.Cast.Lemmas (1.8s)
✔ [1602/2325] Built Mathlib.Data.Set.Countable (1.9s)
✔ [1603/2325] Built Mathlib.Algebra.Order.Interval.Finset.Basic (1.5s)
✔ [1604/2325] Built Mathlib.Order.SuccPred.LinearLocallyFinite (2.6s)
✔ [1605/2325] Built Mathlib.Algebra.Group.Subgroup.Map (5.0s)
✔ [1606/2325] Built Mathlib.Order.Filter.AtTopBot.Ring (1.5s)
✔ [1607/2328] Built Mathlib.Algebra.Order.Antidiag.Prod (2.5s)
✔ [1608/2328] Built Mathlib.Data.DFinsupp.Sigma (2.2s)
✔ [1609/2328] Built Mathlib.Order.Interval.Finset.SuccPred (2.4s)
✔ [1610/2328] Built Mathlib.Topology.Defs.Ultrafilter (1.5s)
✔ [1611/2328] Built Mathlib.CategoryTheory.Types.Basic (2.9s)
✔ [1612/2328] Built Mathlib.Data.Nat.SuccPred (1.6s)
✔ [1613/2328] Built Mathlib.Data.DFinsupp.Order (3.5s)
✔ [1614/2328] Built Mathlib.Topology.Neighborhoods (2.2s)
✔ [1615/2328] Built Mathlib.Algebra.Order.SuccPred.WithBot (1.6s)
✔ [1616/2328] Built Mathlib.Order.Interval.Finset.Basic (4.5s)
✔ [1617/2328] Built Mathlib.Algebra.Ring.NonZeroDivisors (1.9s)
✔ [1618/2328] Built Mathlib.SetTheory.Cardinal.Order (2.9s)
✔ [1619/2329] Built Mathlib.Order.Filter.Bases.Finite (1.5s)
✔ [1620/2329] Built Mathlib.Data.Fintype.Order (2.1s)
✔ [1621/2329] Built Mathlib.Order.Filter.AtTopBot.Finset (1.5s)
✔ [1622/2329] Built Mathlib.Data.Fintype.BigOperators (1.9s)
✔ [1623/2329] Built Mathlib.RingTheory.Coprime.Lemmas (2.5s)
✔ [1624/2329] Built Mathlib.Algebra.Order.BigOperators.Ring.Finset (2.9s)
✔ [1625/2329] Built Mathlib.Data.Finset.Sym (2.3s)
✔ [1626/2329] Built Mathlib.Order.SupClosed (3.5s)
✔ [1627/2329] Built Mathlib.Order.Filter.Pointwise (6.1s)
✔ [1628/2329] Built Mathlib.GroupTheory.Perm.Option (2.1s)
✔ [1629/2329] Built Mathlib.Algebra.Group.Pointwise.Finset.Scalar (2.9s)
✔ [1630/2329] Built Mathlib.Data.Finsupp.Indicator (1.8s)
✔ [1631/2329] Built Mathlib.Tactic.NormNum.OfScientific (1.8s)
✔ [1632/2329] Built Mathlib.Order.Filter.CountableInter (1.0s)
✔ [1633/2329] Built Mathlib.Algebra.Group.Finsupp (2.0s)
✔ [1634/2329] Built Mathlib.Algebra.Ring.Subsemiring.Basic (5.5s)
✔ [1635/2329] Built Mathlib.Algebra.Group.Subgroup.ZPowers.Basic (1.8s)
✔ [1636/2329] Built Mathlib.Data.Rat.Cast.Order (3.1s)
✔ [1637/2329] Built Mathlib.GroupTheory.GroupAction.Basic (3.1s)
✔ [1638/2329] Built Mathlib.Data.Finsupp.Fin (1.4s)
✔ [1639/2329] Built Mathlib.Order.Filter.AtTopBot.Field (1.9s)
✔ [1640/2329] Built Mathlib.Data.Finset.Density (3.8s)
✔ [1641/2329] Built Mathlib.Data.Finset.NatAntidiagonal (1.8s)
✔ [1642/2329] Built Mathlib.CategoryTheory.Functor.Hom (1.5s)
✔ [1643/2330] Built Mathlib.Algebra.Order.Interval.Finset.SuccPred (2.1s)
✔ [1644/2330] Built Mathlib.Data.Int.SuccPred (1.5s)
✔ [1645/2330] Built Mathlib.Topology.NhdsSet (1.7s)
✔ [1646/2330] Built Mathlib.Topology.ClusterPt (1.8s)
✔ [1647/2330] Built Mathlib.Algebra.Group.Pointwise.Finset.Basic (7.4s)
✔ [1648/2330] Built Mathlib.Algebra.Group.Subgroup.Ker (4.7s)
✔ [1649/2330] Built Mathlib.Data.Int.Interval (2.1s)
✔ [1650/2330] Built Mathlib.Order.Filter.CountablyGenerated (1.8s)
✔ [1651/2330] Built Mathlib.Order.Interval.Multiset (1.9s)
✔ [1652/2330] Built Mathlib.Data.ENat.Basic (3.3s)
✔ [1653/2330] Built Mathlib.CategoryTheory.Category.Cat (4.2s)
✔ [1654/2330] Built Mathlib.Order.Filter.AtTopBot.Finite (1.9s)
✔ [1655/2330] Built Mathlib.Data.Finsupp.Fintype (1.7s)
✔ [1656/2330] Built Mathlib.Order.Filter.Pi (1.9s)
✔ [1657/2330] Built Mathlib.Data.Sign.Basic (2.1s)
✔ [1658/2330] Built Mathlib.Data.Nat.Factorial.BigOperators (1.7s)
✔ [1659/2330] Built Mathlib.Order.Filter.Interval (3.3s)
✔ [1660/2330] Built Mathlib.Data.Finsupp.SMulWithZero (1.5s)
✔ [1661/2330] Built Mathlib.Data.Finsupp.Ext (1.6s)
✔ [1662/2330] Built Mathlib.Algebra.Order.Module.Rat (1.8s)
✔ [1663/2330] Built Mathlib.Tactic.Rify (1.7s)
✔ [1664/2330] Built Mathlib.SetTheory.Cardinal.Basic (3.5s)
✔ [1665/2330] Built Mathlib.Tactic.NormNum (1.6s)
✔ [1666/2330] Built Mathlib.Order.Sublattice (3.0s)
✔ [1667/2330] Built Mathlib.Algebra.BigOperators.NatAntidiagonal (1.7s)
✔ [1668/2330] Built Mathlib.Algebra.QuadraticDiscriminant (2.3s)
✔ [1669/2330] Built Mathlib.Topology.Continuous (1.8s)
✔ [1670/2330] Built Mathlib.Algebra.Group.Subgroup.ZPowers.Lemmas (1.6s)
✔ [1671/2330] Built Mathlib.Algebra.Group.Graph (2.3s)
✔ [1672/2330] Built Mathlib.Algebra.Group.AddChar (3.1s)
✔ [1673/2330] Built Mathlib.Algebra.Order.Ring.Interval (1.6s)
✔ [1674/2330] Built Mathlib.Algebra.BigOperators.Finprod (6.6s)
✔ [1675/2330] Built Mathlib.Order.Interval.Finset.Nat (1.9s)
✔ [1676/2330] Built Mathlib.Algebra.Group.UniqueProds.Basic (4.4s)
✔ [1677/2330] Built Mathlib.Data.ENat.Pow (1.7s)
✔ [1678/2334] Built Mathlib.Tactic.ENatToNat (1.9s)
✔ [1679/2334] Built Mathlib.GroupTheory.QuotientGroup.Defs (4.3s)
✔ [1680/2334] Built Mathlib.Tactic.CategoryTheory.ToApp (2.1s)
✔ [1681/2334] Built Mathlib.Order.Filter.AtTopBot.CountablyGenerated (1.9s)
✔ [1682/2334] Built Mathlib.GroupTheory.FreeGroup.Basic (5.8s)
✔ [1683/2334] Built Mathlib.Order.Filter.Cofinite (2.0s)
✔ [1684/2334] Built Mathlib.RingTheory.Multiplicity (3.8s)
✔ [1685/2334] Built Mathlib.Algebra.Group.Subgroup.Basic (6.6s)
✔ [1686/2334] Built Mathlib.Tactic.Linarith (1.4s)
✔ [1687/2334] Built Mathlib.SetTheory.Cardinal.ENat (2.3s)
✔ [1688/2334] Built Mathlib.Tactic.NormNum.NatFactorial (1.8s)
✔ [1689/2334] Built Mathlib.Topology.Separation.SeparatedNhds (1.5s)
✔ [1690/2335] Built Mathlib.Tactic.IntervalCases (2.4s)
✔ [1691/2335] Built Mathlib.Tactic.NormNum.GCD (2.7s)
✔ [1692/2335] Built Mathlib.Algebra.BigOperators.GroupWithZero.Action (1.0s)
✔ [1693/2335] Built Mathlib.Order.Lattice.Nat (1.9s)
✔ [1694/2335] Built Mathlib.Algebra.BigOperators.Finsupp.Basic (4.6s)
✔ [1695/2335] Built Mathlib.Topology.Order (2.7s)
✔ [1696/2335] Built Mathlib.Order.PartialSups (2.2s)
✔ [1697/2335] Built Mathlib.Algebra.CharZero.Quotient (1.7s)
✔ [1698/2335] Built Mathlib.GroupTheory.QuotientGroup.ModEq (1.7s)
✔ [1699/2335] Built Mathlib.Data.Seq.Basic (2.9s)
✔ [1700/2335] Built Mathlib.Order.Filter.Ultrafilter.Basic (2.1s)
✔ [1701/2335] Built Mathlib.Order.Interval.Finset.Fin (3.8s)
✔ [1702/2335] Built Mathlib.CategoryTheory.Yoneda (12s)
✔ [1703/2335] Built Mathlib.Topology.Bornology.Basic (1.0s)
✔ [1704/2335] Built Mathlib.NumberTheory.Padics.PadicVal.Defs (1.8s)
✔ [1705/2335] Built Mathlib.Order.Filter.IsBounded (3.1s)
✔ [1706/2335] Built Mathlib.Data.Nat.Choose.Central (1.8s)
✔ [1707/2335] Built Mathlib.Data.Nat.Digits.Defs (2.0s)
✔ [1708/2335] Built Mathlib.CategoryTheory.Bicategory.Functor.Oplax (4.5s)
✔ [1709/2335] Built Mathlib.Algebra.Group.Subgroup.Order (1.7s)
✔ [1710/2335] Built Mathlib.NumberTheory.Divisors (7.4s)
✔ [1711/2335] Built Mathlib.CategoryTheory.Bicategory.Functor.Lax (5.3s)
✔ [1712/2335] Built Mathlib.Algebra.Group.Subgroup.MulOppositeLemmas (1.8s)
✔ [1713/2335] Built Mathlib.SetTheory.Cardinal.ToNat (1.8s)
✔ [1714/2335] Built Mathlib.GroupTheory.Subgroup.Center (1.9s)
✔ [1715/2335] Built Mathlib.Algebra.Module.Congruence.Defs (2.4s)
✔ [1716/2335] Built Mathlib.GroupTheory.Coset.Basic (4.4s)
✔ [1717/2335] Built Mathlib.RingTheory.NonUnitalSubring.Basic (4.4s)
✔ [1718/2335] Built Mathlib.Algebra.Module.BigOperators (2.2s)
✔ [1719/2335] Built Mathlib.Algebra.Order.Floor.Ring (5.6s)
✔ [1720/2335] Built Mathlib.Dynamics.PeriodicPts.Lemmas (2.2s)
✔ [1721/2335] Built Mathlib.Algebra.BigOperators.Expect (3.4s)
✔ [1722/2335] Built Mathlib.Data.ENat.Lattice (2.7s)
✔ [1723/2335] Built Mathlib.Algebra.Star.BigOperators (1.9s)
✔ [1724/2335] Built Mathlib.Order.OrderIsoNat (2.2s)
✔ [1725/2335] Built Mathlib.Algebra.Order.SuccPred.PartialSups (1.0s)
✔ [1726/2335] Built Mathlib.Order.SetAccumulate (2.2s)
✔ [1727/2335] Built Mathlib.Topology.UniformSpace.Defs (2.7s)
✔ [1728/2335] Built Mathlib.Data.DFinsupp.BigOperators (4.8s)
✔ [1729/2335] Built Mathlib.Topology.Ultrafilter (1.9s)
✔ [1730/2335] Built Mathlib.Topology.Maps.Basic (2.8s)
✔ [1731/2335] Built Mathlib.Order.Disjointed (2.6s)
✔ [1732/2335] Built Mathlib.LinearAlgebra.Matrix.Determinant.Bird.Defs (2.3s)
✔ [1733/2335] Built Mathlib.Data.Matrix.Mul (6.2s)
✔ [1734/2335] Built Mathlib.Data.Fintype.Fin (1.9s)
✔ [1735/2335] Built Mathlib.Topology.Bornology.Constructions (1.9s)
✔ [1736/2335] Built Mathlib.Topology.Bornology.Hom (1.8s)
✔ [1737/2335] Built Mathlib.Topology.Bornology.Absorbs (2.1s)
✔ [1738/2335] Built Mathlib.Algebra.Group.Subgroup.Actions (2.3s)
✔ [1739/2335] Built Mathlib.SetTheory.Cardinal.Finite (2.6s)
✔ [1740/2335] Built Mathlib.Order.LiminfLimsup (3.6s)
✔ [1741/2335] Built Mathlib.GroupTheory.Subgroup.Centralizer (2.0s)
✔ [1742/2335] Built Mathlib.Algebra.Order.Round (2.7s)
✔ [1743/2335] Built Mathlib.Data.Finsupp.Basic (8.2s)
✔ [1744/2335] Built Mathlib.Algebra.BigOperators.Balance (1.0s)
✔ [1745/2335] Built Mathlib.Algebra.Order.BigOperators.Expect (3.7s)
✔ [1746/2335] Built Mathlib.Topology.UniformSpace.OfFun (1.6s)
✔ [1747/2335] Built Mathlib.Order.WellQuasiOrder (1.8s)
✔ [1748/2335] Built Mathlib.Order.CompactlyGenerated.Basic (3.1s)
✔ [1749/2335] Built Mathlib.Topology.Maps.OpenQuotient (1.7s)
✔ [1750/2335] Built Mathlib.Data.DFinsupp.Submonoid (1.9s)
✔ [1751/2335] Built Mathlib.CategoryTheory.Adjunction.Basic (7.8s)
✔ [1752/2335] Built Mathlib.Algebra.Order.BigOperators.Group.LocallyFinite (2.1s)
✔ [1753/2335] Built Mathlib.Topology.Order.Bornology (1.5s)
✔ [1754/2335] Built Mathlib.Tactic.Determinant.Bird.Meta (2.9s)
✔ [1755/2335] Built Mathlib.CategoryTheory.Bicategory.Functor.Pseudofunctor (8.0s)
✔ [1756/2335] Built Mathlib.Algebra.GroupWithZero.Units.Fintype (1.3s)
✔ [1757/2335] Built Mathlib.Order.RelSeries (5.6s)
✔ [1758/2335] Built Mathlib.Algebra.Ring.Subring.Basic (7.3s)
✔ [1759/2335] Built Mathlib.GroupTheory.Coset.Card (2.5s)
✔ [1760/2335] Built Mathlib.SetTheory.Cardinal.NatCard (1.5s)
✔ [1761/2335] Built Mathlib.GroupTheory.GroupAction.ConjAct (2.0s)
✔ [1762/2335] Built Mathlib.Data.Complex.BigOperators (1.9s)
✔ [1763/2335] Built Mathlib.Topology.Algebra.InfiniteSum.SummationFilter (3.4s)
✔ [1764/2335] Built Mathlib.Data.Rat.Floor (3.6s)
✔ [1765/2335] Built Mathlib.Data.Finsupp.Order (3.1s)
✔ [1766/2335] Built Mathlib.GroupTheory.GroupAction.SubMulAction (5.9s)
✔ [1767/2335] Built Mathlib.Data.Set.Card (4.6s)
✔ [1768/2335] Built Mathlib.GroupTheory.Commutator.Basic (4.3s)
✔ [1769/2335] Built Mathlib.Data.Finsupp.Multiset (2.4s)
✔ [1770/2335] Built Mathlib.Data.Finsupp.SMul (2.2s)
✔ [1771/2335] Built Mathlib.Data.Finsupp.Option (1.9s)
✔ [1772/2335] Built Mathlib.Algebra.BigOperators.Fin (7.9s)
✔ [1773/2335] Built Mathlib.CategoryTheory.Adjunction.FullyFaithful (2.1s)
✔ [1774/2337] Built Mathlib.Topology.Homeomorph.Defs (2.5s)
✔ [1775/2337] Built Mathlib.Order.WellFoundedSet (2.0s)
✔ [1776/2337] Built Mathlib.Algebra.BigOperators.Intervals (2.8s)
✔ [1777/2337] Built Mathlib.Tactic.Determinant.Bird.Cert (2.8s)
✔ [1778/2337] Built Mathlib.Algebra.Group.Subgroup.Finite (2.2s)
✔ [1779/2337] Built Mathlib.Algebra.DirectSum.Basic (3.8s)
✔ [1780/2337] Built Mathlib.GroupTheory.GroupAction.SubMulAction.Pointwise (2.2s)
✔ [1781/2337] Built Mathlib.Data.Finsupp.Antidiagonal (1.0s)
✔ [1782/2337] Built Mathlib.Data.Nat.Factorization.Defs (2.3s)
✔ [1783/2337] Built Mathlib.Algebra.Module.Submodule.Defs (3.2s)
✔ [1784/2337] Built Mathlib.Order.KrullDimension (4.4s)
✔ [1785/2337] Built Mathlib.GroupTheory.Abelianization.Defs (2.0s)
✔ [1786/2337] Built Mathlib.Algebra.Order.Archimedean.Basic (3.8s)
✔ [1787/2337] Built Mathlib.Algebra.MonoidAlgebra.Defs (9.2s)
✔ [1788/2337] Built Mathlib.CategoryTheory.Bicategory.Free (6.3s)
✔ [1789/2337] Built Mathlib.LinearAlgebra.Finsupp.SumProd (1.5s)
✔ [1790/2337] Built Mathlib.Algebra.BigOperators.Finsupp.Fin (1.3s)
✔ [1791/2337] Built Mathlib.Data.Finsupp.ToDFinsupp (2.2s)
✔ [1792/2337] Built Mathlib.Data.Fin.Tuple.Reflection (1.9s)
✔ [1793/2337] Built Mathlib.GroupTheory.GroupAction.Quotient (4.1s)
✔ [1794/2337] Built Mathlib.Data.Fin.Tuple.NatAntidiagonal (1.8s)
✔ [1795/2337] Built Mathlib.Order.Cofinal (1.3s)
✔ [1796/2337] Built Mathlib.Combinatorics.Enumerative.Composition (3.0s)
✔ [1797/2337] Built Mathlib.LinearAlgebra.Finsupp.Defs (4.2s)
✔ [1798/2337] Built Mathlib.Algebra.Group.Submonoid.Pointwise (2.7s)
✔ [1799/2337] Built Mathlib.Algebra.BigOperators.Module (2.1s)
✔ [1800/2337] Built Mathlib.Data.Nat.Digits.Lemmas (2.5s)
✔ [1801/2337] Built Mathlib.Data.DFinsupp.Lex (3.0s)
✔ [1802/2337] Built Mathlib.Data.Nat.Choose.Sum (2.5s)
✔ [1803/2337] Built Mathlib.Algebra.Ring.GeomSum (2.4s)
✔ [1804/2337] Built Mathlib.Topology.Constructions.SumProd (4.3s)
✔ [1805/2337] Built Mathlib.Data.Nat.Factorization.Induction (2.0s)
✔ [1806/2337] Built Mathlib.Algebra.Module.Submodule.Basic (1.9s)
✔ [1807/2337] Built Mathlib.Data.Nat.Factorization.Basic (2.9s)
✔ [1808/2337] Built Mathlib.RingTheory.Ideal.Defs (1.8s)
✔ [1809/2337] Built Mathlib.Algebra.Module.Submodule.LinearMap (2.8s)
✔ [1810/2337] Built Mathlib.LinearAlgebra.Quotient.Defs (2.7s)
✔ [1811/2338] Built Mathlib.GroupTheory.Archimedean (1.0s)
✔ [1812/2338] Built Mathlib.Algebra.Module.Submodule.Lattice (3.6s)
✔ [1813/2338] Built Mathlib.Algebra.Order.Archimedean.Real.Basic (2.4s)
✔ [1814/2338] Built Mathlib.Algebra.MonoidAlgebra.Division (1.9s)
✔ [1815/2338] Built Mathlib.Order.Filter.AtTopBot.Archimedean (2.3s)
✔ [1816/2338] Built Mathlib.Algebra.MonoidAlgebra.Lift (2.1s)
✔ [1817/2338] Built Mathlib.GroupTheory.FreeAbelianGroup (3.8s)
✔ [1818/2338] Built Mathlib.Tactic.CategoryTheory.BicategoryCoherence (2.0s)
✔ [1819/2338] Built Mathlib.SetTheory.Cardinal.Cofinality.Basic (1.9s)
✔ [1820/2338] Built Mathlib.Algebra.GroupWithZero.Submonoid.Pointwise (1.9s)
✔ [1821/2338] Built Mathlib.Algebra.Order.Antidiag.Pi (2.9s)
✔ [1822/2338] Built Mathlib.Algebra.Ring.Submonoid.Pointwise (2.1s)
✔ [1823/2338] Built Mathlib.Algebra.Group.Submonoid.Units (3.0s)
✔ [1824/2338] Built Mathlib.Algebra.Order.Ring.GeomSum (1.9s)
✔ [1825/2338] Built Mathlib.Algebra.Group.Subgroup.Pointwise (3.2s)
✔ [1826/2338] Built Mathlib.Algebra.Field.GeomSum (1.8s)
✔ [1827/2338] Built Mathlib.Data.Finsupp.Lex (2.6s)
✔ [1828/2338] Built Mathlib.Topology.Algebra.Monoid.Defs (1.7s)
✔ [1829/2338] Built Mathlib.LinearAlgebra.Quotient.Card (1.4s)
✔ [1830/2338] Built Mathlib.Order.SuccPred.InitialSeg (1.3s)
✔ [1831/2338] Built Mathlib.Algebra.MonoidAlgebra.MapDomain (5.8s)
✔ [1832/2338] Built Mathlib.RingTheory.Ideal.Quotient.Defs (1.9s)
✔ [1833/2338] Built Mathlib.RingTheory.Ideal.Lattice (1.7s)
✔ [1834/2338] Built Mathlib.LinearAlgebra.Finsupp.LSum (3.5s)
✔ [1835/2338] Built Mathlib.Topology.Constructions (4.1s)
✔ [1836/2338] Built Mathlib.Data.Real.Pointwise (1.9s)
✔ [1837/2343] Built Mathlib.Algebra.Module.Submodule.RestrictScalars (2.5s)
✔ [1838/2343] Built Mathlib.CategoryTheory.Monoidal.Functor (14s)
✔ [1839/2343] Built Mathlib.Algebra.FreeAbelianGroup.Finsupp (2.0s)
✔ [1840/2345] Built Mathlib.Algebra.Order.Antidiag.Finsupp (2.6s)
✔ [1841/2345] Built Mathlib.LinearAlgebra.Span.Defs (3.0s)
✔ [1842/2345] Built Mathlib.Data.Nat.Choose.Factorization (2.1s)
✔ [1843/2345] Built Mathlib.Algebra.Ring.Subring.Units (1.9s)
✔ [1844/2345] Built Mathlib.Algebra.Module.Submodule.Map (5.2s)
✔ [1845/2345] Built Mathlib.Algebra.GroupWithZero.Subgroup (2.0s)
✔ [1846/2345] Built Mathlib.Topology.Algebra.Group.Defs (1.6s)
✔ [1847/2345] Built Mathlib.RingTheory.Ideal.Prime (1.7s)
✔ [1848/2346] Built Mathlib.Data.NNReal.Defs (5.1s)
✔ [1849/2346] Built Mathlib.GroupTheory.Finiteness (3.6s)
✔ [1850/2346] Built Mathlib.Topology.GDelta.Basic (1.0s)
✔ [1851/2346] Built Mathlib.Topology.Hom.ContinuousEvalConst (1.7s)
✔ [1852/2346] Built Mathlib.Algebra.MonoidAlgebra.Opposite (2.5s)
✔ [1853/2346] Built Mathlib.Algebra.Order.CauSeq.BigOperators (3.9s)
✔ [1854/2346] Built Mathlib.Topology.NhdsWithin (2.7s)
✔ [1855/2346] Built Mathlib.Order.DirSupClosed (1.0s)
✔ [1856/2346] Built Mathlib.Combinatorics.Enumerative.Partition.Basic (2.3s)
✔ [1857/2346] Built Mathlib.Data.Nat.Multiplicity (2.3s)
✔ [1858/2346] Built Mathlib.Algebra.Module.Submodule.Invariant (2.6s)
✔ [1859/2346] Built Mathlib.GroupTheory.Divisible (2.4s)
✔ [1860/2347] Built Mathlib.Algebra.Module.Submodule.Ker (3.1s)
✔ [1861/2347] Built Mathlib.CategoryTheory.Monoidal.Free.Basic (4.2s)
✔ [1862/2347] Built Mathlib.GroupTheory.QuotientGroup.Basic (6.7s)
✔ [1863/2347] Built Mathlib.Data.NNReal.Basic (2.5s)
✔ [1864/2353] Built Mathlib.Topology.Baire.Lemmas (1.8s)
✔ [1865/2353] Built Mathlib.Topology.Hom.ContinuousEval (1.6s)
✔ [1866/2353] Built Mathlib.LinearAlgebra.AffineSpace.AffineSubspace.Defs (4.8s)
✔ [1867/2353] Built Mathlib.Algebra.MonoidAlgebra.NoZeroDivisors (2.2s)
✔ [1868/2354] Built Mathlib.Data.ENNReal.Basic (3.9s)
✔ [1869/2354] Built Mathlib.Order.IsNormal (2.6s)
✔ [1870/2354] Built Mathlib.Topology.ContinuousOn (3.1s)
✔ [1871/2354] Built Mathlib.Algebra.CharP.Lemmas (2.5s)
✔ [1872/2359] Built Mathlib.Algebra.Module.Submodule.EqLocus (2.0s)
✔ [1873/2359] Built Mathlib.Topology.Algebra.ContinuousMonoidHom (5.4s)
✔ [1874/2359] Built Mathlib.Logic.Small.List (1.5s)
✔ [1875/2359] Built Mathlib.Algebra.Module.Submodule.Range (3.4s)
✔ [1876/2359] Built Mathlib.GroupTheory.QuotientGroup.Finite (1.7s)
✔ [1877/2359] Built Mathlib.Tactic.CategoryTheory.Coherence (2.2s)
✔ [1878/2359] Built Mathlib.Tactic.Linarith.NNRealPreprocessor (1.9s)
✔ [1879/2359] Built Mathlib.Analysis.Normed.Group.Seminorm (5.0s)
✔ [1880/2359] Built Mathlib.Data.ENNReal.Lemmas (1.7s)
✔ [1881/2359] Built Mathlib.Data.Real.ENatENNReal (1.0s)
✔ [1882/2359] Built Mathlib.Algebra.Algebra.Basic (4.6s)
✔ [1883/2359] Built Mathlib.Data.ENNReal.Real (2.4s)
✔ [1884/2359] Built Mathlib.Topology.LocallyFinite (1.8s)
✔ [1885/2359] Built Mathlib.Topology.Semicontinuity.Defs (3.2s)
✔ [1886/2359] Built Mathlib.Topology.Coherent (2.4s)
✔ [1887/2359] Built Mathlib.Topology.Order.LocalExtr (3.1s)
✔ [1888/2359] Built Mathlib.GroupTheory.Index (6.5s)
✔ [1889/2361] Built Mathlib.Topology.UniformSpace.Basic (4.4s)
✔ [1890/2361] Built Mathlib.Topology.Bases (4.7s)
✔ [1891/2361] Built Mathlib.Topology.Compactness.Compact (4.6s)
✔ [1892/2361] Built Mathlib.Topology.Order.LeftRight (2.8s)
✔ [1893/2361] Built Mathlib.Topology.Inseparable (4.0s)
✔ [1894/2365] Built Mathlib.Topology.Clopen (1.8s)
✔ [1895/2365] Built Mathlib.Topology.Piecewise (1.9s)
✔ [1896/2365] Built Mathlib.Topology.PartialHomeomorph.Defs (2.4s)
✔ [1897/2365] Built Mathlib.SetTheory.Ordinal.Basic (6.1s)
✔ [1898/2366] Built Mathlib.Algebra.CharP.Frobenius (2.0s)
✔ [1899/2366] Built Mathlib.Algebra.Module.LinearMap.DivisionRing (1.7s)
✔ [1900/2366] Built Mathlib.Tactic.Algebra.Lemmas (1.9s)
✔ [1901/2366] Built Mathlib.LinearAlgebra.Finsupp.Supported (2.4s)
✔ [1902/2366] Built Mathlib.Topology.UniformSpace.DiscreteUniformity (1.6s)
✔ [1903/2366] Built Mathlib.Algebra.Module.Submodule.Pointwise (3.3s)
✔ [1904/2367] Built Mathlib.Topology.UniformSpace.Compact (1.7s)
✔ [1905/2367] Built Mathlib.Topology.Compactness.Bases (1.8s)
✔ [1906/2367] Built Mathlib.Algebra.Module.Submodule.Equiv (3.6s)
✔ [1907/2368] Built Mathlib.Topology.Compactness.LocallyFinite (1.8s)
✔ [1908/2368] Built Mathlib.Algebra.Algebra.Hom (3.5s)
✔ [1909/2368] Built Mathlib.Topology.Compactness.LocallyCompact (1.9s)
✔ [1910/2368] Built Mathlib.Data.ENNReal.Operations (3.4s)
✔ [1911/2368] Built Mathlib.Topology.Algebra.Indicator (1.6s)
✔ [1912/2368] Built Mathlib.Topology.NhdsKer (1.8s)
✔ [1913/2368] Built Mathlib.SetTheory.Ordinal.Univ (1.7s)
✔ [1914/2368] Built Mathlib.Topology.OpenPartialHomeomorph.Defs (1.9s)
✔ [1915/2368] Built Mathlib.Algebra.Module.Submodule.Finsupp (1.9s)
✔ [1916/2368] Built Mathlib.RingTheory.Congruence.Basic (2.7s)
✔ [1917/2368] Built Mathlib.SetTheory.Ordinal.Arithmetic (4.1s)
✔ [1918/2368] Built Mathlib.Data.ENNReal.Action (2.3s)
✔ [1919/2368] Built Mathlib.Tactic.Algebra.Basic (4.8s)
✔ [1920/2368] Built Mathlib.LinearAlgebra.Finsupp.LinearCombination (4.7s)
✔ [1921/2369] Built Mathlib.LinearAlgebra.Span.Basic (5.3s)
✔ [1922/2369] Built Mathlib.Topology.Compactness.SigmaCompact (2.3s)
✔ [1923/2369] Built Mathlib.Topology.Compactness.NhdsKer (2.1s)
✔ [1924/2369] Built Mathlib.Topology.Separation.Basic (3.4s)
✔ [1925/2369] Built Mathlib.Algebra.Algebra.NonUnitalHom (6.6s)
✔ [1926/2369] Built Mathlib.RingTheory.Congruence.Opposite (2.2s)
✔ [1927/2369] Built Mathlib.Data.ENNReal.Inv (4.4s)
✔ [1928/2370] Built Mathlib.Data.EReal.Basic (4.2s)
✔ [1929/2370] Built Mathlib.GroupTheory.OrderOfElement (12s)
✔ [1930/2370] Built Mathlib.Algebra.Algebra.Equiv (7.9s)
✔ [1931/2370] Built Mathlib.Tactic.Algebra.AlgebraNF (1.7s)
✔ [1932/2370] Built Mathlib.SetTheory.Ordinal.Family (3.2s)
✔ [1933/2370] Built Mathlib.Topology.Compactness.Lindelof (2.6s)
✔ [1934/2370] Built Mathlib.RingTheory.Ideal.Span (2.8s)
✔ [1935/2370] Built Mathlib.LinearAlgebra.Finsupp.Span (2.0s)
✔ [1936/2370] Built Mathlib.Topology.AlexandrovDiscrete (2.3s)
✔ [1937/2370] Built Mathlib.RingTheory.TwoSidedIdeal.Basic (2.9s)
✔ [1938/2370] Built Mathlib.Topology.DiscreteSubset (3.2s)
✔ [1939/2370] Built Mathlib.Data.ENNReal.BigOperators (2.6s)
✔ [1940/2371] Built Mathlib.LinearAlgebra.Basis.Defs (5.8s)
✔ [1941/2371] Built Mathlib.LinearAlgebra.LinearIndependent.Defs (5.0s)
✔ [1942/2371] Built Mathlib.LinearAlgebra.BilinearMap (13s)
✔ [1943/2371] Built Mathlib.Algebra.Algebra.Prod (2.2s)
✔ [1944/2371] Built Mathlib.Algebra.Algebra.Opposite (3.6s)
✔ [1945/2371] Built Mathlib.Topology.EMetricSpace.Defs (4.6s)
✔ [1946/2372] Built Mathlib.GroupTheory.Perm.Finite (2.4s)
✔ [1947/2372] Built Mathlib.Data.EReal.Operations (5.3s)
✔ [1948/2372] Built Mathlib.SetTheory.Ordinal.Enum (2.0s)
✔ [1949/2372] Built Mathlib.SetTheory.Ordinal.Exponential (2.7s)
✔ [1950/2372] Built Mathlib.Algebra.Algebra.Tower (4.5s)
✔ [1951/2372] Built Mathlib.GroupTheory.NoncommPiCoprod (3.4s)
✔ [1952/2372] Built Mathlib.Data.ZMod.Basic (4.3s)
✔ [1953/2372] Built Mathlib.RingTheory.Ideal.Maximal (2.3s)
✔ [1954/2372] Built Mathlib.SetTheory.Cardinal.Cofinality.Enum (2.8s)
✔ [1955/2372] Built Mathlib.RingTheory.TwoSidedIdeal.Lattice (2.0s)
✔ [1956/2372] Built Mathlib.Algebra.Field.Equiv (1.4s)
✔ [1957/2372] Built Mathlib.Topology.Irreducible (2.4s)
✔ [1958/2372] Built Mathlib.Algebra.Module.Submodule.Bilinear (1.0s)
✔ [1959/2372] Built Mathlib.Algebra.Algebra.Pi (3.0s)
✔ [1960/2372] Built Mathlib.Algebra.MonoidAlgebra.Module (5.3s)
✔ [1961/2372] Built Mathlib.Data.EReal.Inv (3.4s)
✔ [1962/2372] Built Mathlib.SetTheory.Ordinal.FixedPoint (2.8s)
✔ [1963/2372] Built Mathlib.LinearAlgebra.Dual.Defs (4.6s)
✔ [1964/2372] Built Mathlib.GroupTheory.Perm.Cycle.Basic (4.1s)
✔ [1965/2372] Built Mathlib.LinearAlgebra.LinearIndependent.Basic (5.7s)
✔ [1966/2372] Built Mathlib.Topology.MetricSpace.Pseudo.Defs (5.2s)
✔ [1967/2372] Built Mathlib.Algebra.Algebra.RestrictScalars (1.9s)
✔ [1968/2372] Built Mathlib.Data.ZMod.IntUnitsPower (1.9s)
✔ [1969/2372] Built Mathlib.Algebra.Algebra.NonUnitalSubalgebra (13s)
✔ [1970/2372] Built Mathlib.RingTheory.Ideal.Nonunits (1.8s)
✔ [1971/2372] Built Mathlib.Tactic.Algebraize (2.2s)
✔ [1972/2372] Built Mathlib.RingTheory.Ideal.Basic (2.1s)
✔ [1973/2372] Built Mathlib.RingTheory.TwoSidedIdeal.Kernel (1.7s)
✔ [1974/2372] Built Mathlib.RingTheory.SimpleRing.Defs (1.4s)
✔ [1975/2372] Built Mathlib.Topology.Separation.Hausdorff (2.1s)
✔ [1976/2372] Built Mathlib.LinearAlgebra.Prod (8.2s)
✔ [1977/2372] Built Mathlib.Algebra.MonoidAlgebra.Support (2.1s)
✔ [1978/2372] Built Mathlib.SetTheory.Ordinal.Principal (2.3s)
✔ [1979/2372] Built Mathlib.GroupTheory.Perm.Cycle.Factors (2.0s)
✔ [1980/2376] Built Mathlib.GroupTheory.Perm.Closure (1.9s)
✔ [1981/2376] Built Mathlib.LinearAlgebra.Basis.Basic (2.5s)
✔ [1982/2376] Built Mathlib.Topology.MetricSpace.Defs (2.0s)
✔ [1983/2376] Built Mathlib.Topology.MetricSpace.Pseudo.Constructions (2.4s)
✔ [1984/2376] Built Mathlib.Algebra.Polynomial.Basic (4.8s)
✔ [1985/2376] Built Mathlib.Algebra.Ring.NegOnePow (1.6s)
✔ [1986/2376] Built Mathlib.RingTheory.Finiteness.Defs (1.7s)
✔ [1987/2376] Built Mathlib.RingTheory.SimpleRing.Basic (1.4s)
✔ [1988/2376] Built Mathlib.LinearAlgebra.TensorProduct.Defs (6.4s)
✔ [1989/2376] Built Mathlib.Topology.Compactness.CompactlyCoherentSpace (1.5s)
✔ [1990/2376] Built Mathlib.Dynamics.FixedPoints.Topology (1.4s)
✔ [1991/2376] Built Mathlib.Topology.ContinuousMap.Basic (2.6s)
✔ [1992/2376] Built Mathlib.Tactic.Module (10s)
✔ [1993/2378] Built Mathlib.Topology.Algebra.Support (2.5s)
✔ [1994/2378] Built Mathlib.Topology.Algebra.InfiniteSum.Defs (2.4s)
✔ [1995/2378] Built Mathlib.Algebra.Star.StarAlgHom (8.0s)
✔ [1996/2378] Built Mathlib.Algebra.MonoidAlgebra.Basic (8.3s)
✔ [1997/2378] Built Mathlib.Topology.Order.OrderClosed (4.0s)
✔ [1998/2378] Built Mathlib.GroupTheory.OreLocalization.OreSet (1.2s)
✔ [1999/2378] Built Mathlib.Algebra.Star.Module (3.4s)
✔ [2000/2378] Built Mathlib.RingTheory.AlgebraTower (2.5s)
✔ [2001/2378] Built Mathlib.LinearAlgebra.FreeModule.Basic (2.5s)
✔ [2002/2378] Built Mathlib.SetTheory.Cardinal.Aleph (3.6s)
✔ [2003/2378] Built Mathlib.GroupTheory.Perm.Cycle.Type (3.5s)
✔ [2004/2378] Built Mathlib.LinearAlgebra.Pi (5.2s)
✔ [2005/2378] Built Mathlib.Algebra.MonoidAlgebra.Degree (4.2s)
✔ [2006/2378] Built Mathlib.LinearAlgebra.Basis.SMul (2.0s)
✔ [2007/2378] Built Mathlib.Algebra.Polynomial.Coeff (3.1s)
✔ [2008/2378] Built Mathlib.Algebra.Polynomial.Monomial (1.8s)
✔ [2009/2379] Built Mathlib.Algebra.Field.NegOnePow (1.7s)
✔ [2010/2379] Built Mathlib.Algebra.Algebra.IsSimpleRing (1.4s)
✔ [2011/2379] Built Mathlib.Algebra.Polynomial.Eval.Defs (3.3s)
✔ [2012/2379] Built Mathlib.Algebra.Ring.Periodic (2.0s)
✔ [2013/2379] Built Mathlib.Algebra.Field.Subfield.Basic (3.4s)
✔ [2014/2379] Built Mathlib.Topology.Sets.Opens (2.7s)
✔ [2015/2379] Built Mathlib.Topology.Order.Lattice (2.3s)
✔ [2016/2379] Built Mathlib.LinearAlgebra.Ray (4.8s)
✔ [2017/2379] Built Mathlib.Topology.Algebra.InfiniteSum.Basic (4.6s)
✔ [2018/2379] Built Mathlib.Topology.Connected.Basic (2.6s)
✔ [2019/2379] Built Mathlib.LinearAlgebra.LinearPMap (10s)
✔ [2020/2379] Built Mathlib.LinearAlgebra.Basis.Prod (1.8s)
✔ [2021/2379] Built Mathlib.Topology.Order.Basic (5.3s)
✔ [2022/2379] Built Mathlib.LinearAlgebra.TensorProduct.Basic (7.4s)
✔ [2023/2379] Built Mathlib.Algebra.Algebra.Subalgebra.Basic (8.2s)
✔ [2024/2379] Built Mathlib.SetTheory.Cardinal.Arithmetic (2.7s)
✔ [2025/2379] Built Mathlib.LinearAlgebra.Basis.Fin (2.5s)
✔ [2026/2379] Built Mathlib.GroupTheory.OreLocalization.Basic (5.7s)
✔ [2027/2379] Built Mathlib.GroupTheory.Perm.Fin (3.7s)
✔ [2028/2379] Built Mathlib.RingTheory.Finiteness.Basic (3.0s)
✔ [2029/2384] Built Mathlib.LinearAlgebra.Finsupp.Pi (2.9s)
✔ [2030/2384] Built Mathlib.Algebra.Polynomial.Degree.Defs (2.7s)
✔ [2031/2384] Built Mathlib.Algebra.Polynomial.Eval.Coeff (2.3s)
✔ [2032/2384] Built Mathlib.LinearAlgebra.LinearIndependent.Lemmas (6.0s)
✔ [2033/2384] Built Mathlib.Algebra.Polynomial.Eval.Algebra (1.7s)
✔ [2034/2384] Built Mathlib.LinearAlgebra.Quotient.Basic (4.7s)
✔ [2035/2384] Built Mathlib.Data.Nat.Periodic (1.4s)
✔ [2036/2384] Built Mathlib.Algebra.Field.Periodic (1.9s)
✔ [2037/2384] Built Mathlib.Topology.Sets.Closeds (2.5s)
✔ [2038/2384] Built Mathlib.Topology.Instances.Sign (1.8s)
✔ [2039/2384] Built Mathlib.Topology.Connected.Clopen (3.1s)
✔ [2040/2384] Built Mathlib.Topology.Order.LeftRightNhds (3.1s)
✔ [2041/2384] Built Mathlib.Topology.Order.ProjIcc (2.0s)
✔ [2042/2384] Built Mathlib.Topology.Instances.Discrete (1.5s)
✔ [2043/2384] Built Mathlib.Topology.Order.MonotoneConvergence (1.0s)
✔ [2044/2384] Built Mathlib.Data.Matrix.Basic (10s)
✔ [2045/2388] Built Mathlib.SetTheory.Cardinal.Ordinal (1.9s)
✔ [2046/2388] Built Mathlib.LinearAlgebra.AffineSpace.AffineMap (10s)
✔ [2047/2388] Built Mathlib.SetTheory.Cardinal.Cofinality.Ordinal (2.6s)
✔ [2048/2388] Built Mathlib.LinearAlgebra.Multilinear.Basic (10s)
✔ [2049/2388] Built Mathlib.RingTheory.OreLocalization.Basic (2.3s)
✔ [2050/2388] Built Mathlib.RingTheory.Noetherian.Defs (2.1s)
✔ [2051/2388] Built Mathlib.Algebra.Polynomial.Degree.Monomial (1.9s)
✔ [2052/2388] Built Mathlib.Algebra.Polynomial.Degree.Operations (3.2s)
✔ [2053/2388] Built Mathlib.LinearAlgebra.Isomorphisms (3.2s)
✔ [2054/2388] Built Mathlib.RingTheory.Ideal.Quotient.Basic (3.3s)
✔ [2055/2388] Built Mathlib.Algebra.Order.ToIntervalMod (11s)
✔ [2056/2388] Built Mathlib.Data.Nat.Totient (2.6s)
✔ [2057/2388] Built Mathlib.GroupTheory.MonoidLocalization.Basic (6.9s)
✔ [2058/2388] Built Mathlib.Algebra.Star.NonUnitalSubalgebra (22s)
✔ [2059/2388] Built Mathlib.Topology.Connected.LocallyConnected (2.1s)
✔ [2060/2388] Built Mathlib.Topology.Connected.TotallyDisconnected (2.4s)
✔ [2061/2388] Built Mathlib.Topology.Separation.Regular (3.1s)
✔ [2062/2388] Built Mathlib.LinearAlgebra.DFinsupp (7.1s)
✔ [2063/2388] Built Mathlib.Topology.Order.MonotoneContinuity (2.6s)
✔ [2064/2388] Built Mathlib.Algebra.Group.TypeTags.Pointwise (1.5s)
✔ [2065/2388] Built Mathlib.Topology.Algebra.Order.Group (3.4s)
✔ [2066/2388] Built Mathlib.Algebra.Exact.Basic (9.1s)
✔ [2067/2388] Built Mathlib.Topology.Order.IsLUB (4.0s)
✔ [2068/2388] Built Mathlib.Data.Matrix.Basis (3.0s)
✔ [2069/2388] Built Mathlib.SetTheory.Ordinal.FundamentalSequence (2.4s)
✔ [2070/2388] Built Mathlib.RingTheory.OreLocalization.NonZeroDivisors (2.1s)
✔ [2071/2388] Built Mathlib.LinearAlgebra.Projection (8.9s)
✔ [2072/2388] Built Mathlib.Algebra.Polynomial.Degree.Support (2.3s)
✔ [2073/2388] Built Mathlib.GroupTheory.MonoidLocalization.Divisibility (1.5s)
✔ [2074/2390] Built Mathlib.Algebra.Polynomial.Degree.Domain (1.9s)
✔ [2075/2390] Built Mathlib.Algebra.Polynomial.Degree.SmallDegree (2.8s)
✔ [2076/2390] Built Mathlib.LinearAlgebra.TensorProduct.Map (14s)
✔ [2077/2390] Built Mathlib.Topology.Order.T5 (1.8s)
✔ [2078/2390] Built Mathlib.Topology.DenseEmbedding (2.3s)
✔ [2079/2390] Built Mathlib.Topology.CompactOpen (3.1s)
✔ [2080/2390] Built Mathlib.Topology.UniformSpace.Separation (2.4s)
✔ [2081/2390] Built Mathlib.Topology.Order.AtTopBotIxx (9.5s)
✔ [2082/2390] Built Mathlib.Topology.Algebra.Order.Archimedean (2.6s)
✔ [2083/2390] Built Mathlib.RingTheory.Finiteness.Finsupp (2.6s)
✔ [2084/2390] Built Mathlib.GroupTheory.MonoidLocalization.Maps (5.0s)
✔ [2085/2390] Built Mathlib.Topology.Order.Monotone (2.9s)
✔ [2086/2390] Built Mathlib.Data.Finsupp.Weight (4.7s)
✔ [2087/2390] Built Mathlib.Topology.Order.DenselyOrdered (2.9s)
✔ [2088/2390] Built Mathlib.Data.Matrix.Composition (2.4s)
✔ [2089/2390] Built Mathlib.LinearAlgebra.Multilinear.DFinsupp (5.7s)
✔ [2090/2390] Built Mathlib.Algebra.DirectSum.Module (5.9s)
✔ [2091/2390] Built Mathlib.LinearAlgebra.AffineSpace.AffineEquiv (10s)
✔ [2092/2391] Built Mathlib.LinearAlgebra.Matrix.ConjTranspose (3.1s)
✔ [2093/2391] Built Mathlib.SetTheory.Cardinal.Regular (2.3s)
✔ [2094/2391] Built Mathlib.Algebra.Polynomial.Eval.SMul (1.8s)
✔ [2095/2391] Built Mathlib.Algebra.EuclideanDomain.Defs (1.2s)
✔ [2096/2391] Built Mathlib.RingTheory.OreLocalization.Ring (2.7s)
✔ [2097/2391] Built Mathlib.LinearAlgebra.Finsupp.VectorSpace (2.6s)
✔ [2098/2391] Built Mathlib.Algebra.Polynomial.Degree.TrailingDegree (2.2s)
✔ [2099/2391] Built Mathlib.Algebra.Polynomial.Degree.Units (1.9s)
✔ [2100/2391] Built Mathlib.LinearAlgebra.Basis.VectorSpace (3.7s)
✔ [2101/2391] Built Mathlib.Topology.Order.Real (1.8s)
✔ [2102/2391] Built Mathlib.GroupTheory.MonoidLocalization.MonoidWithZero (2.0s)
✔ [2103/2391] Built Mathlib.Order.Filter.TendstoCofinite (2.1s)
✔ [2104/2391] Built Mathlib.Algebra.Algebra.Bilinear (3.6s)
✔ [2105/2391] Built Mathlib.Topology.MetricSpace.Pseudo.Lemmas (2.3s)
✔ [2106/2391] Built Mathlib.Topology.Order.LiminfLimsup (3.3s)
✔ [2107/2391] Built Mathlib.Topology.Homeomorph.Lemmas (3.0s)
✔ [2108/2391] Built Mathlib.Algebra.DirectSum.Finsupp (1.9s)
✔ [2109/2391] Built Mathlib.Algebra.Polynomial.Derivative (6.0s)
✔ [2110/2391] Built Mathlib.LinearAlgebra.Multilinear.Finsupp (3.4s)
✔ [2111/2391] Built Mathlib.LinearAlgebra.AffineSpace.Midpoint (2.0s)
✔ [2112/2391] Built Mathlib.LinearAlgebra.Matrix.RowCol (2.5s)
✔ [2113/2391] Built Mathlib.SetTheory.Cardinal.Pigeonhole (2.1s)
✔ [2114/2391] Built Mathlib.Algebra.EuclideanDomain.Field (1.7s)
✔ [2115/2391] Built Mathlib.Topology.Order.IntermediateValue (5.2s)
✔ [2116/2391] Built Mathlib.Data.Matrix.Block (3.9s)
✔ [2117/2391] Built Mathlib.Algebra.EuclideanDomain.Basic (2.5s)
✔ [2118/2391] Built Mathlib.Algebra.Polynomial.Eval.Degree (2.5s)
✔ [2119/2397] Built Mathlib.LinearAlgebra.StdBasis (3.2s)
✔ [2120/2397] Built Mathlib.Topology.Algebra.Constructions (1.9s)
✔ [2121/2397] Built Mathlib.LinearAlgebra.TensorProduct.Associator (9.1s)
✔ [2122/2397] Built Mathlib.Topology.NoetherianSpace (1.7s)
✔ [2123/2397] Built Mathlib.Topology.PartialHomeomorph.Basic (1.9s)
✔ [2124/2397] Built Mathlib.LinearAlgebra.AffineSpace.AffineSubspace.Basic (6.9s)
✔ [2125/2397] Built Mathlib.Topology.Maps.Proper.Basic (1.8s)
✔ [2126/2397] Built Mathlib.Analysis.Normed.Group.Defs (3.7s)
✔ [2127/2397] Built Mathlib.LinearAlgebra.Multilinear.Basis (1.8s)
✔ [2128/2397] Built Mathlib.Algebra.GroupWithZero.Submonoid.Primal (1.0s)
✔ [2129/2397] Built Mathlib.LinearAlgebra.Basis.Cardinality (2.8s)
✔ [2130/2397] Built Mathlib.LinearAlgebra.Matrix.SemiringInverse (3.5s)
✔ [2131/2397] Built Mathlib.LinearAlgebra.Matrix.StdBasis (2.7s)
✔ [2132/2397] Built Mathlib.RingTheory.Localization.Defs (6.6s)
✔ [2133/2397] Built Mathlib.Topology.Order.Compact (3.4s)
✔ [2134/2397] Built Mathlib.LinearAlgebra.Matrix.Notation (4.1s)
✔ [2135/2397] Built Mathlib.Algebra.Polynomial.Degree.Lemmas (3.4s)
✔ [2136/2397] Built Mathlib.Analysis.Convex.Segment (5.2s)
✔ [2137/2402] Built Mathlib.Topology.Algebra.Star (1.9s)
✔ [2138/2402] Built Mathlib.Algebra.Algebra.Operations (7.9s)
✔ [2139/2402] Built Mathlib.Topology.OpenPartialHomeomorph.Basic (2.0s)
✔ [2140/2403] Built Mathlib.Topology.UniformSpace.Cauchy (2.9s)
✔ [2141/2403] Built Mathlib.Topology.QuasiSeparated (2.3s)
✔ [2142/2403] Built Mathlib.LinearAlgebra.AffineSpace.Pointwise (2.5s)
✔ [2143/2403] Built Mathlib.LinearAlgebra.AffineSpace.Restrict (2.0s)
✔ [2144/2403] Built Mathlib.RingTheory.UniqueFactorizationDomain.Defs (1.6s)
✔ [2145/2403] Built Mathlib.RingTheory.Finiteness.Cardinality (1.7s)
✔ [2146/2403] Built Mathlib.RingTheory.Polynomial.Pochhammer (2.4s)
✔ [2147/2403] Built Mathlib.LinearAlgebra.AffineSpace.Combination (5.2s)
✔ [2148/2403] Built Mathlib.Tactic.ComputeDegree (2.7s)
✔ [2149/2403] Built Mathlib.Topology.Algebra.ConstMulAction (6.7s)
✔ [2150/2403] Built Mathlib.Algebra.Polynomial.EraseLead (3.1s)
✔ [2151/2403] Built Mathlib.Algebra.BigOperators.Associated (2.1s)
✔ [2152/2410] Built Mathlib.Analysis.Convex.Star (3.4s)
✔ [2153/2410] Built Mathlib.Topology.OpenPartialHomeomorph.Continuity (1.9s)
✔ [2154/2410] Built Mathlib.Topology.UniformSpace.UniformConvergence (2.7s)
✔ [2155/2410] Built Mathlib.RingTheory.Localization.Basic (6.4s)
✔ [2156/2410] Built Mathlib.Topology.UniformSpace.UniformEmbedding (3.1s)
✔ [2157/2410] Built Mathlib.Topology.Sets.Compacts (4.4s)
✔ [2158/2410] Built Mathlib.LinearAlgebra.Alternating.Basic (9.2s)
✔ [2159/2410] Built Mathlib.LinearAlgebra.AffineSpace.Centroid (2.9s)
✔ [2160/2411] Built Mathlib.Algebra.Algebra.Subalgebra.Lattice (5.7s)
✔ [2161/2411] Built Mathlib.Algebra.Polynomial.CancelLeads (2.6s)
✔ [2162/2411] Built Mathlib.RingTheory.UniqueFactorizationDomain.Basic (2.7s)
✔ [2163/2411] Built Mathlib.LinearAlgebra.AffineSpace.Independent (5.8s)
✔ [2164/2411] Built Mathlib.Topology.Algebra.MulAction (3.6s)
✔ [2165/2411] Built Mathlib.Algebra.Polynomial.Reverse (2.4s)
✔ [2166/2411] Built Mathlib.Algebra.Polynomial.Inductions (2.5s)
✔ [2167/2411] Built Mathlib.RingTheory.Ideal.Operations (8.1s)
✔ [2168/2411] Built Mathlib.Tactic.NormNum.IsCoprime (1.9s)
✔ [2169/2411] Built Mathlib.Topology.UniformSpace.LocallyUniformConvergence (1.9s)
✔ [2170/2411] Built Mathlib.Topology.UniformSpace.CompleteSeparated (1.7s)
✔ [2171/2411] Built Mathlib.Topology.UniformSpace.Pi (1.8s)
✔ [2172/2411] Built Mathlib.Algebra.Algebra.Subalgebra.Tower (2.2s)
✔ [2173/2411] Built Mathlib.Analysis.Convex.Basic (4.0s)
✔ [2174/2411] Built Mathlib.Algebra.Algebra.Subalgebra.Directed (2.7s)
✔ [2175/2411] Built Mathlib.RingTheory.UniqueFactorizationDomain.FactorSet (3.2s)
✔ [2176/2411] Built Mathlib.RingTheory.UniqueFactorizationDomain.NormalizedFactors (2.6s)
✔ [2177/2411] Built Mathlib.Tactic.NormNum.IsSquare (3.0s)
✔ [2178/2411] Built Mathlib.LinearAlgebra.Matrix.Determinant.Basic (5.9s)
✔ [2179/2411] Built Mathlib.Algebra.Polynomial.AlgebraMap (5.8s)
✔ [2180/2411] Built Mathlib.RingTheory.Localization.FractionRing (7.3s)
✔ [2181/2411] Built Mathlib.Algebra.MvPolynomial.Basic (6.3s)
✔ [2182/2411] Built Mathlib.LinearAlgebra.AffineSpace.Basis (4.2s)
✔ [2183/2411] Built Mathlib.RingTheory.UniqueFactorizationDomain.Ideal (1.9s)
✔ [2184/2411] Built Mathlib.Algebra.Polynomial.Monic (2.7s)
✔ [2185/2411] Built Mathlib.Topology.UniformSpace.UniformApproximation (1.8s)
✔ [2186/2411] Built Mathlib.LinearAlgebra.AffineSpace.Simplex.Basic (5.7s)
✔ [2187/2411] Built Mathlib.Topology.Metrizable.Basic (2.0s)
✔ [2188/2411] Built Mathlib.Topology.UniformSpace.Equiv (2.8s)
✔ [2189/2411] Built Mathlib.Topology.EMetricSpace.Basic (4.1s)
✔ [2190/2411] Built Mathlib.Analysis.Convex.Hull (2.7s)
✔ [2191/2411] Built Mathlib.Topology.Algebra.Monoid (6.4s)
✔ [2192/2411] Built Mathlib.RingTheory.UniqueFactorizationDomain.Finite (2.1s)
✔ [2193/2411] Built Mathlib.RingTheory.UniqueFactorizationDomain.GCDMonoid (2.2s)
✔ [2194/2412] Built Mathlib.LinearAlgebra.Matrix.Determinant.Bird.Correctness (2.0s)
✔ [2195/2412] Built Mathlib.RingTheory.Polynomial.Tower (2.4s)
✔ [2196/2412] Built Mathlib.RingTheory.Algebraic.Defs (2.3s)
✔ [2197/2412] Built Mathlib.RingTheory.Noetherian.UniqueFactorizationDomain (1.9s)
✔ [2198/2412] Built Mathlib.RingTheory.Adjoin.Polynomial.Basic (2.4s)
✔ [2199/2412] Built Mathlib.RingTheory.Ideal.Maps (7.0s)
✔ [2200/2412] Built Mathlib.LinearAlgebra.TensorProduct.Tower (26s)
✔ [2201/2412] Built Mathlib.Analysis.Convex.Function (7.7s)
✔ [2202/2412] Built Mathlib.Topology.Sequences (2.6s)
✔ [2203/2412] Built Mathlib.Algebra.Polynomial.BigOperators (3.4s)
✔ [2204/2412] Built Mathlib.Topology.UniformSpace.AbstractCompletion (4.6s)
✔ [2205/2412] Built Mathlib.Topology.MetricSpace.Cauchy (4.1s)
✔ [2206/2412] Built Mathlib.Algebra.Polynomial.Div (5.9s)
✔ [2207/2412] Built Mathlib.Topology.EMetricSpace.Pi (3.0s)
✔ [2208/2412] Built Mathlib.Topology.MetricSpace.Pseudo.Basic (4.8s)
✔ [2209/2415] Built Mathlib.Algebra.MvPolynomial.Eval (7.0s)
✔ [2210/2415] Built Mathlib.Topology.UniformSpace.UniformConvergenceTopology (6.3s)
✔ [2211/2415] Built Mathlib.Topology.Algebra.Monoid.FunOnFinite (2.3s)
✔ [2212/2415] Built Mathlib.Topology.Algebra.Group.Torsor (3.2s)
✔ [2213/2415] Built Mathlib.Data.Fintype.Parity (1.8s)
✔ [2214/2415] Built Mathlib.Topology.Algebra.GroupWithZero (3.4s)
✔ [2215/2415] Built Mathlib.Tactic.NormDet (2.6s)
✔ [2216/2415] Built Mathlib.Algebra.Star.Subalgebra (13s)
✔ [2217/2415] Built Mathlib.Algebra.Algebra.Subalgebra.Operations (2.5s)
✔ [2218/2415] Built Mathlib.RingTheory.Ideal.Prod (2.3s)
✔ [2219/2415] Built Mathlib.Topology.UniformSpace.Real (1.9s)
✔ [2220/2415] Built Mathlib.Algebra.Algebra.Spectrum.Basic (4.2s)
✔ [2221/2415] Built Mathlib.Topology.UniformSpace.Completion (2.7s)
✔ [2222/2415] Built Mathlib.Topology.MetricSpace.Pseudo.Pi (2.3s)
✔ [2223/2415] Built Mathlib.Data.Int.Range (1.2s)
✔ [2224/2415] Built Mathlib.Algebra.Polynomial.RingDivision (2.0s)
✔ [2225/2415] Built Mathlib.Topology.EMetricSpace.Diam (2.3s)
✔ [2226/2415] Built Mathlib.Analysis.Convex.Combination (9.9s)
✔ [2227/2415] Built Mathlib.LinearAlgebra.DirectSum.TensorProduct (5.0s)
✔ [2228/2415] Built Mathlib.Algebra.MvPolynomial.Rename (3.2s)
✔ [2229/2418] Built Mathlib.Topology.Algebra.Group.Basic (10s)
✔ [2230/2418] Built Mathlib.Topology.UniformSpace.Equicontinuity (2.7s)
✔ [2231/2418] Built Mathlib.Topology.Algebra.Affine (2.5s)
✔ [2232/2418] Built Mathlib.Topology.UniformSpace.CompactConvergence (3.2s)
✔ [2233/2418] Built Mathlib.NumberTheory.MulChar.Basic (3.9s)
✔ [2234/2418] Built Mathlib.RingTheory.Noetherian.Basic (3.6s)
✔ [2235/2418] Built Mathlib.RingTheory.PrincipalIdealDomain (2.0s)
✔ [2236/2419] Built Mathlib.Topology.MetricSpace.ProperSpace (2.1s)
✔ [2237/2419] Built Mathlib.Topology.MetricSpace.Pseudo.Real (2.1s)
✔ [2238/2419] Built Mathlib.Topology.MetricSpace.Basic (2.8s)
✔ [2239/2419] Built Mathlib.Topology.EMetricSpace.Lipschitz (2.9s)
✔ [2240/2419] Built Mathlib.Algebra.FreeMonoid.UniqueProds (1.9s)
✔ [2241/2420] Built Mathlib.Algebra.Star.Unitary (5.7s)
✔ [2242/2420] Built Mathlib.Algebra.MvPolynomial.Degrees (3.6s)
✔ [2243/2420] Built Mathlib.Topology.Algebra.Group.GroupTopology (2.7s)
✔ [2244/2420] Built Mathlib.Topology.Algebra.Group.Pointwise (4.0s)
✔ [2245/2420] Built Mathlib.LinearAlgebra.DirectSum.Finsupp (4.5s)
✔ [2246/2420] Built Mathlib.Analysis.Convex.Jensen (5.6s)
✔ [2247/2420] Built Mathlib.Algebra.Polynomial.Roots (6.2s)
✔ [2248/2420] Built Mathlib.Topology.UniformSpace.HeineCantor (1.8s)
✔ [2249/2420] Built Mathlib.Topology.MetricSpace.Equicontinuity (1.8s)
✔ [2250/2420] Built Mathlib.RingTheory.EuclideanDomain (1.8s)
✔ [2251/2420] Built Mathlib.NumberTheory.LegendreSymbol.ZModChar (2.3s)
✔ [2252/2420] Built Mathlib.Algebra.Field.ZMod (1.5s)
✔ [2253/2420] Built Mathlib.Topology.Algebra.IsUniformGroup.Defs (5.0s)
✔ [2254/2420] Built Mathlib.Topology.Metrizable.Uniformity (2.2s)
✔ [2255/2420] Built Mathlib.Data.ZMod.ValMinAbs (1.9s)
✔ [2256/2420] Built Mathlib.Topology.MetricSpace.Bounded (3.5s)
✔ [2257/2420] Built Mathlib.Algebra.FreeAlgebra (3.1s)
✔ [2258/2420] Built Mathlib.Algebra.MvPolynomial.Variables (2.5s)
✔ [2259/2420] Built Mathlib.LinearAlgebra.TensorProduct.Basis (3.1s)
✔ [2260/2420] Built Mathlib.Topology.Algebra.Group.Quotient (2.4s)
✔ [2261/2420] Built Mathlib.RingTheory.Ideal.Quotient.Operations (13s)
✔ [2262/2420] Built Mathlib.Topology.Algebra.Ring.Basic (4.1s)
✔ [2263/2420] Built Mathlib.Analysis.Convex.Strict (3.4s)
✔ [2264/2420] Built Mathlib.Algebra.MvPolynomial.Equiv (5.4s)
✔ [2265/2421] Built Mathlib.Topology.Algebra.UniformMulAction (2.9s)
✔ [2266/2421] Built Mathlib.Topology.MetricSpace.Antilipschitz (2.6s)
✔ [2267/2421] Built Mathlib.Topology.Algebra.IsUniformGroup.Constructions (2.7s)
✔ [2268/2421] Built Mathlib.Topology.Bornology.Real (2.3s)
✔ [2269/2421] Built Mathlib.Topology.Instances.Int (2.5s)
✔ [2270/2421] Built Mathlib.Topology.MetricSpace.Lipschitz (3.1s)
✔ [2271/2425] Built Mathlib.Topology.Algebra.InfiniteSum.Group (4.3s)
✔ [2272/2425] Built Mathlib.Algebra.Polynomial.FieldDivision (4.8s)
✔ [2273/2425] Built Mathlib.Analysis.Normed.Group.Basic (8.7s)
✔ [2274/2425] Built Mathlib.Algebra.CharP.Algebra (2.4s)
✔ [2275/2425] Built Mathlib.Algebra.MvPolynomial.CommRing (2.7s)
✔ [2276/2426] Built Mathlib.Algebra.EuclideanDomain.Int (1.4s)
✔ [2277/2426] Built Mathlib.Algebra.Module.Projective (2.6s)
✔ [2278/2426] Built Mathlib.Topology.Algebra.Module.Basic (2.7s)
✔ [2279/2426] Built Mathlib.Topology.Algebra.Field (2.6s)
✔ [2280/2426] Built Mathlib.Algebra.Algebra.Subalgebra.Prod (1.8s)
✔ [2281/2426] Built Mathlib.Topology.Instances.Nat (2.1s)
✔ [2282/2429] Built Mathlib.RingTheory.Polynomial.Content (3.0s)
✔ [2283/2429] Built Mathlib.Topology.MetricSpace.Isometry (4.2s)
✔ [2284/2431] Built Mathlib.Analysis.Normed.Group.Submodule (2.3s)
✔ [2285/2431] Built Mathlib.Topology.Algebra.UniformConvergence (4.7s)
✔ [2286/2431] Built Mathlib.Analysis.Normed.Group.Subgroup (2.4s)
✔ [2287/2431] Built Mathlib.Analysis.Normed.Group.Real (2.6s)
✔ [2288/2431] Built Mathlib.Topology.Algebra.IsUniformGroup.Basic (6.3s)
✔ [2289/2431] Built Mathlib.Algebra.Module.Submodule.IterateMapComap (2.2s)
✔ [2290/2431] Built Mathlib.Analysis.Normed.Group.Constructions (4.3s)
✔ [2291/2431] Built Mathlib.Topology.Algebra.InfiniteSum.NatInt (4.7s)
✔ [2292/2431] Built Mathlib.Topology.Algebra.Order.Field (3.5s)
✔ [2293/2431] Built Mathlib.RingTheory.OrzechProperty (2.5s)
✔ [2294/2431] Built Mathlib.RingTheory.Adjoin.Basic (2.7s)
✔ [2295/2431] Built Mathlib.RingTheory.Polynomial.Basic (5.4s)
✔ [2296/2431] Built Mathlib.Topology.Algebra.FilterBasis (4.9s)
✔ [2297/2431] Built Mathlib.Topology.MetricSpace.Dilation (3.2s)
✔ [2298/2431] Built Mathlib.Topology.MetricSpace.ProperSpace.Real (1.9s)
✔ [2299/2431] Built Mathlib.Analysis.Normed.Group.Int (1.8s)
✔ [2300/2431] Built Mathlib.Topology.Algebra.Equicontinuity (1.8s)
✔ [2301/2431] Built Mathlib.Topology.Algebra.Ring.Real (2.5s)
✔ [2302/2431] Built Mathlib.Topology.MetricSpace.IsometricSMul (6.4s)
✔ [2303/2431] Built Mathlib.Topology.Algebra.InfiniteSum.Order (3.6s)
✔ [2304/2432] Built Mathlib.RingTheory.Noetherian.Orzech (2.6s)
✔ [2305/2432] Built Mathlib.Topology.Algebra.MetricSpace.Lipschitz (3.3s)
✔ [2306/2432] Built Mathlib.Topology.Algebra.InfiniteSum.Constructions (12s)
✔ [2307/2432] Built Mathlib.RingTheory.Adjoin.FG (2.4s)
✔ [2308/2432] Built Mathlib.Algebra.Polynomial.Expand (2.5s)
✔ [2309/2432] Built Mathlib.RingTheory.Polynomial.UniqueFactorization (2.6s)
✔ [2310/2432] Built Mathlib.Topology.Instances.ZMultiples (1.9s)
✔ [2311/2434] Built Mathlib.Topology.MetricSpace.DilationEquiv (2.6s)
✔ [2312/2434] Built Mathlib.Topology.Instances.AddCircle.Defs (6.5s)
✔ [2313/2436] Built Mathlib.Topology.Instances.Rat (2.6s)
✔ [2314/2436] Built Mathlib.LinearAlgebra.Matrix.ToLin (13s)
✔ [2315/2437] Built Mathlib.Topology.Algebra.Module.ContinuousLinearMap.Basic (13s)
✔ [2316/2442] Built Mathlib.RingTheory.Adjoin.Tower (1.8s)
✔ [2317/2442] Built Mathlib.LinearAlgebra.Basis.Submodule (2.3s)
✔ [2318/2442] Built Mathlib.Topology.Algebra.InfiniteSum.Ring (2.3s)
✔ [2319/2442] Built Mathlib.LinearAlgebra.InvariantBasisNumber (2.5s)
✔ [2320/2442] Built Mathlib.Analysis.Normed.Ring.Basic (9.6s)
✔ [2321/2442] Built Mathlib.Topology.UnitInterval (3.8s)
✔ [2322/2442] Built Mathlib.LinearAlgebra.Dimension.Basic (2.8s)
✔ [2323/2443] Built Mathlib.Analysis.Normed.Group.Rat (2.0s)
✔ [2324/2443] Built Mathlib.Topology.Algebra.Module.ContinuousLinearMap.RestrictScalars (2.3s)
✔ [2325/2444] Built Mathlib.Topology.Algebra.Module.ContinuousLinearMap.Restrict (2.6s)
✔ [2326/2444] Built Mathlib.RingTheory.Algebraic.Basic (4.7s)
✔ [2327/2444] Built Mathlib.LinearAlgebra.FreeModule.Finite.Basic (1.7s)
✔ [2328/2444] Built Mathlib.SetTheory.Cardinal.Finsupp (1.6s)
✔ [2329/2444] Built Mathlib.Topology.Algebra.Algebra (5.0s)
✔ [2330/2444] Built Mathlib.Analysis.Normed.Ring.Finite (1.0s)
✔ [2331/2444] Built Mathlib.Topology.Instances.NNReal.Lemmas (2.3s)
✔ [2332/2444] Built Mathlib.Topology.Algebra.Module.ContinuousLinearMap.PiProd (4.5s)
✔ [2333/2444] Built Mathlib.Topology.Algebra.SeparationQuotient.Basic (4.6s)
✔ [2334/2444] Built Mathlib.RingTheory.FiniteType (4.4s)
✔ [2335/2444] Built Mathlib.LinearAlgebra.Dimension.Subsingleton (1.6s)
✔ [2336/2444] Built Mathlib.FieldTheory.Galois.Notation (1.7s)
✔ [2337/2444] Built Mathlib.LinearAlgebra.Dimension.Finrank (1.9s)
✔ [2338/2444] Built Mathlib.LinearAlgebra.Complex.Module (7.3s)
✔ [2339/2445] Built Mathlib.Analysis.Normed.Field.Basic (4.6s)
✔ [2340/2445] Built Mathlib.Topology.ContinuousMap.Algebra (8.2s)
✔ [2341/2449] Built Mathlib.Topology.Algebra.SeparationQuotient.Section (2.4s)
✔ [2342/2449] Built Mathlib.Analysis.Real.Sqrt (3.1s)
✔ [2343/2450] Built Mathlib.Topology.Path (5.1s)
✔ [2344/2452] Built Mathlib.LinearAlgebra.FreeModule.StrongRankCondition (2.6s)
✔ [2345/2452] Built Mathlib.Topology.Instances.ENNReal.Lemmas (4.2s)
✔ [2346/2452] Built Mathlib.RingTheory.IntegralClosure.IsIntegral.Defs (2.3s)
✔ [2347/2453] Built Mathlib.LinearAlgebra.Dimension.StrongRankCondition (3.7s)
✔ [2348/2453] Built Mathlib.RingTheory.Finiteness.Bilinear (1.9s)
✔ [2349/2453] Built Mathlib.Topology.MetricSpace.Algebra (4.4s)
✔ [2350/2453] Built Mathlib.Topology.ContinuousMap.Star (2.9s)
✔ [2351/2453] Built Mathlib.Analysis.Complex.Norm (2.9s)
✔ [2352/2453] Built Mathlib.NumberTheory.Real.Irrational (2.9s)
✔ [2353/2453] Built Mathlib.RingTheory.Finiteness.Ideal (2.2s)
✔ [2354/2453] Built Mathlib.RingTheory.MvPolynomial.Tower (2.0s)
✔ [2355/2453] Built Mathlib.Topology.Connected.PathConnected (3.2s)
✔ [2356/2453] Built Mathlib.RingTheory.Ideal.Quotient.Noetherian (1.9s)
✔ [2357/2453] Built Mathlib.RingTheory.Finiteness.Subalgebra (2.3s)
✔ [2358/2453] Built Mathlib.Analysis.Normed.Group.Continuity (3.9s)
✔ [2359/2453] Built Mathlib.Analysis.Complex.Order (2.5s)
✔ [2360/2453] Built Mathlib.LinearAlgebra.Dimension.Free (3.0s)
✔ [2361/2453] Built Mathlib.Analysis.Normed.MulAction (3.5s)
✔ [2362/2453] Built Mathlib.Analysis.Complex.Exponential (3.0s)
✔ [2363/2453] Built Mathlib.Topology.Connected.LocallyPathConnected (2.6s)
✔ [2364/2455] Built Mathlib.Analysis.Convex.PathConnected (2.9s)
✔ [2365/2455] Built Mathlib.Topology.Instances.AddCircle.Real (2.2s)
✔ [2366/2458] Built Mathlib.RingTheory.FinitePresentation (4.0s)
✔ [2367/2458] Built Mathlib.Analysis.Asymptotics.Defs (9.9s)
✔ [2368/2458] Built Mathlib.RingTheory.IntegralClosure.IsIntegral.Basic (2.5s)
✔ [2369/2461] Built Mathlib.Analysis.Normed.Group.Bounded (2.4s)
✔ [2370/2461] Built Mathlib.Topology.Algebra.InfiniteSum.ENNReal (7.8s)
✔ [2371/2461] Built Mathlib.RingTheory.Localization.Integer (1.9s)
✔ [2372/2461] Built Mathlib.Analysis.Normed.Group.Uniform (4.8s)
✔ [2373/2461] Built Mathlib.Analysis.Convex.StdSimplex (3.5s)
✔ [2374/2461] Built Mathlib.FieldTheory.Minpoly.Basic (3.1s)
✔ [2375/2465] Built Mathlib.Analysis.Complex.Trigonometric (4.4s)
✔ [2376/2465] Built Mathlib.Topology.Algebra.InfiniteSum.Real (2.8s)
✔ [2377/2465] Built Mathlib.LinearAlgebra.LinearIndependent.Algebra (1.9s)
✔ [2378/2469] Built Mathlib.LinearAlgebra.Dimension.Constructions (4.8s)
✔ [2379/2469] Built Mathlib.Analysis.Normed.Order.Lattice (2.3s)
✔ [2380/2471] Built Mathlib.Topology.Algebra.Module.Equiv (17s)
✔ [2381/2471] Built Mathlib.GroupTheory.MonoidLocalization.Away (1.8s)
✔ [2382/2471] Built Mathlib.Analysis.Normed.Group.InfiniteSum (2.3s)
✔ [2383/2471] Built Mathlib.Analysis.Normed.Ring.Lemmas (3.5s)
✔ [2384/2471] Built Mathlib.Algebra.Star.TensorProduct (2.5s)
✔ [2385/2471] Built Mathlib.Topology.Semicontinuity.Basic (5.5s)
✔ [2386/2471] Built Mathlib.RingTheory.UniqueFactorizationDomain.Multiplicity (1.6s)
✔ [2387/2471] Built Mathlib.Analysis.Normed.Group.Hom (4.6s)
✔ [2388/2471] Built Mathlib.Analysis.Convex.Topology (4.0s)
✔ [2389/2472] Built Mathlib.LinearAlgebra.Dimension.Finite (2.9s)
✔ [2390/2472] Built Mathlib.RingTheory.OreLocalization.OreSet (988ms)
✔ [2391/2472] Built Mathlib.Topology.Algebra.InfiniteSum.Module (2.6s)
✔ [2392/2472] Built Mathlib.Analysis.Normed.Operator.ContinuousLinearMap (3.3s)
✔ [2393/2472] Built Mathlib.Topology.Instances.RealVectorSpace (2.0s)
✔ [2394/2472] Built Mathlib.Topology.Algebra.Algebra.Equiv (3.3s)
✔ [2395/2472] Built Mathlib.Topology.Algebra.Module.Star (3.1s)
✔ [2396/2472] Built Mathlib.Analysis.Normed.Group.FunctionSeries (2.2s)
✔ [2397/2472] Built Mathlib.Topology.Bornology.BoundedOperation (2.4s)
✔ [2398/2472] Built Mathlib.Analysis.Normed.Ring.InfiniteSum (3.6s)
✔ [2399/2472] Built Mathlib.Analysis.Normed.Field.Lemmas (3.4s)
✔ [2400/2472] Built Mathlib.Topology.Instances.EReal.Lemmas (3.2s)
✔ [2401/2472] Built Mathlib.Topology.Algebra.Module.LocallyConvex (3.2s)
✔ [2402/2472] Built Mathlib.Algebra.Ring.Int.Field (1.4s)
✔ [2403/2472] Built Mathlib.FieldTheory.Finiteness (2.1s)
✔ [2404/2472] Built Mathlib.LinearAlgebra.FreeModule.Finite.Matrix (2.7s)
✔ [2405/2473] Built Mathlib.Analysis.Asymptotics.Lemmas (7.3s)
✔ [2406/2473] Built Mathlib.Algebra.Module.LocalizedModule.Basic (15s)
✔ [2407/2474] Built Mathlib.LinearAlgebra.Dimension.RankNullity (3.7s)
✔ [2408/2475] Built Mathlib.RingTheory.Localization.Away.Basic (6.6s)
✔ [2409/2477] Built Mathlib.Tactic.ComputeAsymptotics.Lemmas (2.0s)
✔ [2410/2477] Built Mathlib.Algebra.Module.LocalizedModule.IsLocalization (2.0s)
✔ [2411/2477] Built Mathlib.Analysis.LocallyConvex.Basic (3.4s)
✔ [2412/2477] Built Mathlib.LinearAlgebra.Matrix.Symmetric (1.8s)
✔ [2413/2477] Built Mathlib.LinearAlgebra.Dimension.DivisionRing (2.8s)
✔ [2414/2479] Built Mathlib.Analysis.SpecificLimits.Basic (3.7s)
✔ [2415/2479] Built Mathlib.LinearAlgebra.Matrix.MvPolynomial (1.9s)
✔ [2416/2479] Built Mathlib.Topology.ContinuousMap.Bounded.Basic (5.9s)
✔ [2417/2480] Built Mathlib.LinearAlgebra.Matrix.Polynomial (2.1s)
✔ [2418/2482] Built Mathlib.Analysis.Normed.Module.Basic (5.9s)
✔ [2419/2482] Built Mathlib.Analysis.LocallyConvex.BalancedCoreHull (2.7s)
✔ [2420/2483] Built Mathlib.Algebra.Polynomial.Laurent (3.8s)
✔ [2421/2483] Built Mathlib.Topology.MetricSpace.Contracting (2.5s)
✔ [2422/2483] Built Mathlib.LinearAlgebra.Matrix.Reindex (2.8s)
✔ [2423/2483] Built Mathlib.RingTheory.TensorProduct.Basic (12s)
✔ [2424/2483] Built Mathlib.RingTheory.Localization.Module (4.7s)
✔ [2425/2483] Built Mathlib.Topology.MetricSpace.HausdorffDistance (3.2s)
✔ [2426/2487] Built Mathlib.LinearAlgebra.FiniteDimensional.Defs (2.5s)
✔ [2427/2487] Built Mathlib.LinearAlgebra.Matrix.Adjugate (3.2s)
✔ [2428/2487] Built Mathlib.RingTheory.Finiteness.Lattice (1.9s)
✔ [2429/2487] Built Mathlib.Analysis.Asymptotics.Theta (3.3s)
✔ [2430/2487] Built Mathlib.Analysis.Normed.Module.RCLike.Real (2.6s)
✔ [2431/2488] Built Mathlib.LinearAlgebra.Matrix.Invertible (2.9s)
✔ [2432/2491] Built Mathlib.LinearAlgebra.Matrix.Transvection (3.1s)
✔ [2433/2492] Built Mathlib.LinearAlgebra.Matrix.Trace (2.7s)
✔ [2434/2493] Built Mathlib.Topology.MetricSpace.Thickening (3.6s)
✔ [2435/2493] Built Mathlib.Analysis.SpecificLimits.Normed (6.8s)
✔ [2436/2498] Built Mathlib.Topology.MetricSpace.PiNat (4.0s)
✔ [2437/2502] Built Mathlib.Analysis.Asymptotics.AsymptoticEquivalent (3.4s)
✔ [2438/2503] Built Mathlib.Algebra.Polynomial.Identities (2.1s)
✔ [2439/2503] Built Mathlib.Analysis.Normed.Operator.LinearIsometry (23s)
✔ [2440/2503] Built Mathlib.LinearAlgebra.FiniteDimensional.Basic (4.9s)
✔ [2441/2503] Built Mathlib.RingTheory.Nilpotent.Defs (1.6s)
✔ [2442/2503] Built Mathlib.Algebra.Module.LocalizedModule.Submodule (7.9s)
✔ [2443/2503] Built Mathlib.LinearAlgebra.Matrix.Kronecker (4.5s)
✔ [2444/2505] Built Mathlib.RingTheory.IntegralClosure.Algebra.Defs (1.7s)
✔ [2445/2508] Built Mathlib.Algebra.Module.SpanRank (2.6s)
✔ [2446/2508] Built Mathlib.RingTheory.IntegralClosure.IsIntegralClosure.Defs (1.9s)
✔ [2447/2508] Built Mathlib.Analysis.Normed.Group.Pointwise (3.7s)
✔ [2448/2515] Built Mathlib.RingTheory.Nilpotent.Lemmas (1.0s)
✔ [2449/2515] Built Mathlib.RingTheory.Nilpotent.Basic (1.8s)
✔ [2450/2515] Built Mathlib.Data.Nat.Factorial.Cast (1.4s)
✔ [2451/2517] Built Mathlib.Algebra.Polynomial.Eval.Subring (1.8s)
✔ [2452/2517] Built Mathlib.Data.Nat.Choose.Vandermonde (1.9s)
✔ [2453/2521] Built Mathlib.Analysis.CStarAlgebra.Basic (3.8s)
✔ [2454/2522] Built Mathlib.Data.Nat.Choose.Cast (1.1s)
✔ [2455/2522] Built Mathlib.Analysis.Seminorm (14s)
✔ [2456/2524] Built Mathlib.Analysis.Normed.Group.Quotient (5.5s)
✔ [2457/2524] Built Mathlib.Tactic.Positivity.Finset (2.3s)
✔ [2458/2524] Built Mathlib.RingTheory.Polynomial.Nilpotent (2.2s)
✔ [2459/2524] Built Mathlib.LinearAlgebra.Matrix.NonsingularInverse (4.5s)
✔ [2460/2527] Built Mathlib.Algebra.Polynomial.Lifts (1.0s)
✔ [2461/2527] Built Mathlib.Analysis.Normed.Module.Convex (3.4s)
✔ [2462/2527] Built Mathlib.RingTheory.Polynomial.Subring (1.9s)
✔ [2463/2527] Built Mathlib.Analysis.Normed.Module.Ball.Pointwise (3.9s)
✔ [2464/2529] Built Mathlib.Tactic.Positivity (1.3s)
✔ [2465/2529] Built Mathlib.RingTheory.Ideal.BigOperators (1.4s)
✔ [2466/2530] Built Mathlib.LinearAlgebra.SModEq.Basic (3.1s)
✔ [2467/2530] Built Mathlib.RingTheory.Polynomial.Ideal (2.7s)
✔ [2468/2531] Built Mathlib.LinearAlgebra.Matrix.Block (3.4s)
✔ [2469/2532] Built Mathlib.LinearAlgebra.Dual.Basis (2.0s)
✔ [2470/2533] Built Mathlib.Analysis.LocallyConvex.Bounded (4.9s)
✔ [2471/2533] Built Mathlib.Algebra.Polynomial.HasseDeriv (3.2s)
✔ [2472/2533] Built Mathlib.Analysis.Normed.Group.AddCircle (4.2s)
✔ [2473/2533] Built Mathlib.LinearAlgebra.Matrix.SchurComplement (5.6s)
✔ [2474/2534] Built Mathlib.Algebra.CharP.Reduced (1.7s)
✔ [2475/2534] Built Mathlib.LinearAlgebra.Matrix.Action (2.2s)
✔ [2476/2536] Built Mathlib.LinearAlgebra.Matrix.Basis (3.7s)
✔ [2477/2544] Built Mathlib.LinearAlgebra.Matrix.Dual (2.2s)
✔ [2478/2546] Built Mathlib.Topology.Algebra.Module.UniformConvergence (2.5s)
✔ [2479/2546] Built Mathlib.Algebra.Order.Hom.TypeTags (1.4s)
✔ [2480/2547] Built Mathlib.Data.ZMod.Aut (1.8s)
✔ [2481/2547] Built Mathlib.Data.Nat.Factorization.LCM (1.7s)
✔ [2482/2547] Built Mathlib.RingTheory.Polynomial.Quotient (4.5s)
✔ [2483/2547] Built Mathlib.Algebra.Polynomial.Taylor (2.5s)
✔ [2484/2547] Built Mathlib.RingTheory.TensorProduct.Maps (21s)
✔ [2485/2547] Built Mathlib.GroupTheory.Subgroup.Simple (1.5s)
✔ [2486/2554] Built Mathlib.Algebra.Ring.Action.ConjAct (1.2s)
✔ [2487/2556] Built Mathlib.Analysis.RCLike.Basic (10s)
✔ [2488/2557] Built Mathlib.Data.ZMod.QuotientGroup (3.0s)
✔ [2489/2558] Built Mathlib.LinearAlgebra.Matrix.Nondegenerate (2.3s)
✔ [2490/2558] Built Mathlib.Logic.Equiv.Multiset (1.6s)
✔ [2491/2559] Built Mathlib.GroupTheory.Exponent (3.1s)
✔ [2492/2559] Built Mathlib.LinearAlgebra.Dimension.FreeAndStrongRankCondition (2.8s)
✔ [2493/2559] Built Mathlib.Algebra.Polynomial.Splits (4.7s)
✔ [2494/2559] Built Mathlib.GroupTheory.SpecificGroups.Cyclic.Basic (3.2s)
✔ [2495/2563] Built Mathlib.LinearAlgebra.Matrix.InvariantBasisNumber (2.7s)
✔ [2496/2563] Built Mathlib.Logic.Equiv.Finset (1.5s)
✔ [2497/2563] Built Mathlib.Analysis.LocallyConvex.WithSeminorms (9.1s)
✔ [2498/2563] Built Mathlib.RingTheory.Finiteness.Projective (1.5s)
✔ [2499/2565] Built Mathlib.RingTheory.MatrixAlgebra (6.6s)
✔ [2500/2565] Built Mathlib.Analysis.Complex.Basic (6.0s)
✔ [2501/2565] Built Mathlib.RingTheory.LocalRing.Defs (868ms)
✔ [2502/2572] Built Mathlib.RingTheory.Polynomial.ScaleRoots (2.3s)
✔ [2503/2572] Built Mathlib.Logic.Encodable.Pi (1.6s)
✔ [2504/2572] Built Mathlib.Topology.Algebra.Module.Spaces.UniformConvergenceCLM (9.1s)
✔ [2505/2573] Built Mathlib.LinearAlgebra.FiniteDimensional.Lemmas (3.3s)
✔ [2506/2579] Built Mathlib.GroupTheory.Congruence.BigOperators (1.9s)
✔ [2507/2579] Built Mathlib.Analysis.Complex.Asymptotics (2.2s)
✔ [2508/2579] Built Mathlib.RingTheory.LocalRing.Basic (1.8s)
✔ [2509/2579] Built Mathlib.RingTheory.TwoSidedIdeal.Operations (2.9s)
✔ [2510/2579] Built Mathlib.Data.W.Basic (1.6s)
✔ [2511/2581] Built Mathlib.RingTheory.Polynomial.IntegralNormalization (2.5s)
✔ [2512/2581] Built Mathlib.GroupTheory.SpecificGroups.Cyclic (4.0s)
✔ [2513/2581] Built Mathlib.LinearAlgebra.SesquilinearForm.Basic (8.2s)
✔ [2514/2581] Built Mathlib.RingTheory.Jacobson.Radical (3.0s)
✔ [2515/2583] Built Mathlib.Algebra.Squarefree.Basic (2.2s)
✔ [2516/2584] Built Mathlib.Data.W.Cardinal (1.7s)
✔ [2517/2585] Built Mathlib.Data.Nat.Factorization.PrimePow (1.7s)
✔ [2518/2585] Built Mathlib.Data.PNat.Prime (1.5s)
✔ [2519/2585] Built Mathlib.Analysis.SpecialFunctions.Exp (3.0s)
✔ [2520/2585] Built Mathlib.SetTheory.Cardinal.Subfield (1.8s)
✔ [2521/2585] Built Mathlib.Data.Int.WithZero (1.6s)
✔ [2522/2588] Built Mathlib.FieldTheory.RatFunc.Defs (2.3s)
✔ [2523/2588] Built Mathlib.RingTheory.Jacobson.Ideal (2.8s)
✔ [2524/2591] Built Mathlib.RingTheory.IntegralDomain (3.3s)
✔ [2525/2591] Built Mathlib.Algebra.Order.Ring.IsNonarchimedean (2.4s)
✔ [2526/2591] Built Mathlib.Algebra.Ring.Action.End (1.3s)
✔ [2527/2594] Built Mathlib.RingTheory.LocalRing.MaximalIdeal.Defs (1.9s)
✔ [2528/2594] Built Mathlib.RingTheory.Spectrum.Maximal.Defs (1.8s)
✔ [2529/2596] Built Mathlib.LinearAlgebra.Dimension.ErdosKaplansky (2.9s)
✔ [2530/2597] Built Mathlib.Analysis.SpecialFunctions.Log.Basic (3.8s)
✔ [2531/2597] Built Mathlib.LinearAlgebra.Matrix.Ideal (3.4s)
✔ [2532/2597] Built Mathlib.Analysis.SpecialFunctions.Trigonometric.Basic (5.2s)
✔ [2533/2599] Built Mathlib.FieldTheory.IntermediateField.Basic (9.2s)
✔ [2534/2599] Built Mathlib.RingTheory.LocalRing.MaximalIdeal.Basic (2.2s)
✔ [2535/2599] Built Mathlib.RingTheory.RootsOfUnity.Basic (3.8s)
✔ [2536/2602] Built Mathlib.RingTheory.Spectrum.Prime.Defs (1.5s)
✔ [2537/2604] Built Mathlib.RingTheory.Ideal.Pointwise (3.3s)
✔ [2538/2604] Built Mathlib.RingTheory.Ideal.Colon (2.0s)
✔ [2539/2609] Built Mathlib.RingTheory.SimpleRing.Matrix (1.7s)
✔ [2540/2611] Built Mathlib.RingTheory.IsTensorProduct (20s)
✔ [2541/2611] Built Mathlib.RingTheory.Ideal.Quotient.Nilpotent (1.8s)
✔ [2542/2611] Built Mathlib.RingTheory.IsPrimary (2.2s)
✔ [2543/2611] Built Mathlib.RingTheory.Localization.NumDen (2.2s)
✔ [2544/2611] Built Mathlib.Analysis.SpecialFunctions.Trigonometric.Inverse (3.7s)
✔ [2545/2612] Built Mathlib.RingTheory.Ideal.Over (3.0s)
✔ [2546/2615] Built Mathlib.Topology.Algebra.Module.Spaces.ContinuousLinearMap (15s)
✔ [2547/2615] Built Mathlib.RingTheory.PolynomialAlgebra (3.6s)
✔ [2548/2615] Built Mathlib.RingTheory.Ideal.IsPrimary (2.3s)
✔ [2549/2615] Built Mathlib.Data.SetLike.Fintype (1.8s)
✔ [2550/2615] Built Mathlib.Analysis.SpecialFunctions.Trigonometric.Angle (6.7s)
✔ [2551/2615] Built Mathlib.RingTheory.Ideal.Quotient.PowTransition (3.5s)
✔ [2552/2617] Built Mathlib.Order.Filter.Subsingleton (1.8s)
✔ [2553/2617] Built Mathlib.RingTheory.Artinian.Defs (1.7s)
✔ [2554/2617] Built Mathlib.RingTheory.TensorProduct.MonoidAlgebra (6.4s)
✔ [2555/2617] Built Mathlib.RingTheory.Ideal.MinimalPrime.Basic (2.1s)
✔ [2556/2617] Built Mathlib.RingTheory.MatrixPolynomialAlgebra (2.5s)
✔ [2557/2617] Built Mathlib.Order.Atoms.Finite (1.6s)
✔ [2558/2617] Built Mathlib.LinearAlgebra.Dual.Lemmas (11s)
✔ [2559/2617] Built Mathlib.LinearAlgebra.Matrix.SpecialLinearGroup (9.9s)
✔ [2560/2622] Built Mathlib.RingTheory.Localization.Ideal (3.5s)
✔ [2561/2626] Built Mathlib.Analysis.SpecialFunctions.Complex.Arg (3.6s)
✔ [2562/2626] Built Mathlib.Order.Filter.EventuallyConst (2.0s)
✔ [2563/2626] Built Mathlib.Order.CompactlyGenerated.Intervals (2.2s)
✔ [2564/2627] Built Mathlib.RingTheory.Spectrum.Prime.Basic (2.5s)
✔ [2565/2627] Built Mathlib.RingTheory.TensorProduct.MvPolynomial (2.9s)
✔ [2566/2627] Built Mathlib.Control.Bifunctor (1.6s)
✔ [2567/2627] Built Mathlib.LinearAlgebra.GeneralLinearGroup.AlgEquiv (2.9s)
✔ [2568/2627] Built Mathlib.LinearAlgebra.Matrix.Charpoly.Basic (3.3s)
✔ [2569/2627] Built Mathlib.Analysis.Normed.Operator.Basic (8.6s)
✔ [2570/2627] Built Mathlib.RingTheory.Spectrum.Maximal.Basic (1.8s)
✔ [2571/2627] Built Mathlib.LinearAlgebra.Matrix.GeneralLinearGroup.Defs (3.9s)
✔ [2572/2629] Built Mathlib.Logic.Equiv.Functor (1.2s)
✔ [2573/2633] Built Mathlib.RingTheory.Localization.BaseChange (11s)
✔ [2574/2633] Built Mathlib.RingTheory.KrullDimension.Basic (1.9s)
✔ [2575/2634] Built Mathlib.Analysis.SpecialFunctions.Complex.Log (2.8s)
✔ [2576/2634] Built Mathlib.RingTheory.LocalRing.RingHom.Basic (2.1s)
✔ [2577/2637] Built Mathlib.Algebra.GroupWithZero.Submonoid.Instances (1.4s)
✔ [2578/2637] Built Mathlib.Algebra.Order.GroupWithZero.WithZero (1.4s)
✔ [2579/2637] Built Mathlib.LinearAlgebra.Matrix.ToLinearEquiv (3.1s)
✔ [2580/2637] Built Mathlib.Order.JordanHolder (3.5s)
✔ [2581/2637] Built Mathlib.LinearAlgebra.Matrix.Charpoly.Coeff (4.0s)
✔ [2582/2640] Built Mathlib.RingTheory.AdicCompletion.Basic (10s)
✔ [2583/2640] Built Mathlib.RingTheory.Bezout (2.2s)
✔ [2584/2644] Built Mathlib.RingTheory.Localization.Algebra (3.6s)
✔ [2585/2644] Built Mathlib.Analysis.SpecialFunctions.Pow.Complex (2.9s)
✔ [2586/2644] Built Mathlib.Algebra.GroupWithZero.Range (2.5s)
✔ [2587/2644] Built Mathlib.LinearAlgebra.Dimension.Localization (5.2s)
✔ [2588/2647] Built Mathlib.GroupTheory.Rank (2.0s)
✔ [2589/2649] Built Mathlib.GroupTheory.PGroup (2.9s)
✔ [2590/2649] Built Mathlib.LinearAlgebra.Matrix.Charpoly.LinearMap (3.5s)
✔ [2591/2649] Built Mathlib.RingTheory.Coprime.Ideal (2.7s)
✔ [2592/2649] Built Mathlib.Algebra.Order.GroupWithZero.Range (1.9s)
✔ [2593/2651] Built Mathlib.Topology.ContinuousMap.Bounded.Normed (8.5s)
✔ [2594/2651] Built Mathlib.RingTheory.Finiteness.Nakayama (2.2s)
✔ [2595/2653] Built Mathlib.RingTheory.Localization.AtPrime.Basic (13s)
✔ [2596/2653] Built Mathlib.RingTheory.SimpleModule.Basic (6.2s)
✔ [2597/2653] Built Mathlib.RingTheory.ReesAlgebra (2.5s)
✔ [2598/2653] Built Mathlib.Analysis.SpecialFunctions.Pow.Real (5.4s)
✔ [2599/2653] Built Mathlib.GroupTheory.Torsion (3.9s)
✔ [2600/2653] Built Mathlib.LinearAlgebra.Determinant (8.2s)
✔ [2601/2655] Built Mathlib.RingTheory.LocalRing.ResidueField.Defs (2.1s)
✔ [2602/2655] Built Mathlib.RingTheory.IntegralClosure.Algebra.Basic (3.7s)
✔ [2603/2655] Built Mathlib.GroupTheory.Sylow (4.7s)
✔ [2604/2655] Built Mathlib.Topology.ContinuousMap.Bounded.Star (2.6s)
✔ [2605/2655] Built Mathlib.RingTheory.Jacobson.Semiprimary (1.7s)
✔ [2606/2656] Built Mathlib.RingTheory.Localization.LocalizationLocalization (2.6s)
✔ [2607/2657] Built Mathlib.RingTheory.Nakayama (2.8s)
✔ [2608/2657] Built Mathlib.RingTheory.Norm.Defs (2.2s)
✔ [2609/2658] Built Mathlib.Algebra.Polynomial.Module.AEval (7.9s)
✔ [2610/2658] Built Mathlib.RingTheory.Jacobson.Polynomial (1.0s)
✔ [2611/2658] Built Mathlib.Algebra.Module.ZMod (2.4s)
✔ [2612/2658] Built Mathlib.Tactic.NormNum.Irrational (3.7s)
✔ [2613/2658] Built Mathlib.RingTheory.LocalRing.ResidueField.Basic (3.0s)
✔ [2614/2659] Built Mathlib.Algebra.Order.Ring.Idempotent (2.4s)
✔ [2615/2663] Built Mathlib.Order.Heyting.Hom (2.8s)
✔ [2616/2667] Built Mathlib.Analysis.SpecialFunctions.Pow.NNReal (5.3s)
✔ [2617/2667] Built Mathlib.RingTheory.Ideal.MinimalPrime.Localization (2.5s)
✔ [2618/2667] Built Mathlib.RingTheory.IntegralClosure.IsIntegralClosure.Basic (5.2s)
✔ [2619/2668] Built Mathlib.RingTheory.Artinian.Module (4.7s)
✔ [2620/2668] Built Mathlib.RingTheory.Valuation.Basic (10s)
✔ [2621/2668] Built Mathlib.Topology.ContinuousMap.Compact (5.7s)
✔ [2622/2668] Built Mathlib.RingTheory.Localization.AsSubring (2.8s)
✔ [2623/2669] Built Mathlib.Analysis.SpecialFunctions.Pow.Asymptotics (2.8s)
✔ [2624/2671] Built Mathlib.RingTheory.FiniteLength (2.3s)
✔ [2625/2671] Built Mathlib.RingTheory.SurjectiveOnStalks (3.6s)
✔ [2626/2671] Built Mathlib.RingTheory.Valuation.PrimeMultiplicity (1.9s)
✔ [2627/2671] Built Mathlib.Algebra.Polynomial.Module.Basic (7.4s)
✔ [2628/2672] Built Mathlib.Algebra.Module.Torsion.Basic (7.5s)
✔ [2629/2672] Built Mathlib.RingTheory.Valuation.Integers (4.3s)
✔ [2630/2672] Built Mathlib.LinearAlgebra.TensorProduct.RightExactness (6.9s)
✔ [2631/2672] Built Mathlib.Tactic.ComputeAsymptotics.Multiseries.Majorized (2.7s)
✔ [2632/2675] Built Mathlib.Topology.Sets.OpenCover (1.9s)
✔ [2633/2677] Built Mathlib.Topology.LocallyClosed (1.7s)
✔ [2634/2681] Built Mathlib.Order.BooleanSubalgebra (5.0s)
✔ [2635/2683] Built Mathlib.Topology.Spectral.Hom (1.7s)
✔ [2636/2688] Built Mathlib.RingTheory.Length (3.5s)
✔ [2637/2688] Built Mathlib.LinearAlgebra.TensorProduct.Quotient (9.1s)
✔ [2638/2688] Built Mathlib.Topology.MetricSpace.UniformConvergence (5.1s)
✔ [2639/2688] Built Mathlib.Topology.Sober (1.9s)
✔ [2640/2688] Built Mathlib.RingTheory.Algebraic.Integral (8.5s)
✔ [2641/2690] Built Mathlib.Topology.LocalAtTarget (2.4s)
✔ [2642/2690] Built Mathlib.Order.Ideal (3.2s)
✔ [2643/2690] Built Mathlib.RingTheory.Filtration (4.2s)
✔ [2644/2691] Built Mathlib.RingTheory.Valuation.ValuationRing (4.0s)
✔ [2645/2691] Built Mathlib.CategoryTheory.ConcreteCategory.Forget (2.2s)
✔ [2646/2691] Built Mathlib.CategoryTheory.Endomorphism (2.2s)
✔ [2647/2691] Built Mathlib.Topology.KrullDimension (1.6s)
✔ [2648/2691] Built Mathlib.RingTheory.LocalProperties.Submodule (3.4s)
✔ [2649/2691] Built Mathlib.Topology.Spectral.Prespectral (1.9s)
✔ [2650/2693] Built Mathlib.FieldTheory.Minpoly.Field (3.2s)
✔ [2651/2693] Built Mathlib.Tactic.ComputeAsymptotics.Multiseries.Corecursion (4.3s)
✔ [2652/2693] Built Mathlib.CategoryTheory.Category.ULift (2.5s)
✔ [2653/2693] Built Mathlib.RingTheory.Localization.Integral (4.7s)
✔ [2654/2696] Built Mathlib.Topology.Spectral.Basic (1.7s)
✔ [2655/2696] Built Mathlib.CategoryTheory.Category.Preorder (1.8s)
✔ [2656/2696] Built Mathlib.Topology.Constructible (2.5s)
✔ [2657/2696] Built Mathlib.RingTheory.DiscreteValuationRing.Basic (3.7s)
✔ [2658/2696] Built Mathlib.Algebra.Category.MonCat.Basic (5.1s)
✔ [2659/2697] Built Mathlib.RingTheory.Ideal.Cotangent (6.5s)
✔ [2660/2697] Built Mathlib.CategoryTheory.IsomorphismClasses (1.6s)
✔ [2661/2700] Built Mathlib.CategoryTheory.Thin (1.4s)
✔ [2662/2704] Built Mathlib.CategoryTheory.Balanced (1.6s)
✔ [2663/2704] Built Mathlib.RingTheory.PowerBasis (4.7s)
✔ [2664/2705] Built Mathlib.RingTheory.Ideal.GoingUp (3.6s)
✔ [2665/2705] Built Mathlib.RingTheory.TensorProduct.Quotient (11s)
✔ [2666/2705] Built Mathlib.RingTheory.IntegralClosure.IntegrallyClosed (4.1s)
✔ [2667/2709] Built Mathlib.CategoryTheory.Skeletal (3.4s)
✔ [2668/2711] Built Mathlib.Tactic.ComputeAsymptotics.Multiseries.Defs (5.9s)
✔ [2669/2711] Built Mathlib.CategoryTheory.PUnit (1.7s)
✔ [2670/2711] Built Mathlib.CategoryTheory.Retract (3.1s)
✔ [2671/2712] Built Mathlib.FieldTheory.Separable (4.3s)
✔ [2672/2712] Built Mathlib.CategoryTheory.PEmpty (1.7s)
✔ [2673/2712] Built Mathlib.Algebra.Category.Grp.Basic (6.9s)
✔ [2674/2712] Built Mathlib.CategoryTheory.EssentiallySmall (2.8s)
✔ [2675/2712] Built Mathlib.RingTheory.Polynomial.RationalRoot (3.1s)
✔ [2676/2712] Built Mathlib.RingTheory.EssentialFiniteness (3.9s)
✔ [2677/2712] Built Mathlib.RingTheory.Jacobson.Ring (4.7s)
✔ [2678/2712] Built Mathlib.CategoryTheory.LiftingProperties.Basic (1.8s)
✔ [2679/2712] Built Mathlib.Tactic.ComputeAsymptotics.Multiseries.Trimming (2.6s)
✔ [2680/2733] Built Mathlib.Tactic.ComputeAsymptotics.Multiseries.Basis (3.1s)
✔ [2681/2733] Built Mathlib.FieldTheory.RatFunc.Basic (16s)
✔ [2682/2733] Built Mathlib.RingTheory.DedekindDomain.Basic (2.2s)
✔ [2683/2733] Built Mathlib.RingTheory.Localization.Submodule (2.4s)
✔ [2684/2738] Built Mathlib.CategoryTheory.LiftingProperties.Adjunction (1.7s)
✔ [2685/2738] Built Mathlib.CategoryTheory.Limits.Shapes.StrongEpi (1.5s)
✔ [2686/2740] Built Mathlib.CategoryTheory.Limits.Cones (17s)
✔ [2687/2741] Built Mathlib.Algebra.Category.MonCat.ForgetCorepresentable (1.2s)
✔ [2688/2746] Built Mathlib.CategoryTheory.ConcreteCategory.ReflectsIso (1.4s)
✔ [2689/2749] Built Mathlib.CategoryTheory.MorphismProperty.Factorization (2.7s)
✔ [2690/2759] Built Mathlib.Tactic.ComputeAsymptotics.Multiseries.Basic (3.0s)
✔ [2691/2759] Built Mathlib.Tactic.ComputeAsymptotics.Multiseries.Monomial.Basic (2.6s)
✔ [2692/2770] Built Mathlib.Algebra.Category.Ring.Basic (4.0s)
✔ [2693/2770] Built Mathlib.CategoryTheory.Functor.EpiMono (2.1s)
✔ [2694/2770] Built Mathlib.RingTheory.LocalRing.ResidueField.Ideal (5.2s)
✔ [2695/2770] Built Mathlib.CategoryTheory.FinCategory.Basic (1.4s)
✔ [2696/2772] Built Mathlib.CategoryTheory.Limits.Types.ColimitType (2.1s)
✔ [2697/2773] Built Mathlib.RingTheory.FreeRing (1.8s)
✔ [2698/2773] Built Mathlib.Algebra.Ring.TransferInstance (2.3s)
✔ [2699/2773] Built Mathlib.Algebra.Category.Ring.Instances (2.6s)
✔ [2700/2775] Built Mathlib.CategoryTheory.Category.Cat.AsSmall (1.8s)
✔ [2701/2781] Built Mathlib.CategoryTheory.FinCategory.AsType (2.4s)
✔ [2702/2786] Built Mathlib.Algebra.Ring.Shrink (1.5s)
✔ [2703/2786] Built Mathlib.CategoryTheory.IsConnected (2.1s)
✔ [2704/2790] Built Mathlib.CategoryTheory.Functor.Currying (4.6s)
✔ [2705/2790] Built Mathlib.RingTheory.Spectrum.Prime.RingHom (3.7s)
✔ [2706/2791] Built Mathlib.CategoryTheory.ObjectProperty.CompleteLattice (1.6s)
✔ [2707/2802] Built Mathlib.CategoryTheory.ObjectProperty.Equivalence (1.5s)
✔ [2708/2802] Built Mathlib.RingTheory.AdjoinRoot (15s)
✔ [2709/2806] Built Mathlib.CategoryTheory.ShrinkYoneda (5.3s)
✔ [2710/2806] Built Mathlib.RingTheory.FreeCommRing (2.0s)
✔ [2711/2812] Built Mathlib.CategoryTheory.HomCongr (1.4s)
✔ [2712/2812] Built Mathlib.CategoryTheory.ObjectProperty.Opposite (1.4s)
✔ [2713/2812] Built Mathlib.CategoryTheory.Functor.TwoSquare (1.9s)
✔ [2714/2814] Built Mathlib.CategoryTheory.Limits.IsLimit (7.4s)
✔ [2715/2814] Built Mathlib.CategoryTheory.MorphismProperty.Composition (2.2s)
✔ [2716/2814] Built Mathlib.RingTheory.Spectrum.Maximal.Localization (2.6s)
✔ [2717/2815] Built Mathlib.Algebra.Ring.Subsemiring.Pointwise (1.9s)
✔ [2718/2815] Built Mathlib.FieldTheory.KummerPolynomial (2.7s)
✔ [2719/2815] Built Mathlib.RingTheory.ChainOfDivisors (2.6s)
✔ [2720/2815] Built Mathlib.CategoryTheory.Monad.Basic (3.9s)
✔ [2721/2815] Built Mathlib.Algebra.Algebra.TransferInstance (1.6s)
✔ [2722/2816] Built Mathlib.RingTheory.Valuation.ExtendToLocalization (2.5s)
✔ [2723/2816] Built Mathlib.CategoryTheory.ObjectProperty.Small (2.5s)
✔ [2724/2816] Built Mathlib.Algebra.Field.TransferInstance (1.7s)
✔ [2725/2821] Built Mathlib.Algebra.Order.Hom.Units (1.3s)
✔ [2726/2821] Built Mathlib.Algebra.Ring.Subring.Pointwise (2.2s)
✔ [2727/2821] Built Mathlib.RingTheory.FractionalIdeal.Basic (4.8s)
✔ [2728/2822] Built Mathlib.CategoryTheory.Adjunction.Mates (5.2s)
✔ [2729/2822] Built Mathlib.Algebra.CharZero.AddMonoidHom (1.6s)
✔ [2730/2823] Built Mathlib.CategoryTheory.Limits.Shapes.IsTerminal (4.6s)
✔ [2731/2824] Built Mathlib.FieldTheory.Perfect (3.0s)
✔ [2732/2825] Built Mathlib.LinearAlgebra.BilinearForm.Basic (2.9s)
✔ [2733/2825] Built Mathlib.CategoryTheory.Monad.Algebra (4.4s)
✔ [2734/2825] Built Mathlib.Algebra.Algebra.Subalgebra.Pointwise (1.9s)
✔ [2735/2827] Built Mathlib.Algebra.Algebra.Subalgebra.IsSimpleOrder (2.3s)
✔ [2736/2827] Built Mathlib.RingTheory.Spectrum.Prime.Topology (5.9s)
✔ [2737/2827] Built Mathlib.Algebra.Ring.Action.Field (976ms)
✔ [2738/2828] Built Mathlib.Algebra.Ring.Action.Invariant (1.3s)
✔ [2739/2832] Built Mathlib.Algebra.Polynomial.GroupRingAction (2.3s)
✔ [2740/2834] Built Mathlib.CategoryTheory.Limits.HasLimits (7.9s)
✔ [2741/2834] Built Mathlib.LinearAlgebra.FreeModule.PID (5.0s)
✔ [2742/2834] Built Mathlib.RingTheory.KrullDimension.Zero (2.4s)
✔ [2743/2834] Built Mathlib.FieldTheory.Finite.Basic (4.3s)
✔ [2744/2834] Built Mathlib.LinearAlgebra.BilinearForm.Hom (3.9s)
✔ [2745/2834] Built Mathlib.FieldTheory.Tower (2.2s)
✔ [2746/2836] Built Mathlib.FieldTheory.Normal.Defs (3.0s)
✔ [2747/2836] Built Mathlib.RingTheory.Adjoin.Singleton (2.5s)
✔ [2748/2839] Built Mathlib.CategoryTheory.Limits.Shapes.Terminal (3.0s)
✔ [2749/2839] Built Mathlib.RingTheory.FractionalIdeal.Operations (8.4s)
✔ [2750/2839] Built Mathlib.CategoryTheory.Limits.Preserves.Basic (2.6s)
✔ [2751/2839] Built Mathlib.Algebra.Category.Ring.Colimits (3.5s)
✔ [2752/2839] Built Mathlib.RingTheory.DiscreteValuationRing.TFAE (3.0s)
✔ [2753/2840] Built Mathlib.RingTheory.Adjoin.Field (3.5s)
✔ [2754/2840] Built Mathlib.NumberTheory.LegendreSymbol.QuadraticChar.Basic (2.7s)
✔ [2755/2840] Built Mathlib.FieldTheory.IntermediateField.Algebraic (3.8s)
✔ [2756/2841] Built Mathlib.Algebra.Group.Pointwise.Set.Card (2.4s)
✔ [2757/2841] Built Mathlib.CategoryTheory.Limits.Shapes.ZeroObjects (1.7s)
✔ [2758/2841] Built Mathlib.FieldTheory.IntermediateField.Adjoin.Defs (8.8s)
✔ [2759/2841] Built Mathlib.CategoryTheory.Limits.Preserves.Shapes.Terminal (1.8s)
✔ [2760/2841] Built Mathlib.CategoryTheory.Limits.Shapes.WidePullbacks (7.2s)
✔ [2761/2841] Built Mathlib.LinearAlgebra.BilinearForm.Properties (4.8s)
✔ [2762/2845] Built Mathlib.CategoryTheory.Limits.Preserves.Limits (1.8s)
✔ [2763/2845] Built Mathlib.RingTheory.TensorProduct.Finite (3.3s)
✔ [2764/2845] Built Mathlib.FieldTheory.Fixed (4.3s)
✔ [2765/2845] Built Mathlib.RingTheory.FractionalIdeal.Inverse (3.1s)
✔ [2766/2849] Built Mathlib.RingTheory.Adjoin.Dimension (1.9s)
✔ [2767/2849] Built Mathlib.FieldTheory.Minpoly.Finite (2.1s)
✔ [2768/2851] Built Mathlib.NumberTheory.LegendreSymbol.Basic (2.1s)
✔ [2769/2851] Built Mathlib.GroupTheory.Perm.ViaEmbedding (1.1s)
✔ [2770/2851] Built Mathlib.CategoryTheory.Limits.Creates (3.2s)
✔ [2771/2854] Built Mathlib.LinearAlgebra.BilinearForm.DualLattice (2.8s)
✔ [2772/2866] Built Mathlib.GroupTheory.Solvable (1.6s)
✔ [2773/2867] Built Mathlib.RingTheory.AlgebraicIndependent.Defs (2.1s)
✔ [2774/2867] Built Mathlib.Combinatorics.Matroid.Init (853ms)
✔ [2775/2872] Built Mathlib.CategoryTheory.Limits.Shapes.Products (11s)
✔ [2776/2874] Built Mathlib.Data.Multiset.Fintype (2.4s)
✔ [2777/2874] Built Mathlib.FieldTheory.IntermediateField.Adjoin.Algebra (4.7s)
✔ [2778/2874] Built Mathlib.CategoryTheory.Comma.StructuredArrow.Basic (17s)
✔ [2779/2877] Built Mathlib.Algebra.MvPolynomial.Supported (1.7s)
✔ [2780/2877] Built Mathlib.CategoryTheory.Limits.FunctorCategory.Basic (4.7s)
✔ [2781/2877] Built Mathlib.Data.DFinsupp.Small (1.3s)
✔ [2782/2877] Built Mathlib.CategoryTheory.Adjunction.Limits (3.5s)
✔ [2783/2880] Built Mathlib.RingTheory.DedekindDomain.Ideal.Basic (4.2s)
✔ [2784/2880] Built Mathlib.CategoryTheory.EffectiveEpi.Basic (2.0s)
✔ [2785/2880] Built Mathlib.Algebra.MvPolynomial.Monad (2.6s)
✔ [2786/2886] Built Mathlib.RingTheory.Polynomial.SeparableDegree (2.0s)
✔ [2787/2887] Built Mathlib.Combinatorics.Matroid.Basic (3.1s)
✔ [2788/2887] Built Mathlib.FieldTheory.SplittingField.IsSplittingField (2.7s)
✔ [2789/2889] Built Mathlib.RingTheory.MvPolynomial.Basic (2.4s)
✔ [2790/2889] Built Mathlib.RingTheory.Algebraic.MvPolynomial (2.7s)
✔ [2791/2889] Built Mathlib.GroupTheory.GroupAction.FixedPoints (1.9s)
✔ [2792/2889] Built Mathlib.Algebra.CharP.IntermediateField (1.9s)
✔ [2793/2889] Built Mathlib.RingTheory.AlgebraicIndependent.Adjoin (3.9s)
✔ [2794/2892] Built Mathlib.LinearAlgebra.Matrix.Charpoly.Minpoly (2.2s)
✔ [2795/2892] Built Mathlib.Data.Nat.Factorial.SuperFactorial (1.5s)
✔ [2796/2895] Built Mathlib.GroupTheory.GroupAction.FixingSubgroup (1.5s)
✔ [2797/2901] Built Mathlib.LinearAlgebra.Basis.Bilinear (1.6s)
✔ [2798/2901] Built Mathlib.CategoryTheory.Elements (6.3s)
✔ [2799/2901] Built Mathlib.RingTheory.AlgebraicIndependent.Basic (2.9s)
✔ [2800/2902] Built Mathlib.FieldTheory.SplittingField.Construction (3.5s)
✔ [2801/2902] Built Mathlib.LinearAlgebra.TensorProduct.Finiteness (2.1s)
✔ [2802/2902] Built Mathlib.RingTheory.Finiteness.Prod (1.7s)
✔ [2803/2902] Built Mathlib.Combinatorics.Matroid.IndepAxioms (5.5s)
✔ [2804/2905] Built Mathlib.LinearAlgebra.Vandermonde (3.8s)
✔ [2805/2906] Built Mathlib.RingTheory.TensorProduct.Free (3.1s)
✔ [2806/2908] Built Mathlib.RingTheory.AlgebraicIndependent.Transcendental (3.2s)
✔ [2807/2910] Built Mathlib.RingTheory.Polynomial.GaussLemma (2.0s)
✔ [2808/2910] Built Mathlib.FieldTheory.IntermediateField.Adjoin.Basic (7.6s)
✔ [2809/2910] Built Mathlib.RingTheory.DedekindDomain.Ideal.Lemmas (9.9s)
✔ [2810/2910] Built Mathlib.Combinatorics.Matroid.Dual (2.4s)
✔ [2811/2910] Built Mathlib.Topology.Algebra.UniformFilterBasis (1.8s)
✔ [2812/2916] Built Mathlib.Topology.Algebra.WithZeroTopology (1.9s)
✔ [2813/2916] Built Mathlib.Topology.Algebra.OpenSubgroup (4.1s)
✔ [2814/2917] Built Mathlib.LinearAlgebra.Contraction (5.0s)
✔ [2815/2917] Built Mathlib.Combinatorics.Matroid.Minor.Restrict (3.1s)
✔ [2816/2917] Built Mathlib.FieldTheory.Minpoly.IsIntegrallyClosed (4.2s)
✔ [2817/2917] Built Mathlib.Topology.Algebra.Ring.Ideal (2.0s)
✔ [2818/2921] Built Mathlib.Topology.Algebra.GroupCompletion (3.3s)
✔ [2819/2923] Built Mathlib.Topology.Algebra.Nonarchimedean.Basic (2.3s)
✔ [2820/2923] Built Mathlib.FieldTheory.Extension (5.0s)
✔ [2821/2923] Built Mathlib.Algebra.Order.Group.Cyclic (2.2s)
✔ [2822/2923] Built Mathlib.Combinatorics.Matroid.Constructions (1.8s)
✔ [2823/2923] Built Mathlib.RingTheory.Valuation.ValuationSubring (7.2s)
✔ [2824/2923] Built Mathlib.RingTheory.Valuation.ValuativeRel.Basic (10s)
✔ [2825/2923] Built Mathlib.RingTheory.Ideal.Oka (1.7s)
✔ [2826/2923] Built Mathlib.LinearAlgebra.Matrix.SesquilinearForm (12s)
✔ [2827/2929] Built Mathlib.RingTheory.Valuation.IsTrivialOn (2.1s)
✔ [2828/2930] Built Mathlib.Topology.Algebra.Nonarchimedean.Bases (2.4s)
✔ [2829/2933] Built Mathlib.Topology.Algebra.UniformRing (3.6s)
✔ [2830/2933] Built Mathlib.RingTheory.PrincipalIdealDomainOfPrime (2.0s)
✔ [2831/2933] Built Mathlib.Combinatorics.Matroid.Map (2.8s)
✔ [2832/2933] Built Mathlib.LinearAlgebra.Trace (5.9s)
✔ [2833/2933] Built Mathlib.RingTheory.UniqueFactorizationDomain.Nat (1.6s)
✔ [2834/2938] Built Mathlib.RingTheory.Int.Basic (1.8s)
✔ [2835/2938] Built Mathlib.FieldTheory.Normal.Basic (4.3s)
✔ [2836/2939] Built Mathlib.FieldTheory.IsAlgClosed.Basic (4.9s)
✔ [2837/2939] Built Mathlib.Topology.Algebra.UniformField (2.3s)
✔ [2838/2940] Built Mathlib.CategoryTheory.Comma.Over.Basic (22s)
✔ [2839/2944] Built Mathlib.Data.Nat.Squarefree (2.1s)
✔ [2840/2944] Built Mathlib.RingTheory.Polynomial.Eisenstein.Criterion (2.5s)
✔ [2841/2944] Built Mathlib.RingTheory.RootsOfUnity.PrimitiveRoots (4.2s)
✔ [2842/2944] Built Mathlib.Topology.Algebra.Valued.ValuationTopology (6.1s)
✔ [2843/2945] Built Mathlib.RingTheory.Valuation.Discrete.Basic (4.9s)
✔ [2844/2945] Built Mathlib.LinearAlgebra.Matrix.BilinearForm (6.9s)
✔ [2845/2945] Built Mathlib.Combinatorics.Matroid.Closure (5.8s)
✔ [2846/2945] Built Mathlib.FieldTheory.Normal.Closure (4.7s)
✔ [2847/2945] Built Mathlib.FieldTheory.IsAlgClosed.AlgebraicClosure (5.2s)
✔ [2848/2945] Built Mathlib.FieldTheory.PrimitiveElement (4.9s)
✔ [2849/2947] Built Mathlib.RingTheory.Polynomial.Eisenstein.Basic (2.2s)
✔ [2850/2947] Built Mathlib.Topology.Algebra.Group.ClosedSubgroup (2.4s)
✔ [2851/2947] Built Mathlib.Algebra.Category.Ring.Adjunctions (5.0s)
✔ [2852/2947] Built Mathlib.RingTheory.RootsOfUnity.Complex (2.8s)
✔ [2853/2947] Built Mathlib.NumberTheory.ArithmeticFunction.Defs (4.3s)
✔ [2854/2947] Built Mathlib.RingTheory.Trace.Defs (2.6s)
✔ [2855/2947] Built Mathlib.Combinatorics.Matroid.Circuit (2.9s)
✔ [2856/2947] Built Mathlib.Combinatorics.Matroid.Rank.Finite (2.1s)
✔ [2857/2951] Built Mathlib.Topology.Algebra.ValuativeRel.ValuativeTopology (4.4s)
✔ [2858/2951] Built Mathlib.RingTheory.Adjoin.PowerBasis (3.6s)
✔ [2859/2952] Built Mathlib.CategoryTheory.Grothendieck (8.7s)
✔ [2860/2952] Built Mathlib.FieldTheory.AlgebraicClosure (3.2s)
✔ [2861/2952] Built Mathlib.FieldTheory.Minpoly.MinpolyDiv (2.9s)
✔ [2862/2952] Built Mathlib.Algebra.GCDMonoid.IntegrallyClosed (2.1s)
✔ [2863/2952] Built Mathlib.NumberTheory.ArithmeticFunction.Zeta (2.3s)
✔ [2864/2952] Built Mathlib.RingTheory.Norm.Basic (2.7s)
✔ [2865/2955] Built Mathlib.RingTheory.MvPolynomial.Symmetric.Defs (2.6s)
✔ [2866/2955] Built Mathlib.Topology.Maps.Proper.CompactlyGenerated (2.4s)
✔ [2867/2961] Built Mathlib.Combinatorics.Matroid.Loop (3.2s)
✔ [2868/2961] Built Mathlib.NumberTheory.Padics.PadicVal.Basic (2.6s)
✔ [2869/2961] Built Mathlib.CategoryTheory.Limits.Shapes.BinaryProducts (10s)
✔ [2870/2961] Built Mathlib.Algebra.BigOperators.Field (1.7s)
✔ [2871/2964] Built Mathlib.NumberTheory.ArithmeticFunction.Misc (2.6s)
✔ [2872/2964] Built Mathlib.RingTheory.RootsOfUnity.Minpoly (2.7s)
✔ [2873/2964] Built Mathlib.RingTheory.Polynomial.Vieta (2.2s)
✔ [2874/2964] Built Mathlib.RingTheory.AlgebraicIndependent.AlgebraicClosure (3.8s)
✔ [2875/2966] Built Mathlib.Analysis.Normed.Module.Ray (2.5s)
✔ [2876/2968] Built Mathlib.CategoryTheory.Limits.Shapes.Grothendieck (4.5s)
✔ [2877/2969] Built Mathlib.Combinatorics.Matroid.Rank.ENat (2.7s)
✔ [2878/2975] Built Mathlib.CategoryTheory.Limits.Shapes.StrictInitial (1.6s)
✔ [2879/2975] Built Mathlib.Algebra.Algebra.ZMod (1.7s)
✔ [2880/2976] Built Mathlib.Topology.Algebra.Polynomial (2.4s)
✔ [2881/2976] Built Mathlib.CategoryTheory.Monad.Products (2.9s)
✔ [2882/2980] Built Mathlib.NumberTheory.ArithmeticFunction.Moebius (2.2s)
✔ [2883/2981] Built Mathlib.Analysis.Convex.StrictConvexSpace (2.6s)
✔ [2884/2982] Built Mathlib.CategoryTheory.Limits.Shapes.Pullback.Cospan (3.5s)
✔ [2885/2982] Built Mathlib.Data.ZMod.Units (2.1s)
✔ [2886/2983] Built Mathlib.Algebra.CharP.CharAndCard (2.0s)
✔ [2887/2983] Built Mathlib.Combinatorics.Matroid.Rank.Cardinal (2.2s)
✔ [2888/2984] Built Mathlib.Data.Nat.DvdSequence (1.3s)
✔ [2889/2985] Built Mathlib.Topology.Algebra.Valued.ValuedField (13s)
✔ [2890/2985] Built Mathlib.Tactic.NormNum.ModEq (1.6s)
✔ [2891/2985] Built Mathlib.Analysis.InnerProductSpace.Defs (5.6s)
✔ [2892/2986] Built Mathlib.Tactic.NormNum.NatLog (1.5s)
✔ [2893/2986] Built Mathlib.Tactic.NormNum.NatSqrt (1.3s)
✔ [2894/2988] Built Mathlib.NumberTheory.MulChar.Lemmas (2.0s)
✔ [2895/2988] Built Mathlib.Tactic.NormNum.Parity (1.4s)
✔ [2896/2989] Built Mathlib.Analysis.Convex.Uniform (2.3s)
✔ [2897/2990] Built Mathlib.Tactic.NormNum.Ordinal (2.0s)
✔ [2898/2991] Built Mathlib.Tactic.NormNum.PowMod (1.6s)
✔ [2899/2991] Built Mathlib.Data.Nat.Fib.Basic (1.0s)
✔ [2900/2991] Built Mathlib.Tactic.Polyrith (746ms)
✔ [2901/2993] Built Mathlib.CategoryTheory.Limits.Shapes.Pullback.PullbackCone (2.0s)
✔ [2902/2994] Built Mathlib.Tactic.NormNum.Prime (2.0s)
✔ [2903/2995] Built Mathlib.Tactic.ProdAssoc (1.0s)
✔ [2904/2996] Built Mathlib.Tactic.PNatToNat (1.6s)
✔ [2905/2997] Built Mathlib.Tactic.Recall (1.1s)
✔ [2906/2997] Built Mathlib.Tactic.ReduceModChar.Ext (708ms)
✔ [2907/3000] Built Mathlib.Tactic.Relation.Symm (824ms)
✔ [2908/3001] Built Mathlib.Tactic.Polynomial.Basic (2.3s)
✔ [2909/3001] Built Mathlib.Tactic.Replace (728ms)
✔ [2910/3002] Built Mathlib.Tactic.RewriteSearch (721ms)
✔ [2911/3003] Built Mathlib.Tactic.NormNum.RealSqrt (2.8s)
✔ [2912/3004] Built Mathlib.Tactic.NormNum.NatFib (1.0s)
✔ [2913/3005] Built Mathlib.Tactic.Ring.NamePolyVars (1.7s)
✔ [2914/3006] Built Mathlib.Tactic.Sat.FromLRAT (1.6s)
✔ [2915/3006] Built Mathlib.Tactic.Simproc.Divisors (1.7s)
✔ [2916/3010] Built Mathlib.Tactic.Simproc.Factors (1.8s)
✔ [2919/3010] Built Mathlib.Tactic.StacksAttribute (726ms)
✔ [2920/3012] Built Mathlib.RingTheory.AlgebraicIndependent.TranscendenceBasis (6.1s)
✔ [2921/3015] Built Mathlib.Tactic.TypeCheck (753ms)
✔ [2923/3015] Built Mathlib.Tactic.ReduceModChar (2.0s)
✔ [2924/3031] Built Mathlib.Tactic.Simproc.VecPerm (1.9s)
✔ [2925/3031] Built Mathlib.Tactic.Widget.GCongr (924ms)
✔ [2926/3031] Built Mathlib.CategoryTheory.Limits.Shapes.Pullback.HasPullback (4.8s)
✔ [2927/3037] Built Mathlib.Tactic.WithoutCDot (1.0s)
✔ [2928/3037] Built Mathlib.Tactic.Simproc.FinsetInterval (3.2s)
✔ [2930/3061] Built Mathlib.Tactic.Widget.CommDiag (1.5s)
✔ [2931/3061] Built Mathlib.Data.Fin.Tuple.Take (1.3s)
✔ [2932/3061] Built RNA.Alphabet (1.4s)
✔ [2933/3061] Built Mathlib.Analysis.InnerProductSpace.Basic (7.7s)
✔ [2934/3061] Built Mathlib.CategoryTheory.Limits.Shapes.Pullback.Iso (1.7s)
⚠ [2935/3061] Built RNA.Word (1.2s)
warning: RNA/Word.lean:133:2: try 'simp' instead of 'simpa'

Note: This linter can be disabled with `set_option linter.unnecessarySimpa false`
✔ [2936/3061] Built RNA.Structure (1.5s)
✔ [2937/3061] Built Mathlib.RingTheory.MvPowerSeries.Basic (6.1s)
✔ [2938/3061] Built Mathlib.Analysis.InnerProductSpace.Convex (2.1s)
✔ [2939/3061] Built RNA.MatchingPartner (1.4s)
✔ [2940/3061] Built Mathlib.CategoryTheory.Limits.Shapes.Pullback.Pasting (3.9s)
✔ [2941/3061] Built RNA.StructureTransport (1.6s)
✔ [2942/3061] Built RNA.Helix (1.7s)
✔ [2943/3061] Built RNA.IntervalTree (1.9s)
✔ [2944/3061] Built Mathlib.Tactic.Widget.StringDiagram (5.3s)
✔ [2945/3061] Built Mathlib.CategoryTheory.Limits.Shapes.Pullback.Mono (2.9s)
✔ [2946/3061] Built Mathlib.Tactic.Ring.NamePowerVars (1.7s)
✔ [2947/3061] Built RNA.Motifs (1.1s)
✔ [2948/3061] Built RNA.PositionRole (1.2s)
✔ [2949/3061] Built Mathlib.Analysis.Complex.Arg (1.9s)
✔ [2950/3061] Built Mathlib.CategoryTheory.Limits.Shapes.Equalizers (5.9s)
✔ [2951/3061] Built RNA.TargetClass (1.2s)
✔ [2952/3061] Built Mathlib.FieldTheory.SeparableDegree (8.1s)
⚠ [2953/3061] Built RNA.Saturable (2.2s)
warning: RNA/Saturable.lean:140:58: This simp argument is unused:
  List.map_nil

Hint: Omit it from the simp argument list.
  [apply] simp only [encodedWord, List.map_append, List.map_cons, nucleotideSignedGenerator_comp]

Note: This linter can be disabled with `set_option linter.unusedSimpArgs false`
warning: RNA/Saturable.lean:215:8: `if_pos` has been deprecated: Use `ite_eq_left` instead
warning: RNA/Saturable.lean:227:8: `if_neg` has been deprecated: Use `ite_eq_right` instead
warning: RNA/Saturable.lean:252:19: `dif_neg` has been deprecated: Use `dite_eq_right` instead
warning: RNA/Saturable.lean:254:19: `dif_neg` has been deprecated: Use `dite_eq_right` instead
warning: RNA/Saturable.lean:377:8: `if_neg` has been deprecated: Use `ite_eq_right` instead
warning: RNA/Saturable.lean:370:53: This simp argument is unused:
  List.length_nil

Hint: Omit it from the simp argument list.
  [apply] simp only [List.length_append, List.length_cons] at hpBound

Note: This linter can be disabled with `set_option linter.unusedSimpArgs false`
warning: RNA/Saturable.lean:485:55: Used `tac1 <;> tac2` where `(tac1; tac2)` would suffice

Note: This linter can be disabled with `set_option linter.unnecessarySeqFocus false`
warning: RNA/Saturable.lean:647:53: This simp argument is unused:
  List.length_nil

Hint: Omit it from the simp argument list.
  [apply] simp only [List.length_append, List.length_cons]

Note: This linter can be disabled with `set_option linter.unusedSimpArgs false`
warning: RNA/Saturable.lean:703:2: Try this: 
  letI̵

The goal is a proposition, so `let` is preferred over `letI`.
The difference between `let` and `letI` is that `letI` inlines the value.
But this is not relevant for proofs because of proof irrelevance.

Note: This linter can be disabled with `set_option linter.style.haveILetI false`
✔ [2954/3061] Built Mathlib.CategoryTheory.Limits.Shapes.FiniteLimits (2.0s)
✔ [2955/3061] Built Mathlib.CategoryTheory.Limits.Connected (2.1s)
ℹ [2956/3061] Built RNA.Statement (1.7s)
info: RNA/Statement.lean:26:0: RNA.OneShortHelixDesignabilityStatement : Prop
✔ [2957/3061] Built Mathlib.CategoryTheory.Limits.Shapes.Pullback.Assoc (4.5s)
✔ [2958/3061] Built RNA.AtMostTwoShort.TargetClass (2.3s)
✔ [2959/3061] Built Mathlib.CategoryTheory.Comma.Over.Pullback (5.4s)
✔ [2960/3061] Built RNA.HelixPartition (3.2s)
✔ [2961/3061] Built RNA.StructureOperations (2.9s)
✔ [2962/3061] Built Mathlib.CategoryTheory.Limits.Shapes.Images (5.1s)
✔ [2963/3061] Built Mathlib.CategoryTheory.Filtered.Basic (2.9s)
✔ [2964/3061] Built Mathlib.CategoryTheory.Limits.Opposites (3.3s)
✔ [2965/3061] Built Mathlib.CategoryTheory.Filtered.Connected (916ms)
✔ [2966/3061] Built RNA.AtomicDesign (1.5s)
✔ [2967/3061] Built Mathlib.CategoryTheory.Limits.Shapes.ZeroMorphisms (1.9s)
✔ [2968/3061] Built Mathlib.CategoryTheory.Limits.Shapes.Opposites.Pullbacks (2.1s)
✔ [2969/3061] Built Mathlib.CategoryTheory.Limits.Preserves.Shapes.Zero (1.1s)
✔ [2970/3061] Built Mathlib.FieldTheory.SeparableClosure (7.2s)
✔ [2971/3061] Built Mathlib.CategoryTheory.Limits.Shapes.Pullback.IsPullback.Defs (1.5s)
✔ [2972/3061] Built Mathlib.CategoryTheory.Limits.Shapes.Opposites.Equalizers (1.9s)
✔ [2973/3061] Built Mathlib.CategoryTheory.Limits.Shapes.RegularMono (1.7s)
✔ [2974/3061] Built Mathlib.CategoryTheory.Limits.Shapes.Kernels (3.4s)
✔ [2975/3061] Built Mathlib.FieldTheory.Galois.Basic (3.2s)
✔ [2976/3061] Built Mathlib.CategoryTheory.ConcreteCategory.Elementwise (1.1s)
✔ [2977/3061] Built Mathlib.CategoryTheory.Preadditive.Basic (2.6s)
✔ [2978/3061] Built Mathlib.FieldTheory.IsSepClosed (2.4s)
✔ [2979/3061] Built Mathlib.FieldTheory.KrullTopology (2.4s)
✔ [2980/3061] Built Mathlib.FieldTheory.Galois.GaloisClosure (2.6s)
✔ [2981/3061] Built Mathlib.CategoryTheory.Limits.Types.Colimits (1.0s)
✔ [2982/3061] Built Mathlib.RingTheory.Norm.Transitivity (2.0s)
✔ [2983/3061] Built Mathlib.CategoryTheory.Limits.Types.Limits (2.1s)
✔ [2984/3061] Built Mathlib.Algebra.Category.Grp.Preadditive (1.6s)
✔ [2985/3061] Built Mathlib.CategoryTheory.Limits.Types.Images (1.6s)
✔ [2986/3061] Built Mathlib.CategoryTheory.Limits.Preserves.Ulift (1.7s)
✔ [2987/3061] Built Mathlib.CategoryTheory.Limits.Types.Filtered (2.1s)
✔ [2988/3061] Built Mathlib.CategoryTheory.Limits.Types.Products (2.3s)
✔ [2989/3061] Built Mathlib.Algebra.Category.Grp.ForgetCorepresentable (1.6s)
✔ [2990/3061] Built Mathlib.FieldTheory.Finite.GaloisField (2.9s)
✔ [2991/3061] Built Mathlib.FieldTheory.Galois.Infinite (3.3s)
✔ [2992/3061] Built Mathlib.CategoryTheory.Limits.Types.Yoneda (3.0s)
✔ [2993/3061] Built Mathlib.FieldTheory.PurelyInseparable.Basic (3.9s)
✔ [2994/3061] Built Mathlib.Algebra.Category.MonCat.Limits (3.7s)
✔ [2995/3061] Built Mathlib.FieldTheory.Galois.Abelian (1.2s)
✔ [2996/3061] Built Mathlib.CategoryTheory.Limits.Yoneda (1.1s)
✔ [2997/3061] Built Mathlib.CategoryTheory.Limits.ConcreteCategory.Basic (1.1s)
✔ [2998/3061] Built Mathlib.CategoryTheory.Limits.Preserves.Shapes.Pullbacks (1.7s)
✔ [2999/3061] Built Mathlib.RingTheory.Trace.Basic (2.5s)
✔ [3000/3061] Built Mathlib.CategoryTheory.Limits.Constructions.BinaryProducts (1.2s)
✔ [3001/3061] Built Mathlib.FieldTheory.Finite.Trace (1.3s)
✔ [3002/3061] Built Mathlib.RingTheory.DedekindDomain.IntegralClosure (1.8s)
✔ [3003/3061] Built Mathlib.CategoryTheory.Limits.Final (3.7s)
✔ [3004/3061] Built Mathlib.Algebra.Category.Grp.Limits (3.2s)
✔ [3005/3061] Built Mathlib.CategoryTheory.Limits.Shapes.Pullback.IsPullback.Basic (1.6s)
✔ [3006/3061] Built Mathlib.CategoryTheory.Limits.Shapes.KernelPair (983ms)
✔ [3007/3061] Built Mathlib.NumberTheory.NumberField.Basic (2.0s)
✔ [3008/3061] Built Mathlib.CategoryTheory.Limits.Shapes.Diagonal (6.5s)
✔ [3009/3061] Built Mathlib.Algebra.Category.Ring.Limits (8.2s)
✔ [3010/3061] Built Mathlib.Topology.Algebra.Valued.WithVal (7.1s)
✔ [3011/3061] Built Mathlib.CategoryTheory.MorphismProperty.Limits (1.9s)
✔ [3012/3061] Built Mathlib.Algebra.Category.Ring.Constructions (2.7s)
✔ [3013/3061] Built Mathlib.RingTheory.RingHomProperties (1.1s)
✔ [3014/3061] Built Mathlib.RingTheory.LocalProperties.Basic (1.4s)
✔ [3015/3061] Built Mathlib.RingTheory.LocalProperties.IntegrallyClosed (1.1s)
✔ [3016/3061] Built Mathlib.RingTheory.DedekindDomain.Dvr (1.2s)
✔ [3017/3061] Built Mathlib.RingTheory.DedekindDomain.AdicValuation (5.4s)
✔ [3018/3061] Built Mathlib.FieldTheory.RatFunc.AsPolynomial (1.5s)
✔ [3019/3061] Built Mathlib.RingTheory.Polynomial.Cyclotomic.Basic (1.7s)
✔ [3020/3061] Built Mathlib.RingTheory.Polynomial.Cyclotomic.Roots (1.3s)
✔ [3021/3061] Built Mathlib.RingTheory.Polynomial.Cyclotomic.Expand (1.4s)
✔ [3022/3061] Built Mathlib.RingTheory.Polynomial.Cyclotomic.Eval (1.0s)
✔ [3023/3061] Built Mathlib.NumberTheory.Cyclotomic.Basic (3.6s)
✔ [3024/3061] Built Mathlib.NumberTheory.Cyclotomic.PrimitiveRoots (1.9s)
✔ [3025/3061] Built Mathlib.NumberTheory.LegendreSymbol.AddCharacter (1.3s)
✔ [3026/3061] Built Mathlib.NumberTheory.GaussSum (1.5s)
✔ [3027/3061] Built Mathlib.NumberTheory.LegendreSymbol.QuadraticChar.GaussSum (1.1s)
✔ [3028/3061] Built Mathlib.NumberTheory.LegendreSymbol.QuadraticReciprocity (1.2s)
✔ [3029/3061] Built Mathlib.NumberTheory.LegendreSymbol.JacobiSymbol (1.5s)
✔ [3030/3061] Built Mathlib.Tactic.NormNum.LegendreSymbol (1.4s)
✔ [3031/3061] Built Mathlib.Tactic (1.2s)
✔ [3032/3061] Built RNA.Color (1.2s)
✔ [3033/3061] Built RNA.Coloring (1.5s)
✔ [3034/3061] Built RNA.HelixTransfer (2.1s)
⚠ [3035/3061] Built RNA.SequenceAssignment (1.5s)
warning: RNA/SequenceAssignment.lean:33:0: `card_filter_eq_count_map` does not use the following hypothesis in its type:
  • [DecidableEq α] (#3)

Consider removing this hypothesis and using `classical` in the proof instead. For terms, consider using `open scoped Classical in` at the term level (not the command level).

Note: This linter can be disabled with `set_option linter.unusedDecidableInType false`
warning: RNA/SequenceAssignment.lean:171:41: Used `tac1 <;> tac2` where `(tac1; tac2)` would suffice

Note: This linter can be disabled with `set_option linter.unnecessarySeqFocus false`
warning: RNA/SequenceAssignment.lean:203:12: Variable name `hp` is not explicitly referenced.

Hint: The binding can be removed (if unused) or named `_` (if used implicitly). Alternatively, prefix the name with `_` to silence this warning:
  [apply] _hp

Note: This linter can be disabled with `set_option linter.unusedVariables false`
✔ [3036/3061] Built RNA.Endpoint (1.5s)
✔ [3037/3061] Built RNA.HelixTransferBridge (1.4s)
✔ [3038/3061] Built RNA.LocalAllocations (1.0s)
✔ [3039/3061] Built RNA.HelixSubtree (1.8s)
✔ [3040/3061] Built RNA.Milestone3Local (2.0s)
✔ [3041/3061] Built RNA.SubtreeColoring (1.4s)
✔ [3042/3061] Built RNA.AtMostTwoShort.ShortCount (1.9s)
✔ [3043/3061] Built RNA.SubtreeConstruction (1.4s)
✔ [3044/3061] Built RNA.AtMostTwoShort.Interface (1.7s)
✔ [3045/3061] Built RNA.GlobalColoring (1.2s)
✔ [3046/3061] Built RNA.AtMostTwoShort.Transfers (1.6s)
⚠ [3047/3061] Built RNA.SequenceCertificate (1.4s)
warning: RNA/SequenceCertificate.lean:54:2: Try `simp at hvMem` instead of `simpa using hvMem`

Note: This linter can be disabled with `set_option linter.unnecessarySimpa false`
warning: RNA/SequenceCertificate.lean:122:24: try 'simp' instead of 'simpa'

Note: This linter can be disabled with `set_option linter.unnecessarySimpa false`
warning: RNA/SequenceCertificate.lean:130:24: try 'simp' instead of 'simpa'

Note: This linter can be disabled with `set_option linter.unnecessarySimpa false`
✔ [3048/3061] Built RNA.PrefixBalance (2.1s)
⚠ [3049/3061] Built RNA.PairingInventory (2.4s)
warning: RNA/PairingInventory.lean:892:6: Try `simp at hcomp` instead of `simpa using hcomp`

Note: This linter can be disabled with `set_option linter.unnecessarySimpa false`
warning: RNA/PairingInventory.lean:897:6: Try `simp at hcomp` instead of `simpa using hcomp`

Note: This linter can be disabled with `set_option linter.unnecessarySimpa false`
✔ [3050/3061] Built RNA.SaturatedUniqueness (2.6s)
✔ [3051/3061] Built RNA.LevelImbalance (1.2s)
✔ [3052/3061] Built RNA.AtMostTwoShort.ResourceAllocations (5.9s)
✔ [3053/3061] Built RNA.GlobalSequence (1.1s)
✔ [3054/3061] Built RNA.AtMostTwoShort.ResourceCertificate (1.5s)
✔ [3055/3061] Built RNA.TiedCompetitor (1.2s)
⚠ [3056/3061] Built RNA.PairedRestriction (1.4s)
warning: RNA/PairedRestriction.lean:214:6: try 'simp' instead of 'simpa'

Note: This linter can be disabled with `set_option linter.unnecessarySimpa false`
warning: RNA/PairedRestriction.lean:221:4: try 'simp' instead of 'simpa'

Note: This linter can be disabled with `set_option linter.unnecessarySimpa false`
warning: RNA/PairedRestriction.lean:521:4: try 'simp' instead of 'simpa'

Note: This linter can be disabled with `set_option linter.unnecessarySimpa false`
✔ [3057/3061] Built RNA.NoTie (1.1s)
✔ [3058/3061] Built RNA.AtMostTwoShort.ResourceRoot (6.9s)
✔ [3059/3061] Built RNA.AtMostTwoShort.SubtreeConstruction (7.8s)
✔ [3060/3061] Built RNA.AtMostTwoShort.GlobalColoring (1.4s)
✔ [3061/3061] Built RNA.AtMostTwoShort.Designability (1.1s)
Build completed successfully (3061 jobs).
real 823.27
user 5235.51
sys 1286.53
EXIT_CODE lake build RNA.AtMostTwoShort.Designability 0
COMMAND lake build RNA.AtMostTwoShort.PublicationExamples
ℹ [755/876] Replayed RNA.Statement
info: RNA/Statement.lean:26:0: RNA.OneShortHelixDesignabilityStatement : Prop
⚠ [3035/3056] Replayed RNA.SequenceAssignment
warning: RNA/SequenceAssignment.lean:33:0: `card_filter_eq_count_map` does not use the following hypothesis in its type:
  • [DecidableEq α] (#3)

Consider removing this hypothesis and using `classical` in the proof instead. For terms, consider using `open scoped Classical in` at the term level (not the command level).

Note: This linter can be disabled with `set_option linter.unusedDecidableInType false`
warning: RNA/SequenceAssignment.lean:171:41: Used `tac1 <;> tac2` where `(tac1; tac2)` would suffice

Note: This linter can be disabled with `set_option linter.unnecessarySeqFocus false`
warning: RNA/SequenceAssignment.lean:203:12: Variable name `hp` is not explicitly referenced.

Hint: The binding can be removed (if unused) or named `_` (if used implicitly). Alternatively, prefix the name with `_` to silence this warning:
  [apply] _hp

Note: This linter can be disabled with `set_option linter.unusedVariables false`
⚠ [3037/3056] Replayed RNA.SequenceCertificate
warning: RNA/SequenceCertificate.lean:54:2: Try `simp at hvMem` instead of `simpa using hvMem`

Note: This linter can be disabled with `set_option linter.unnecessarySimpa false`
warning: RNA/SequenceCertificate.lean:122:24: try 'simp' instead of 'simpa'

Note: This linter can be disabled with `set_option linter.unnecessarySimpa false`
warning: RNA/SequenceCertificate.lean:130:24: try 'simp' instead of 'simpa'

Note: This linter can be disabled with `set_option linter.unnecessarySimpa false`
⚠ [3038/3056] Replayed RNA.PairingInventory
warning: RNA/PairingInventory.lean:892:6: Try `simp at hcomp` instead of `simpa using hcomp`

Note: This linter can be disabled with `set_option linter.unnecessarySimpa false`
warning: RNA/PairingInventory.lean:897:6: Try `simp at hcomp` instead of `simpa using hcomp`

Note: This linter can be disabled with `set_option linter.unnecessarySimpa false`
⚠ [3044/3056] Replayed RNA.Word
warning: RNA/Word.lean:133:2: try 'simp' instead of 'simpa'

Note: This linter can be disabled with `set_option linter.unnecessarySimpa false`
⚠ [3046/3056] Replayed RNA.Saturable
warning: RNA/Saturable.lean:140:58: This simp argument is unused:
  List.map_nil

Hint: Omit it from the simp argument list.
  [apply] simp only [encodedWord, List.map_append, List.map_cons, nucleotideSignedGenerator_comp]

Note: This linter can be disabled with `set_option linter.unusedSimpArgs false`
warning: RNA/Saturable.lean:215:8: `if_pos` has been deprecated: Use `ite_eq_left` instead
warning: RNA/Saturable.lean:227:8: `if_neg` has been deprecated: Use `ite_eq_right` instead
warning: RNA/Saturable.lean:252:19: `dif_neg` has been deprecated: Use `dite_eq_right` instead
warning: RNA/Saturable.lean:254:19: `dif_neg` has been deprecated: Use `dite_eq_right` instead
warning: RNA/Saturable.lean:377:8: `if_neg` has been deprecated: Use `ite_eq_right` instead
warning: RNA/Saturable.lean:370:53: This simp argument is unused:
  List.length_nil

Hint: Omit it from the simp argument list.
  [apply] simp only [List.length_append, List.length_cons] at hpBound

Note: This linter can be disabled with `set_option linter.unusedSimpArgs false`
warning: RNA/Saturable.lean:485:55: Used `tac1 <;> tac2` where `(tac1; tac2)` would suffice

Note: This linter can be disabled with `set_option linter.unnecessarySeqFocus false`
warning: RNA/Saturable.lean:647:53: This simp argument is unused:
  List.length_nil

Hint: Omit it from the simp argument list.
  [apply] simp only [List.length_append, List.length_cons]

Note: This linter can be disabled with `set_option linter.unusedSimpArgs false`
warning: RNA/Saturable.lean:703:2: Try this: 
  letI̵

The goal is a proposition, so `let` is preferred over `letI`.
The difference between `let` and `letI` is that `letI` inlines the value.
But this is not relevant for proofs because of proof irrelevance.

Note: This linter can be disabled with `set_option linter.style.haveILetI false`
⚠ [3047/3056] Replayed RNA.PairedRestriction
warning: RNA/PairedRestriction.lean:214:6: try 'simp' instead of 'simpa'

Note: This linter can be disabled with `set_option linter.unnecessarySimpa false`
warning: RNA/PairedRestriction.lean:221:4: try 'simp' instead of 'simpa'

Note: This linter can be disabled with `set_option linter.unnecessarySimpa false`
warning: RNA/PairedRestriction.lean:521:4: try 'simp' instead of 'simpa'

Note: This linter can be disabled with `set_option linter.unnecessarySimpa false`
ℹ [3054/3056] Built RNA.Examples (1.0s)
info: RNA/Examples.lean:136:0: RNA.energy_lt_iff_pairCount_gt {n : ℕ} (w : Sequence n) (S T : SecondaryStructure n) :
  energy w S < energy w T ↔ pairCount T < pairCount S
info: RNA/Examples.lean:137:0: RNA.uniqueDesigns_iff_maximum_and_unique_count {n : ℕ} (w : Sequence n) (T : SecondaryStructure n) :
  UniqueDesigns w T ↔ StructureCompatible w T ∧ IsMaximumCompatible w T ∧ IsUniqueMaximumPairCount w T
info: RNA/Examples.lean:138:0: RNA.uniqueDesigns_iff_uniqueMinimumEnergy {n : ℕ} (w : Sequence n) (T : SecondaryStructure n) :
  UniqueDesigns w T ↔ UniqueMinimumEnergy w T
info: RNA/Examples.lean:139:0: RNA.uniqueMinimumEnergy_iff_maximum_and_unique_count {n : ℕ} (w : Sequence n) (T : SecondaryStructure n) :
  UniqueMinimumEnergy w T ↔ StructureCompatible w T ∧ IsMaximumCompatible w T ∧ IsUniqueMaximumPairCount w T
✔ [3055/3056] Built RNA.AtMostTwoShort.Examples (37s)
✔ [3056/3056] Built RNA.AtMostTwoShort.PublicationExamples (5.1s)
Build completed successfully (3056 jobs).
real 45.24
user 98.36
sys 12.35
EXIT_CODE lake build RNA.AtMostTwoShort.PublicationExamples 0
COMMAND lake build RNA.AtMostTwoShort.PublicationExamplesAxiomAudit
ℹ [755/1012] Replayed RNA.Statement
info: RNA/Statement.lean:26:0: RNA.OneShortHelixDesignabilityStatement : Prop
ℹ [757/1012] Replayed RNA.Examples
info: RNA/Examples.lean:136:0: RNA.energy_lt_iff_pairCount_gt {n : ℕ} (w : Sequence n) (S T : SecondaryStructure n) :
  energy w S < energy w T ↔ pairCount T < pairCount S
info: RNA/Examples.lean:137:0: RNA.uniqueDesigns_iff_maximum_and_unique_count {n : ℕ} (w : Sequence n) (T : SecondaryStructure n) :
  UniqueDesigns w T ↔ StructureCompatible w T ∧ IsMaximumCompatible w T ∧ IsUniqueMaximumPairCount w T
info: RNA/Examples.lean:138:0: RNA.uniqueDesigns_iff_uniqueMinimumEnergy {n : ℕ} (w : Sequence n) (T : SecondaryStructure n) :
  UniqueDesigns w T ↔ UniqueMinimumEnergy w T
info: RNA/Examples.lean:139:0: RNA.uniqueMinimumEnergy_iff_maximum_and_unique_count {n : ℕ} (w : Sequence n) (T : SecondaryStructure n) :
  UniqueMinimumEnergy w T ↔ StructureCompatible w T ∧ IsMaximumCompatible w T ∧ IsUniqueMaximumPairCount w T
⚠ [3036/3057] Replayed RNA.SequenceAssignment
warning: RNA/SequenceAssignment.lean:33:0: `card_filter_eq_count_map` does not use the following hypothesis in its type:
  • [DecidableEq α] (#3)

Consider removing this hypothesis and using `classical` in the proof instead. For terms, consider using `open scoped Classical in` at the term level (not the command level).

Note: This linter can be disabled with `set_option linter.unusedDecidableInType false`
warning: RNA/SequenceAssignment.lean:171:41: Used `tac1 <;> tac2` where `(tac1; tac2)` would suffice

Note: This linter can be disabled with `set_option linter.unnecessarySeqFocus false`
warning: RNA/SequenceAssignment.lean:203:12: Variable name `hp` is not explicitly referenced.

Hint: The binding can be removed (if unused) or named `_` (if used implicitly). Alternatively, prefix the name with `_` to silence this warning:
  [apply] _hp

Note: This linter can be disabled with `set_option linter.unusedVariables false`
⚠ [3038/3057] Replayed RNA.SequenceCertificate
warning: RNA/SequenceCertificate.lean:54:2: Try `simp at hvMem` instead of `simpa using hvMem`

Note: This linter can be disabled with `set_option linter.unnecessarySimpa false`
warning: RNA/SequenceCertificate.lean:122:24: try 'simp' instead of 'simpa'

Note: This linter can be disabled with `set_option linter.unnecessarySimpa false`
warning: RNA/SequenceCertificate.lean:130:24: try 'simp' instead of 'simpa'

Note: This linter can be disabled with `set_option linter.unnecessarySimpa false`
⚠ [3039/3057] Replayed RNA.PairingInventory
warning: RNA/PairingInventory.lean:892:6: Try `simp at hcomp` instead of `simpa using hcomp`

Note: This linter can be disabled with `set_option linter.unnecessarySimpa false`
warning: RNA/PairingInventory.lean:897:6: Try `simp at hcomp` instead of `simpa using hcomp`

Note: This linter can be disabled with `set_option linter.unnecessarySimpa false`
⚠ [3045/3057] Replayed RNA.Word
warning: RNA/Word.lean:133:2: try 'simp' instead of 'simpa'

Note: This linter can be disabled with `set_option linter.unnecessarySimpa false`
⚠ [3047/3057] Replayed RNA.Saturable
warning: RNA/Saturable.lean:140:58: This simp argument is unused:
  List.map_nil

Hint: Omit it from the simp argument list.
  [apply] simp only [encodedWord, List.map_append, List.map_cons, nucleotideSignedGenerator_comp]

Note: This linter can be disabled with `set_option linter.unusedSimpArgs false`
warning: RNA/Saturable.lean:215:8: `if_pos` has been deprecated: Use `ite_eq_left` instead
warning: RNA/Saturable.lean:227:8: `if_neg` has been deprecated: Use `ite_eq_right` instead
warning: RNA/Saturable.lean:252:19: `dif_neg` has been deprecated: Use `dite_eq_right` instead
warning: RNA/Saturable.lean:254:19: `dif_neg` has been deprecated: Use `dite_eq_right` instead
warning: RNA/Saturable.lean:377:8: `if_neg` has been deprecated: Use `ite_eq_right` instead
warning: RNA/Saturable.lean:370:53: This simp argument is unused:
  List.length_nil

Hint: Omit it from the simp argument list.
  [apply] simp only [List.length_append, List.length_cons] at hpBound

Note: This linter can be disabled with `set_option linter.unusedSimpArgs false`
warning: RNA/Saturable.lean:485:55: Used `tac1 <;> tac2` where `(tac1; tac2)` would suffice

Note: This linter can be disabled with `set_option linter.unnecessarySeqFocus false`
warning: RNA/Saturable.lean:647:53: This simp argument is unused:
  List.length_nil

Hint: Omit it from the simp argument list.
  [apply] simp only [List.length_append, List.length_cons]

Note: This linter can be disabled with `set_option linter.unusedSimpArgs false`
warning: RNA/Saturable.lean:703:2: Try this: 
  letI̵

The goal is a proposition, so `let` is preferred over `letI`.
The difference between `let` and `letI` is that `letI` inlines the value.
But this is not relevant for proofs because of proof irrelevance.

Note: This linter can be disabled with `set_option linter.style.haveILetI false`
⚠ [3048/3057] Replayed RNA.PairedRestriction
warning: RNA/PairedRestriction.lean:214:6: try 'simp' instead of 'simpa'

Note: This linter can be disabled with `set_option linter.unnecessarySimpa false`
warning: RNA/PairedRestriction.lean:221:4: try 'simp' instead of 'simpa'

Note: This linter can be disabled with `set_option linter.unnecessarySimpa false`
warning: RNA/PairedRestriction.lean:521:4: try 'simp' instead of 'simpa'

Note: This linter can be disabled with `set_option linter.unnecessarySimpa false`
ℹ [3057/3057] Built RNA.AtMostTwoShort.PublicationExamplesAxiomAudit (1.0s)
info: RNA/AtMostTwoShort/PublicationExamplesAxiomAudit.lean:21:0: RNA.PublicationExamples.t1Target_inTargetClassKLeTwo : InTargetClassKLeTwo t1Target
info: RNA/AtMostTwoShort/PublicationExamplesAxiomAudit.lean:22:0: 'RNA.PublicationExamples.t1Target_inTargetClassKLeTwo' depends on axioms: [propext, Classical.choice, Quot.sound]
info: RNA/AtMostTwoShort/PublicationExamplesAxiomAudit.lean:24:0: RNA.PublicationExamples.t1Target_pairCount : pairCount t1Target = 7
info: RNA/AtMostTwoShort/PublicationExamplesAxiomAudit.lean:25:0: 'RNA.PublicationExamples.t1Target_pairCount' depends on axioms: [propext, Classical.choice, Quot.sound]
info: RNA/AtMostTwoShort/PublicationExamplesAxiomAudit.lean:27:0: RNA.PublicationExamples.t1Coloring_proper : ProperColoring t1Coloring
info: RNA/AtMostTwoShort/PublicationExamplesAxiomAudit.lean:28:0: 'RNA.PublicationExamples.t1Coloring_proper' depends on axioms: [propext, Classical.choice, Quot.sound]
info: RNA/AtMostTwoShort/PublicationExamplesAxiomAudit.lean:30:0: RNA.PublicationExamples.t1Coloring_strongTwoSeparated : StrongTwoSeparated t1Coloring
info: RNA/AtMostTwoShort/PublicationExamplesAxiomAudit.lean:31:0: 'RNA.PublicationExamples.t1Coloring_strongTwoSeparated' depends on axioms: [propext, Classical.choice, Quot.sound]
info: RNA/AtMostTwoShort/PublicationExamplesAxiomAudit.lean:33:0: RNA.PublicationExamples.t1AssignedSequence_eq_w1 : t1AssignedSequence = w1
info: RNA/AtMostTwoShort/PublicationExamplesAxiomAudit.lean:34:0: 'RNA.PublicationExamples.t1AssignedSequence_eq_w1' depends on axioms: [propext, Classical.choice, Quot.sound]
info: RNA/AtMostTwoShort/PublicationExamplesAxiomAudit.lean:36:0: RNA.PublicationExamples.w1_uniqueDesigns_t1Target : UniqueDesigns w1 t1Target
info: RNA/AtMostTwoShort/PublicationExamplesAxiomAudit.lean:37:0: theorem RNA.PublicationExamples.w1_uniqueDesigns_t1Target : UniqueDesigns w1 t1Target :=
<not imported>
info: RNA/AtMostTwoShort/PublicationExamplesAxiomAudit.lean:38:0: 'RNA.PublicationExamples.w1_uniqueDesigns_t1Target' depends on axioms: [propext, Classical.choice, Quot.sound]
info: RNA/AtMostTwoShort/PublicationExamplesAxiomAudit.lean:40:0: RNA.PublicationExamples.t2Target_inTargetClassKLeTwo : InTargetClassKLeTwo t2Target
info: RNA/AtMostTwoShort/PublicationExamplesAxiomAudit.lean:41:0: 'RNA.PublicationExamples.t2Target_inTargetClassKLeTwo' depends on axioms: [propext, Classical.choice, Quot.sound]
info: RNA/AtMostTwoShort/PublicationExamplesAxiomAudit.lean:43:0: RNA.PublicationExamples.t2Target_pairCount : pairCount t2Target = 13
info: RNA/AtMostTwoShort/PublicationExamplesAxiomAudit.lean:44:0: 'RNA.PublicationExamples.t2Target_pairCount' depends on axioms: [propext, Classical.choice, Quot.sound]
info: RNA/AtMostTwoShort/PublicationExamplesAxiomAudit.lean:46:0: RNA.PublicationExamples.t2Coloring_proper : ProperColoring t2Coloring
info: RNA/AtMostTwoShort/PublicationExamplesAxiomAudit.lean:47:0: 'RNA.PublicationExamples.t2Coloring_proper' depends on axioms: [propext, Classical.choice, Quot.sound]
info: RNA/AtMostTwoShort/PublicationExamplesAxiomAudit.lean:49:0: RNA.PublicationExamples.t2Coloring_strongTwoSeparated : StrongTwoSeparated t2Coloring
info: RNA/AtMostTwoShort/PublicationExamplesAxiomAudit.lean:50:0: 'RNA.PublicationExamples.t2Coloring_strongTwoSeparated' depends on axioms: [propext, Classical.choice, Quot.sound]
info: RNA/AtMostTwoShort/PublicationExamplesAxiomAudit.lean:52:0: RNA.PublicationExamples.t2Coloring_strongTwoSeparatedWith_zero : StrongTwoSeparatedWith t2Coloring 0
info: RNA/AtMostTwoShort/PublicationExamplesAxiomAudit.lean:53:0: 'RNA.PublicationExamples.t2Coloring_strongTwoSeparatedWith_zero' depends on axioms: [propext,
 Classical.choice,
 Quot.sound]
info: RNA/AtMostTwoShort/PublicationExamplesAxiomAudit.lean:55:0: RNA.PublicationExamples.t2AssignedSequence_eq_w2 : t2AssignedSequence = w2
info: RNA/AtMostTwoShort/PublicationExamplesAxiomAudit.lean:56:0: 'RNA.PublicationExamples.t2AssignedSequence_eq_w2' depends on axioms: [propext, Classical.choice, Quot.sound]
info: RNA/AtMostTwoShort/PublicationExamplesAxiomAudit.lean:58:0: RNA.PublicationExamples.w2_uniqueDesigns_t2Target : UniqueDesigns w2 t2Target
info: RNA/AtMostTwoShort/PublicationExamplesAxiomAudit.lean:59:0: theorem RNA.PublicationExamples.w2_uniqueDesigns_t2Target : UniqueDesigns w2 t2Target :=
<not imported>
info: RNA/AtMostTwoShort/PublicationExamplesAxiomAudit.lean:60:0: 'RNA.PublicationExamples.w2_uniqueDesigns_t2Target' depends on axioms: [propext, Classical.choice, Quot.sound]
info: RNA/AtMostTwoShort/PublicationExamplesAxiomAudit.lean:64:0: RNA.PublicationExamples.threeShortTarget_shortHelixCount : shortHelixCount threeShortTarget = 3
info: RNA/AtMostTwoShort/PublicationExamplesAxiomAudit.lean:65:0: 'RNA.PublicationExamples.threeShortTarget_shortHelixCount' depends on axioms: [propext, Classical.choice, Quot.sound]
info: RNA/AtMostTwoShort/PublicationExamplesAxiomAudit.lean:67:0: RNA.PublicationExamples.threeShortTarget_not_inTargetClassKLeTwo : ¬InTargetClassKLeTwo threeShortTarget
info: RNA/AtMostTwoShort/PublicationExamplesAxiomAudit.lean:68:0: 'RNA.PublicationExamples.threeShortTarget_not_inTargetClassKLeTwo' depends on axioms: [propext,
 Classical.choice,
 Quot.sound]
info: RNA/AtMostTwoShort/PublicationExamplesAxiomAudit.lean:70:0: RNA.PublicationExamples.threeShortTarget_no_proper_modTwoSeparated : ¬∃ χ, ProperColoring χ ∧ StrongTwoSeparated χ
info: RNA/AtMostTwoShort/PublicationExamplesAxiomAudit.lean:71:0: 'RNA.PublicationExamples.threeShortTarget_no_proper_modTwoSeparated' depends on axioms: [propext,
 Classical.choice,
 Quot.sound]
info: RNA/AtMostTwoShort/PublicationExamplesAxiomAudit.lean:73:0: RNA.PublicationExamples.lengthOneHelixTarget_not_inTargetClassKLeTwo : ¬InTargetClassKLeTwo lengthOneHelixTarget
info: RNA/AtMostTwoShort/PublicationExamplesAxiomAudit.lean:74:0: 'RNA.PublicationExamples.lengthOneHelixTarget_not_inTargetClassKLeTwo' depends on axioms: [propext,
 Classical.choice,
 Quot.sound]
info: RNA/AtMostTwoShort/PublicationExamplesAxiomAudit.lean:76:0: RNA.PublicationExamples.auau_not_uniqueDesigns_nested : ¬UniqueDesigns auau Examples.nestedTarget
info: RNA/AtMostTwoShort/PublicationExamplesAxiomAudit.lean:77:0: 'RNA.PublicationExamples.auau_not_uniqueDesigns_nested' depends on axioms: [propext, Classical.choice, Quot.sound]
Build completed successfully (3057 jobs).
real 2.28
user 1.39
sys 2.14
EXIT_CODE lake build RNA.AtMostTwoShort.PublicationExamplesAxiomAudit 0
STATUS_AFTER
?? RNA/AtMostTwoShort/PublicationExamples.lean
?? RNA/AtMostTwoShort/PublicationExamplesAxiomAudit.lean
?? docs/PUBLICATION_RELEASE_BUILD.log
?? docs/THEOREM_CLOSURE_IDENTITY_REPORT.md
